{"type":"FeatureCollection","features":[{"type":"Feature","geometry":{"type":"Polygon","coordinates":[[[-0.290544661310453,51.5356876042186],[-0.29318106586513,51.5349981171082],[-0.295344554343353,51.5375336607661],[-0.291572807442724,51.5387441502737],[-0.289268413562557,51.5396678620024],[-0.290544661310453,51.5356876042186]]]},"properties":{"LSOA21CD":"E01000471","LSOA21NM":"Brent 026A"}},{"type":"Feature","geometry":{"type":"Polygon","coordinates":[[[-0.298112243633665,51.5399402619867],[-0.295344554343353,51.5375336607661],[-0.29318106586513,51.5349981171082],[-0.302708860929519,51.5319832906488],[-0.307441214611117,51.5330518172379],[-0.305867220716592,51.5369723589505],[-0.299382309589388,51.5403794690291],[-0.298112243633665,51.5399402619867]]]},"properties":{"LSOA21CD":"E01000472","LSOA21NM":"Brent 029A"}},{"type":"Feature","geometry":{"type":"Polygon","coordinates":[[[-0.294410769053946,51.5436739275822],[-0.291160904443393,51.542653935117],[-0.296957978664697,51.5417530201927],[-0.29428438445351,51.5385718192972],[-0.298112243633665,51.5399402619867],[-0.299382309589388,51.5403794690291],[-0.299270042295785,51.5404874050423],[-0.297424830634345,51.5463508451044],[-0.293892242679331,51.5464568578539],[-0.294410769053946,51.5436739275822]]]},"properties":{"LSOA21CD":"E01000473","LSOA21NM":"Brent 029B"}},{"type":"Feature","geometry":{"type":"Polygon","coordinates":[[[-0.286237505627698,51.5470622786806],[-0.285910215803056,51.5452523924784],[-0.287873823428022,51.5443366192426],[-0.290506541683641,51.5459705446246],[-0.294410769053946,51.5436739275822],[-0.293892242679331,51.5464568578539],[-0.297424830634345,51.5463508451044],[-0.29752414256896,51.5467081727397],[-0.295382331175731,51.5472275434725],[-0.286237505627698,51.5470622786806]]]},"properties":{"LSOA21CD":"E01000474","LSOA21NM":"Brent 026B"}},{"type":"Feature","geometry":{"type":"Polygon","coordinates":[[[-0.307782116617364,51.5470276773577],[-0.304512330475281,51.5433138821244],[-0.299270042295785,51.5404874050423],[-0.299382309589388,51.5403794690291],[-0.305867220716592,51.5369723589505],[-0.305960305530407,51.5391262033574],[-0.308552928646916,51.5432405696957],[-0.312534645725101,51.5490222089286],[-0.307782116617364,51.5470276773577]]]},"properties":{"LSOA21CD":"E01000475","LSOA21NM":"Brent 029C"}},{"type":"Feature","geometry":{"type":"Polygon","coordinates":[[[-0.287873823428022,51.5443366192426],[-0.284276177602245,51.5412766057818],[-0.289268413562557,51.5396678620024],[-0.291572807442724,51.5387441502737],[-0.291160904443393,51.542653935117],[-0.294410769053946,51.5436739275822],[-0.290506541683641,51.5459705446246],[-0.287873823428022,51.5443366192426]]]},"properties":{"LSOA21CD":"E01000476","LSOA21NM":"Brent 026C"}},{"type":"Feature","geometry":{"type":"Polygon","coordinates":[[[-0.276876971099122,51.541964767047],[-0.282539840621571,51.5386275659079],[-0.286690479842008,51.5367714286518],[-0.290544661310453,51.5356876042186],[-0.289268413562557,51.5396678620024],[-0.284276177602245,51.5412766057818],[-0.287873823428022,51.5443366192426],[-0.285910215803056,51.5452523924784],[-0.276876971099122,51.541964767047]]]},"properties":{"LSOA21CD":"E01000477","LSOA21NM":"Brent 026D"}},{"type":"Feature","geometry":{"type":"Polygon","coordinates":[[[-0.291572807442724,51.5387441502737],[-0.295344554343353,51.5375336607661],[-0.298112243633665,51.5399402619867],[-0.29428438445351,51.5385718192972],[-0.296957978664697,51.5417530201927],[-0.291160904443393,51.542653935117],[-0.291572807442724,51.5387441502737]]]},"properties":{"LSOA21CD":"E01000478","LSOA21NM":"Brent 029D"}},{"type":"Feature","geometry":{"type":"Polygon","coordinates":[[[-0.267956618085173,51.5698008571484],[-0.265395243495795,51.5657243978062],[-0.26885348042689,51.5653174908619],[-0.274307041194884,51.5680421663091],[-0.271659902060645,51.5712417274875],[-0.269165809974794,51.5737767235883],[-0.267956618085173,51.5698008571484]]]},"properties":{"LSOA21CD":"E01000479","LSOA21NM":"Brent 009A"}},{"type":"Feature","geometry":{"type":"Polygon","coordinates":[[[-0.276424122828518,51.5654472935654],[-0.284224307999184,51.5657435552355],[-0.285566343288366,51.5668556581455],[-0.286015320184369,51.5672443442152],[-0.282408590058768,51.5678938788104],[-0.285193230492428,51.569834276443],[-0.278149129597141,51.5714836974383],[-0.276424122828518,51.5654472935654]]]},"properties":{"LSOA21CD":"E01000480","LSOA21NM":"Brent 006A"}},{"type":"Feature","geometry":{"type":"Polygon","coordinates":[[[-0.271659902060645,51.5712417274875],[-0.274307041194884,51.5680421663091],[-0.26885348042689,51.5653174908619],[-0.270929219533686,51.5640991483216],[-0.276424122828518,51.5654472935654],[-0.278149129597141,51.5714836974383],[-0.274185535148154,51.5737009865484],[-0.271659902060645,51.5712417274875]]]},"properties":{"LSOA21CD":"E01000481","LSOA21NM":"Brent 009B"}},{"type":"Feature","geometry":{"type":"Polygon","coordinates":[[[-0.262007492879294,51.5641937971041],[-0.261391711544773,51.56390772933],[-0.265294671259819,51.5588756976331],[-0.271085981093031,51.5613049219329],[-0.264435631510915,51.5653227368875],[-0.262007492879294,51.5641937971041]]]},"properties":{"LSOA21CD":"E01000483","LSOA21NM":"Brent 009D"}},{"type":"Feature","geometry":{"type":"Polygon","coordinates":[[[-0.279500415260294,51.5816834582777],[-0.281318107378602,51.5787818686265],[-0.289325971913918,51.575449473778],[-0.283810698217239,51.5792395483664],[-0.287180145494427,51.5797606500641],[-0.283232274692065,51.5837814403215],[-0.279500415260294,51.5816834582777]]]},"properties":{"LSOA21CD":"E01000484","LSOA21NM":"Brent 006B"}},{"type":"Feature","geometry":{"type":"Polygon","coordinates":[[[-0.287180145494427,51.5797606500641],[-0.283810698217239,51.5792395483664],[-0.289325971913918,51.575449473778],[-0.289972507608019,51.5754730016261],[-0.294440525230752,51.5764199551206],[-0.290267439076687,51.5799497010906],[-0.287180145494427,51.5797606500641]]]},"properties":{"LSOA21CD":"E01000485","LSOA21NM":"Brent 006C"}},{"type":"Feature","geometry":{"type":"Polygon","coordinates":[[[-0.274185535148154,51.5737009865484],[-0.278149129597141,51.5714836974383],[-0.285193230492428,51.569834276443],[-0.288138028838408,51.5714303158496],[-0.283908931849279,51.572283484851],[-0.293729097352041,51.5729096389131],[-0.289972507608019,51.5754730016261],[-0.289325971913918,51.575449473778],[-0.281318107378602,51.5787818686265],[-0.277707231771501,51.5796560240451],[-0.274185535148154,51.5737009865484]]]},"properties":{"LSOA21CD":"E01000486","LSOA21NM":"Brent 006D"}},{"type":"Feature","geometry":{"type":"Polygon","coordinates":[[[-0.289972507608019,51.5754730016261],[-0.293729097352041,51.5729096389131],[-0.283908931849279,51.572283484851],[-0.288138028838408,51.5714303158496],[-0.285193230492428,51.569834276443],[-0.282408590058768,51.5678938788104],[-0.286015320184369,51.5672443442152],[-0.289662133135046,51.5698949915164],[-0.295993115037499,51.5724237013165],[-0.298672322942889,51.573183486429],[-0.294440525230752,51.5764199551206],[-0.289972507608019,51.5754730016261]]]},"properties":{"LSOA21CD":"E01000487","LSOA21NM":"Brent 006E"}},{"type":"Feature","geometry":{"type":"Polygon","coordinates":[[[-0.226153672987307,51.5465035718242],[-0.230403528000278,51.545135551893],[-0.22758588916074,51.5418566288124],[-0.227911099537269,51.5413431819953],[-0.232496061129753,51.5439395128183],[-0.228614743024384,51.5468607086338],[-0.226153672987307,51.5465035718242]]]},"properties":{"LSOA21CD":"E01000488","LSOA21NM":"Brent 022A"}},{"type":"Feature","geometry":{"type":"Polygon","coordinates":[[[-0.221507501582001,51.5458217602972],[-0.217137136591924,51.5384568653276],[-0.219383745661834,51.5390445973492],[-0.2231573908958,51.5429336404613],[-0.22758588916074,51.5418566288124],[-0.230403528000278,51.545135551893],[-0.226153672987307,51.5465035718242],[-0.222141497893255,51.5465298855557],[-0.221507501582001,51.5458217602972]]]},"properties":{"LSOA21CD":"E01000489","LSOA21NM":"Brent 030A"}},{"type":"Feature","geometry":{"type":"Polygon","coordinates":[[[-0.201923195302055,51.5453032677509],[-0.206078607570588,51.5435588168546],[-0.207683145757931,51.5426265316423],[-0.209322562454141,51.5414451919165],[-0.209803217966279,51.5439232612008],[-0.20306515679375,51.5463734014023],[-0.201923195302055,51.5453032677509]]]},"properties":{"LSOA21CD":"E01000490","LSOA21NM":"Brent 023A"}},{"type":"Feature","geometry":{"type":"Polygon","coordinates":[[[-0.213077272949296,51.5442612944953],[-0.209803217966279,51.5439232612008],[-0.209322562454141,51.5414451919165],[-0.211988058212653,51.5391954678228],[-0.214989456768401,51.5370870488684],[-0.217137136591924,51.5384568653276],[-0.221507501582001,51.5458217602972],[-0.213077272949296,51.5442612944953]]]},"properties":{"LSOA21CD":"E01000491","LSOA21NM":"Brent 030B"}},{"type":"Feature","geometry":{"type":"Polygon","coordinates":[[[-0.219383745661834,51.5390445973492],[-0.221873755296187,51.537896643862],[-0.225840286973551,51.5416794670056],[-0.228574127834817,51.5396022941029],[-0.227911099537269,51.5413431819953],[-0.22758588916074,51.5418566288124],[-0.2231573908958,51.5429336404613],[-0.219383745661834,51.5390445973492]]]},"properties":{"LSOA21CD":"E01000492","LSOA21NM":"Brent 030C"}},{"type":"Feature","geometry":{"type":"Polygon","coordinates":[[[-0.221873755296187,51.537896643862],[-0.222208847632742,51.5369276001075],[-0.226837008132229,51.5365454001779],[-0.23053946489411,51.5372122355583],[-0.228574127834817,51.5396022941029],[-0.225840286973551,51.5416794670056],[-0.221873755296187,51.537896643862]]]},"properties":{"LSOA21CD":"E01000493","LSOA21NM":"Brent 030D"}},{"type":"Feature","geometry":{"type":"Polygon","coordinates":[[[-0.211918663313136,51.5477097939129],[-0.213077272949296,51.5442612944953],[-0.221507501582001,51.5458217602972],[-0.222141497893255,51.5465298855557],[-0.218362322851256,51.5487443996245],[-0.211918663313136,51.5477097939129]]]},"properties":{"LSOA21CD":"E01000494","LSOA21NM":"Brent 023B"}},{"type":"Feature","geometry":{"type":"Polygon","coordinates":[[[-0.210548716959451,51.5475012993793],[-0.20356470563555,51.5468138831112],[-0.20306515679375,51.5463734014023],[-0.209803217966279,51.5439232612008],[-0.213077272949296,51.5442612944953],[-0.211918663313136,51.5477097939129],[-0.210548716959451,51.5475012993793]]]},"properties":{"LSOA21CD":"E01000495","LSOA21NM":"Brent 023C"}},{"type":"Feature","geometry":{"type":"Polygon","coordinates":[[[-0.222152130027669,51.5631242211845],[-0.220625997689588,51.5616634277279],[-0.224505247811525,51.5606233787791],[-0.231580586705505,51.5628784936464],[-0.230754878447276,51.5663805649228],[-0.229371601749137,51.5685464400268],[-0.222152130027669,51.5631242211845]]]},"properties":{"LSOA21CD":"E01000497","LSOA21NM":"Brent 011A"}},{"type":"Feature","geometry":{"type":"Polygon","coordinates":[[[-0.239375080836973,51.5646563640784],[-0.244484824903374,51.5661991715642],[-0.245266954013263,51.5671057323297],[-0.247057955185891,51.5686827909334],[-0.243476401882732,51.5723315954434],[-0.235384600620375,51.5660492223935],[-0.239375080836973,51.5646563640784]]]},"properties":{"LSOA21CD":"E01000498","LSOA21NM":"Brent 010B"}},{"type":"Feature","geometry":{"type":"Polygon","coordinates":[[[-0.232210082504999,51.5709555851532],[-0.229371601749137,51.5685464400268],[-0.230754878447276,51.5663805649228],[-0.237188265021343,51.5619180327874],[-0.238870152313731,51.5633426456293],[-0.239375080836973,51.5646563640784],[-0.235384600620375,51.5660492223935],[-0.243476401882732,51.5723315954434],[-0.232210082504999,51.5709555851532]]]},"properties":{"LSOA21CD":"E01000499","LSOA21NM":"Brent 011B"}},{"type":"Feature","geometry":{"type":"Polygon","coordinates":[[[-0.231580586705505,51.5628784936464],[-0.235619519304892,51.5604718815163],[-0.237188265021343,51.5619180327874],[-0.230754878447276,51.5663805649228],[-0.231580586705505,51.5628784936464]]]},"properties":{"LSOA21CD":"E01000501","LSOA21NM":"Brent 011C"}},{"type":"Feature","geometry":{"type":"Polygon","coordinates":[[[-0.238870152313731,51.5633426456293],[-0.237188265021343,51.5619180327874],[-0.235619519304892,51.5604718815163],[-0.240030996900113,51.5561471279766],[-0.242533505508141,51.5577066407862],[-0.246082534910099,51.5622455810368],[-0.243822575562547,51.5639747631799],[-0.238870152313731,51.5633426456293]]]},"properties":{"LSOA21CD":"E01000502","LSOA21NM":"Brent 011D"}},{"type":"Feature","geometry":{"type":"Polygon","coordinates":[[[-0.224505247811525,51.5606233787791],[-0.231404100394848,51.5575714346725],[-0.239222113441793,51.55580475935],[-0.239369374076478,51.5560190394416],[-0.240030996900113,51.5561471279766],[-0.235619519304892,51.5604718815163],[-0.231580586705505,51.5628784936464],[-0.224505247811525,51.5606233787791]]]},"properties":{"LSOA21CD":"E01000503","LSOA21NM":"Brent 011E"}},{"type":"Feature","geometry":{"type":"Polygon","coordinates":[[[-0.222961489690082,51.5529732588722],[-0.220957586176409,51.5491586320452],[-0.221994525006859,51.5493234249809],[-0.228168167803979,51.5502312491097],[-0.229894024827907,51.5545817802042],[-0.229964553046245,51.5547648910841],[-0.222961489690082,51.5529732588722]]]},"properties":{"LSOA21CD":"E01000504","LSOA21NM":"Brent 018A"}},{"type":"Feature","geometry":{"type":"Polygon","coordinates":[[[-0.228168167803979,51.5502312491097],[-0.228777079473175,51.550316827893],[-0.233249606745422,51.5510376869618],[-0.233940954649237,51.5511481195228],[-0.234058683439226,51.5543344424475],[-0.229894024827907,51.5545817802042],[-0.228168167803979,51.5502312491097]]]},"properties":{"LSOA21CD":"E01000505","LSOA21NM":"Brent 018B"}},{"type":"Feature","geometry":{"type":"Polygon","coordinates":[[[-0.242439474536938,51.5524634616963],[-0.241673483703094,51.5510218332752],[-0.244203468519254,51.5490850646126],[-0.250923014365851,51.5509577672488],[-0.252673850299644,51.5545321207797],[-0.249941683229879,51.5547194693274],[-0.245870930466002,51.5555529986384],[-0.242439474536938,51.5524634616963]]]},"properties":{"LSOA21CD":"E01000506","LSOA21NM":"Brent 014A"}},{"type":"Feature","geometry":{"type":"Polygon","coordinates":[[[-0.230916684275022,51.5554181395687],[-0.229964553046245,51.5547648910841],[-0.229894024827907,51.5545817802042],[-0.234058683439226,51.5543344424475],[-0.233940954649237,51.5511481195228],[-0.23908845876849,51.5519457533342],[-0.239222113441793,51.55580475935],[-0.231404100394848,51.5575714346725],[-0.230916684275022,51.5554181395687]]]},"properties":{"LSOA21CD":"E01000507","LSOA21NM":"Brent 018C"}},{"type":"Feature","geometry":{"type":"Polygon","coordinates":[[[-0.244203468519254,51.5490850646126],[-0.246995310046568,51.545844029024],[-0.24897662206866,51.5471262572089],[-0.252173769084226,51.5498602181761],[-0.250923014365851,51.5509577672488],[-0.244203468519254,51.5490850646126]]]},"properties":{"LSOA21CD":"E01000508","LSOA21NM":"Brent 025A"}},{"type":"Feature","geometry":{"type":"Polygon","coordinates":[[[-0.246482617701914,51.5616710739854],[-0.249375923689898,51.5596184570143],[-0.252819536380943,51.5613282383256],[-0.250866069219768,51.5645969411626],[-0.250304246154439,51.5650782377879],[-0.246482617701914,51.5616710739854]]]},"properties":{"LSOA21CD":"E01000509","LSOA21NM":"Brent 014B"}},{"type":"Feature","geometry":{"type":"Polygon","coordinates":[[[-0.242533505508141,51.5577066407862],[-0.25022489367569,51.5585865058996],[-0.253499630583946,51.5598344964256],[-0.252819536380943,51.5613282383256],[-0.249375923689898,51.5596184570143],[-0.246482617701914,51.5616710739854],[-0.246082534910099,51.5622455810368],[-0.242533505508141,51.5577066407862]]]},"properties":{"LSOA21CD":"E01000510","LSOA21NM":"Brent 014C"}},{"type":"Feature","geometry":{"type":"Polygon","coordinates":[[[-0.242533505508141,51.5577066407862],[-0.240030996900113,51.5561471279766],[-0.239369374076478,51.5560190394416],[-0.245870930466002,51.5555529986384],[-0.249941683229879,51.5547194693274],[-0.25022489367569,51.5585865058996],[-0.242533505508141,51.5577066407862]]]},"properties":{"LSOA21CD":"E01000511","LSOA21NM":"Brent 014D"}},{"type":"Feature","geometry":{"type":"Polygon","coordinates":[[[-0.239222113441793,51.55580475935],[-0.23908845876849,51.5519457533342],[-0.242439474536938,51.5524634616963],[-0.245870930466002,51.5555529986384],[-0.239369374076478,51.5560190394416],[-0.239222113441793,51.55580475935]]]},"properties":{"LSOA21CD":"E01000512","LSOA21NM":"Brent 018D"}},{"type":"Feature","geometry":{"type":"Polygon","coordinates":[[[-0.248260267425521,51.5843663957648],[-0.252098915918992,51.5829742923503],[-0.256930202767187,51.5823137655933],[-0.256125958426386,51.5855212559998],[-0.249887421330669,51.5859456740559],[-0.248260267425521,51.5843663957648]]]},"properties":{"LSOA21CD":"E01000513","LSOA21NM":"Brent 002A"}},{"type":"Feature","geometry":{"type":"Polygon","coordinates":[[[-0.256125958426386,51.5855212559998],[-0.256930202767187,51.5823137655933],[-0.260824563145089,51.5840576682319],[-0.262433414614408,51.5853456865309],[-0.259440760011863,51.5863260078445],[-0.256125958426386,51.5855212559998]]]},"properties":{"LSOA21CD":"E01000514","LSOA21NM":"Brent 002B"}},{"type":"Feature","geometry":{"type":"Polygon","coordinates":[[[-0.262433414614408,51.5853456865309],[-0.260824563145089,51.5840576682319],[-0.270947565417961,51.5814569735316],[-0.273708809521298,51.5814886745844],[-0.273888666552605,51.5859387361083],[-0.270107780489658,51.5876594978159],[-0.262433414614408,51.5853456865309]]]},"properties":{"LSOA21CD":"E01000515","LSOA21NM":"Brent 003A"}},{"type":"Feature","geometry":{"type":"Polygon","coordinates":[[[-0.252563703721274,51.5884408517975],[-0.252206883874454,51.5880886037058],[-0.250176215294955,51.5862357362609],[-0.249887421330669,51.5859456740559],[-0.256125958426386,51.5855212559998],[-0.259440760011863,51.5863260078445],[-0.259177479746525,51.5889972462503],[-0.259946948186059,51.59191919952],[-0.258061633268024,51.592621948852],[-0.252563703721274,51.5884408517975]]]},"properties":{"LSOA21CD":"E01000516","LSOA21NM":"Brent 002C"}},{"type":"Feature","geometry":{"type":"Polygon","coordinates":[[[-0.273708809521298,51.5814886745844],[-0.277707231771501,51.5796560240451],[-0.281318107378602,51.5787818686265],[-0.279500415260294,51.5816834582777],[-0.278533393212493,51.5850692563803],[-0.273888666552605,51.5859387361083],[-0.273708809521298,51.5814886745844]]]},"properties":{"LSOA21CD":"E01000517","LSOA21NM":"Brent 003B"}},{"type":"Feature","geometry":{"type":"Polygon","coordinates":[[[-0.256930202767187,51.5823137655933],[-0.252098915918992,51.5829742923503],[-0.254513972557384,51.5798723848083],[-0.253544298403274,51.5772730930917],[-0.256186973213287,51.5758926624276],[-0.260549059376409,51.5779659566182],[-0.262115223021976,51.5806681091224],[-0.271427331664967,51.5793657360428],[-0.270947565417961,51.5814569735316],[-0.260824563145089,51.5840576682319],[-0.256930202767187,51.5823137655933]]]},"properties":{"LSOA21CD":"E01000518","LSOA21NM":"Brent 005A"}},{"type":"Feature","geometry":{"type":"Polygon","coordinates":[[[-0.260549059376409,51.5779659566182],[-0.262273791623482,51.5742193628036],[-0.269165809974794,51.5737767235883],[-0.271659902060645,51.5712417274875],[-0.274185535148154,51.5737009865484],[-0.277707231771501,51.5796560240451],[-0.273708809521298,51.5814886745844],[-0.270947565417961,51.5814569735316],[-0.271427331664967,51.5793657360428],[-0.262115223021976,51.5806681091224],[-0.260549059376409,51.5779659566182]]]},"properties":{"LSOA21CD":"E01000519","LSOA21NM":"Brent 005B"}},{"type":"Feature","geometry":{"type":"Polygon","coordinates":[[[-0.259440760011863,51.5863260078445],[-0.262433414614408,51.5853456865309],[-0.270107780489658,51.5876594978159],[-0.270283705750966,51.5879806514636],[-0.261821086285395,51.5887503567335],[-0.259177479746525,51.5889972462503],[-0.259440760011863,51.5863260078445]]]},"properties":{"LSOA21CD":"E01000520","LSOA21NM":"Brent 002D"}},{"type":"Feature","geometry":{"type":"Polygon","coordinates":[[[-0.251979301356702,51.5404856705453],[-0.251122304741242,51.5386041388772],[-0.256244670929192,51.5383855027623],[-0.25656661436627,51.5380225861019],[-0.256652788474946,51.5401461883579],[-0.256511356406953,51.5417292739518],[-0.25216945822401,51.5423935367486],[-0.251979301356702,51.5404856705453]]]},"properties":{"LSOA21CD":"E01000521","LSOA21NM":"Brent 025B"}},{"type":"Feature","geometry":{"type":"Polygon","coordinates":[[[-0.243020784128427,51.5436632706645],[-0.242470491909623,51.5403117891243],[-0.244218770989168,51.5399906259494],[-0.248323663660552,51.5416808801176],[-0.245874070816467,51.5447510146314],[-0.243020784128427,51.5436632706645]]]},"properties":{"LSOA21CD":"E01000522","LSOA21NM":"Brent 025C"}},{"type":"Feature","geometry":{"type":"Polygon","coordinates":[[[-0.244218770989168,51.5399906259494],[-0.247607016907008,51.5379955441434],[-0.251122304741242,51.5386041388772],[-0.251979301356702,51.5404856705453],[-0.248323663660552,51.5416808801176],[-0.244218770989168,51.5399906259494]]]},"properties":{"LSOA21CD":"E01000523","LSOA21NM":"Brent 031A"}},{"type":"Feature","geometry":{"type":"Polygon","coordinates":[[[-0.247607016907008,51.5379955441434],[-0.245590730675785,51.5364238753693],[-0.245836657162594,51.5360496575849],[-0.247563594700236,51.5356313692843],[-0.256244670929192,51.5383855027623],[-0.251122304741242,51.5386041388772],[-0.247607016907008,51.5379955441434]]]},"properties":{"LSOA21CD":"E01000524","LSOA21NM":"Brent 031B"}},{"type":"Feature","geometry":{"type":"Polygon","coordinates":[[[-0.247563594700236,51.5356313692843],[-0.24712975016779,51.5334428001617],[-0.255640261031448,51.5339872921807],[-0.256392627460425,51.5369805209387],[-0.25656661436627,51.5380225861019],[-0.256244670929192,51.5383855027623],[-0.247563594700236,51.5356313692843]]]},"properties":{"LSOA21CD":"E01000525","LSOA21NM":"Brent 031C"}},{"type":"Feature","geometry":{"type":"Polygon","coordinates":[[[-0.24897662206866,51.5471262572089],[-0.249658588615866,51.5437766414676],[-0.25483473718358,51.5463872757242],[-0.252173769084226,51.5498602181761],[-0.24897662206866,51.5471262572089]]]},"properties":{"LSOA21CD":"E01000526","LSOA21NM":"Brent 025D"}},{"type":"Feature","geometry":{"type":"Polygon","coordinates":[[[-0.246995310046568,51.545844029024],[-0.245874070816467,51.5447510146314],[-0.248323663660552,51.5416808801176],[-0.251979301356702,51.5404856705453],[-0.25216945822401,51.5423935367486],[-0.249658588615866,51.5437766414676],[-0.24897662206866,51.5471262572089],[-0.246995310046568,51.545844029024]]]},"properties":{"LSOA21CD":"E01000527","LSOA21NM":"Brent 025E"}},{"type":"Feature","geometry":{"type":"Polygon","coordinates":[[[-0.249658588615866,51.5437766414676],[-0.25216945822401,51.5423935367486],[-0.256511356406953,51.5417292739518],[-0.25544082547832,51.5452881780234],[-0.25483473718358,51.5463872757242],[-0.249658588615866,51.5437766414676]]]},"properties":{"LSOA21CD":"E01000528","LSOA21NM":"Brent 025F"}},{"type":"Feature","geometry":{"type":"Polygon","coordinates":[[[-0.231031581548607,51.5367164421232],[-0.23053946489411,51.5372122355583],[-0.226837008132229,51.5365454001779],[-0.225992375792153,51.5344328090384],[-0.226488408831258,51.5343776253268],[-0.233556924335127,51.5329166310997],[-0.234921882251509,51.5339713581013],[-0.233724349633215,51.5376375441227],[-0.231031581548607,51.5367164421232]]]},"properties":{"LSOA21CD":"E01000530","LSOA21NM":"Brent 033A"}},{"type":"Feature","geometry":{"type":"Polygon","coordinates":[[[-0.228605441861926,51.5304227619023],[-0.233903257525498,51.5323547230961],[-0.233556924335127,51.5329166310997],[-0.226488408831258,51.5343776253268],[-0.228605441861926,51.5304227619023]]]},"properties":{"LSOA21CD":"E01000531","LSOA21NM":"Brent 033B"}},{"type":"Feature","geometry":{"type":"Polygon","coordinates":[[[-0.225590095111961,51.5332643701624],[-0.225407445622915,51.530881446666],[-0.223635561767074,51.5299549313653],[-0.228478960648915,51.5303548141513],[-0.228605441861926,51.5304227619023],[-0.226488408831258,51.5343776253268],[-0.225992375792153,51.5344328090384],[-0.225590095111961,51.5332643701624]]]},"properties":{"LSOA21CD":"E01000532","LSOA21NM":"Brent 033C"}},{"type":"Feature","geometry":{"type":"Polygon","coordinates":[[[-0.238236534693352,51.5391807310424],[-0.23613649898095,51.5388568229914],[-0.238615280290096,51.5377838870025],[-0.241313223596231,51.5354121574444],[-0.245590730675785,51.5364238753693],[-0.247607016907008,51.5379955441434],[-0.244218770989168,51.5399906259494],[-0.242470491909623,51.5403117891243],[-0.238236534693352,51.5391807310424]]]},"properties":{"LSOA21CD":"E01000533","LSOA21NM":"Brent 031E"}},{"type":"Feature","geometry":{"type":"Polygon","coordinates":[[[-0.233724349633215,51.5376375441227],[-0.234921882251509,51.5339713581013],[-0.238615280290096,51.5377838870025],[-0.23613649898095,51.5388568229914],[-0.238236534693352,51.5391807310424],[-0.238025273522578,51.5398976950061],[-0.23604850225845,51.539319428058],[-0.231031581548607,51.5367164421232],[-0.233724349633215,51.5376375441227]]]},"properties":{"LSOA21CD":"E01000534","LSOA21NM":"Brent 033D"}},{"type":"Feature","geometry":{"type":"Polygon","coordinates":[[[-0.234921882251509,51.5339713581013],[-0.233556924335127,51.5329166310997],[-0.233903257525498,51.5323547230961],[-0.240201068640248,51.5319491833808],[-0.241452832546742,51.5335722816594],[-0.241313223596231,51.5354121574444],[-0.238615280290096,51.5377838870025],[-0.234921882251509,51.5339713581013]]]},"properties":{"LSOA21CD":"E01000535","LSOA21NM":"Brent 031F"}},{"type":"Feature","geometry":{"type":"Polygon","coordinates":[[[-0.306038623340313,51.5839674133317],[-0.30630196212691,51.5796146003528],[-0.313410579899247,51.5814761600181],[-0.31380192567354,51.5789397986283],[-0.317067671242581,51.5821055841842],[-0.30989420223525,51.5854626163766],[-0.306038623340313,51.5839674133317]]]},"properties":{"LSOA21CD":"E01000536","LSOA21NM":"Brent 004A"}},{"type":"Feature","geometry":{"type":"Polygon","coordinates":[[[-0.294401057067795,51.5811760588806],[-0.301541202125031,51.5772882216823],[-0.30630196212691,51.5796146003528],[-0.306038623340313,51.5839674133317],[-0.299208496959049,51.5844789201728],[-0.294401057067795,51.5811760588806]]]},"properties":{"LSOA21CD":"E01000538","LSOA21NM":"Brent 004B"}},{"type":"Feature","geometry":{"type":"Polygon","coordinates":[[[-0.290267439076687,51.5799497010906],[-0.294440525230752,51.5764199551206],[-0.298672322942889,51.573183486429],[-0.29900688342109,51.5732971437426],[-0.301541202125031,51.5772882216823],[-0.294401057067795,51.5811760588806],[-0.290267439076687,51.5799497010906]]]},"properties":{"LSOA21CD":"E01000539","LSOA21NM":"Brent 004C"}},{"type":"Feature","geometry":{"type":"Polygon","coordinates":[[[-0.30630196212691,51.5796146003528],[-0.301541202125031,51.5772882216823],[-0.29900688342109,51.5732971437426],[-0.30348535626248,51.5748517514124],[-0.31254878260565,51.5776038122541],[-0.31380192567354,51.5789397986283],[-0.313410579899247,51.5814761600181],[-0.30630196212691,51.5796146003528]]]},"properties":{"LSOA21CD":"E01000540","LSOA21NM":"Brent 004D"}},{"type":"Feature","geometry":{"type":"Polygon","coordinates":[[[-0.295679985560308,51.5867000181521],[-0.299208496959049,51.5844789201728],[-0.306038623340313,51.5839674133317],[-0.30989420223525,51.5854626163766],[-0.307520363355425,51.5862964662777],[-0.302034594204357,51.5872806840666],[-0.295679985560308,51.5867000181521]]]},"properties":{"LSOA21CD":"E01000541","LSOA21NM":"Brent 004E"}},{"type":"Feature","geometry":{"type":"Polygon","coordinates":[[[-0.282525270714429,51.585066942583],[-0.278533393212493,51.5850692563803],[-0.279500415260294,51.5816834582777],[-0.283232274692065,51.5837814403215],[-0.292976546076487,51.5824131073536],[-0.285008612570804,51.5854488555005],[-0.282525270714429,51.585066942583]]]},"properties":{"LSOA21CD":"E01000543","LSOA21NM":"Brent 003E"}},{"type":"Feature","geometry":{"type":"Polygon","coordinates":[[[-0.194130796667307,51.5306187196655],[-0.196544241509225,51.5276547970136],[-0.19733822781766,51.5278964270279],[-0.197971738367524,51.529207688673],[-0.200345514343524,51.5315864241869],[-0.198311911224417,51.532410804718],[-0.194130796667307,51.5306187196655]]]},"properties":{"LSOA21CD":"E01000544","LSOA21NM":"Brent 034A"}},{"type":"Feature","geometry":{"type":"Polygon","coordinates":[[[-0.196770344438795,51.5409086880245],[-0.198797956736819,51.5415308450537],[-0.1991479266256,51.5415067664588],[-0.206078607570588,51.5435588168546],[-0.201923195302055,51.5453032677509],[-0.196770344438795,51.5409086880245]]]},"properties":{"LSOA21CD":"E01000545","LSOA21NM":"Brent 028A"}},{"type":"Feature","geometry":{"type":"Polygon","coordinates":[[[-0.1991479266256,51.5415067664588],[-0.203863900583481,51.5404685655991],[-0.207683145757931,51.5426265316423],[-0.206078607570588,51.5435588168546],[-0.1991479266256,51.5415067664588]]]},"properties":{"LSOA21CD":"E01000546","LSOA21NM":"Brent 028B"}},{"type":"Feature","geometry":{"type":"Polygon","coordinates":[[[-0.199209823710667,51.5381926116965],[-0.203226480100868,51.5391182734612],[-0.203863900583481,51.5404685655991],[-0.1991479266256,51.5415067664588],[-0.198797956736819,51.5415308450537],[-0.199209823710667,51.5381926116965]]]},"properties":{"LSOA21CD":"E01000547","LSOA21NM":"Brent 028C"}},{"type":"Feature","geometry":{"type":"Polygon","coordinates":[[[-0.196770344438795,51.5409086880245],[-0.195543891433546,51.5398537021645],[-0.194279958066487,51.5387469438178],[-0.192437430488577,51.5371309914336],[-0.197283331575153,51.5363128460958],[-0.199209823710667,51.5381926116965],[-0.198797956736819,51.5415308450537],[-0.196770344438795,51.5409086880245]]]},"properties":{"LSOA21CD":"E01000548","LSOA21NM":"Brent 028D"}},{"type":"Feature","geometry":{"type":"Polygon","coordinates":[[[-0.199209823710667,51.5381926116965],[-0.197283331575153,51.5363128460958],[-0.196778061805103,51.5356627265934],[-0.199357068190606,51.5350001132773],[-0.202391283918665,51.5376549029184],[-0.203226480100868,51.5391182734612],[-0.199209823710667,51.5381926116965]]]},"properties":{"LSOA21CD":"E01000549","LSOA21NM":"Brent 028E"}},{"type":"Feature","geometry":{"type":"Polygon","coordinates":[[[-0.191458616304258,51.53629105679],[-0.19285923649239,51.532146782365],[-0.196706080754581,51.5330107328955],[-0.196778061805103,51.5356627265934],[-0.197283331575153,51.5363128460958],[-0.192437430488577,51.5371309914336],[-0.191458616304258,51.53629105679]]]},"properties":{"LSOA21CD":"E01000550","LSOA21NM":"Brent 034B"}},{"type":"Feature","geometry":{"type":"Polygon","coordinates":[[[-0.196706080754581,51.5330107328955],[-0.198311911224417,51.532410804718],[-0.200345514343524,51.5315864241869],[-0.202967239647477,51.5329041295542],[-0.203091925016614,51.5329094359043],[-0.199357068190606,51.5350001132773],[-0.196778061805103,51.5356627265934],[-0.196706080754581,51.5330107328955]]]},"properties":{"LSOA21CD":"E01000551","LSOA21NM":"Brent 034C"}},{"type":"Feature","geometry":{"type":"Polygon","coordinates":[[[-0.19285923649239,51.532146782365],[-0.19298383098792,51.5319848020148],[-0.194130796667307,51.5306187196655],[-0.198311911224417,51.532410804718],[-0.196706080754581,51.5330107328955],[-0.19285923649239,51.532146782365]]]},"properties":{"LSOA21CD":"E01000552","LSOA21NM":"Brent 034D"}},{"type":"Feature","geometry":{"type":"Polygon","coordinates":[[[-0.216716148996082,51.5578055232833],[-0.217517901874405,51.5566248249398],[-0.220127721422636,51.5561574406412],[-0.223521616303653,51.5571457216028],[-0.22016618215262,51.5611446747425],[-0.216716148996082,51.5578055232833]]]},"properties":{"LSOA21CD":"E01000553","LSOA21NM":"Brent 015A"}},{"type":"Feature","geometry":{"type":"Polygon","coordinates":[[[-0.22016618215262,51.5611446747425],[-0.223521616303653,51.5571457216028],[-0.230916684275022,51.5554181395687],[-0.231404100394848,51.5575714346725],[-0.224505247811525,51.5606233787791],[-0.220625997689588,51.5616634277279],[-0.22016618215262,51.5611446747425]]]},"properties":{"LSOA21CD":"E01000554","LSOA21NM":"Brent 015B"}},{"type":"Feature","geometry":{"type":"Polygon","coordinates":[[[-0.220127721422636,51.5561574406412],[-0.221584544901194,51.5533704678845],[-0.222961489690082,51.5529732588722],[-0.229964553046245,51.5547648910841],[-0.230916684275022,51.5554181395687],[-0.223521616303653,51.5571457216028],[-0.220127721422636,51.5561574406412]]]},"properties":{"LSOA21CD":"E01000555","LSOA21NM":"Brent 015C"}},{"type":"Feature","geometry":{"type":"Polygon","coordinates":[[[-0.213437868394948,51.5551520778284],[-0.212244416294766,51.5538653916014],[-0.215021800973224,51.5536663324757],[-0.217517901874405,51.5566248249398],[-0.216716148996082,51.5578055232833],[-0.213437868394948,51.5551520778284]]]},"properties":{"LSOA21CD":"E01000556","LSOA21NM":"Brent 015D"}},{"type":"Feature","geometry":{"type":"Polygon","coordinates":[[[-0.215021800973224,51.5536663324757],[-0.21755320530597,51.5522360949916],[-0.218802824996471,51.552783895298],[-0.221584544901194,51.5533704678845],[-0.220127721422636,51.5561574406412],[-0.217517901874405,51.5566248249398],[-0.215021800973224,51.5536663324757]]]},"properties":{"LSOA21CD":"E01000557","LSOA21NM":"Brent 015E"}},{"type":"Feature","geometry":{"type":"Polygon","coordinates":[[[-0.208394607571052,51.5511044583306],[-0.21051028275864,51.5483224348913],[-0.21755320530597,51.5522360949916],[-0.215021800973224,51.5536663324757],[-0.212244416294766,51.5538653916014],[-0.208394607571052,51.5511044583306]]]},"properties":{"LSOA21CD":"E01000558","LSOA21NM":"Brent 015F"}},{"type":"Feature","geometry":{"type":"Polygon","coordinates":[[[-0.218802824996471,51.552783895298],[-0.219757898374826,51.5489619702506],[-0.220957586176409,51.5491586320452],[-0.222961489690082,51.5529732588722],[-0.221584544901194,51.5533704678845],[-0.218802824996471,51.552783895298]]]},"properties":{"LSOA21CD":"E01000559","LSOA21NM":"Brent 018E"}},{"type":"Feature","geometry":{"type":"Polygon","coordinates":[[[-0.21755320530597,51.5522360949916],[-0.21051028275864,51.5483224348913],[-0.210548716959451,51.5475012993793],[-0.211918663313136,51.5477097939129],[-0.218362322851256,51.5487443996245],[-0.219757898374826,51.5489619702506],[-0.218802824996471,51.552783895298],[-0.21755320530597,51.5522360949916]]]},"properties":{"LSOA21CD":"E01000560","LSOA21NM":"Brent 023D"}},{"type":"Feature","geometry":{"type":"Polygon","coordinates":[[[-0.208242198142398,51.5509922422288],[-0.205307603310375,51.5484794391941],[-0.203718911956725,51.5469681003604],[-0.20356470563555,51.5468138831112],[-0.210548716959451,51.5475012993793],[-0.21051028275864,51.5483224348913],[-0.208394607571052,51.5511044583306],[-0.208242198142398,51.5509922422288]]]},"properties":{"LSOA21CD":"E01000561","LSOA21NM":"Brent 023E"}},{"type":"Feature","geometry":{"type":"Polygon","coordinates":[[[-0.322313304908877,51.5633300345787],[-0.322436508253612,51.5630584244429],[-0.329902105947471,51.5605936395163],[-0.331194819166749,51.5614606426773],[-0.329609468289288,51.5662093645756],[-0.322133879884819,51.56965532218],[-0.322313304908877,51.5633300345787]]]},"properties":{"LSOA21CD":"E01000562","LSOA21NM":"Brent 008A"}},{"type":"Feature","geometry":{"type":"Polygon","coordinates":[[[-0.31813655633628,51.5720810705354],[-0.319371036890029,51.568739562405],[-0.315106631561882,51.5678061222543],[-0.311417846575095,51.565377847699],[-0.315229471145965,51.5637655570039],[-0.319624428485367,51.5660316546727],[-0.322313304908877,51.5633300345787],[-0.322133879884819,51.56965532218],[-0.324054871463788,51.5722677460201],[-0.31813655633628,51.5720810705354]]]},"properties":{"LSOA21CD":"E01000563","LSOA21NM":"Brent 008B"}},{"type":"Feature","geometry":{"type":"Polygon","coordinates":[[[-0.303894085108074,51.5629741421966],[-0.310270028935847,51.5602657632517],[-0.315052444701457,51.5627280288843],[-0.315229471145965,51.5637655570039],[-0.311417846575095,51.565377847699],[-0.306278878069372,51.5628751984591],[-0.306130744541362,51.566724733929],[-0.303894085108074,51.5629741421966]]]},"properties":{"LSOA21CD":"E01000564","LSOA21NM":"Brent 013A"}},{"type":"Feature","geometry":{"type":"Polygon","coordinates":[[[-0.315229471145965,51.5637655570039],[-0.315052444701457,51.5627280288843],[-0.321979981954149,51.5574108430334],[-0.322455894325917,51.5575554278114],[-0.322436508253612,51.5630584244429],[-0.322313304908877,51.5633300345787],[-0.319624428485367,51.5660316546727],[-0.315229471145965,51.5637655570039]]]},"properties":{"LSOA21CD":"E01000565","LSOA21NM":"Brent 013B"}},{"type":"Feature","geometry":{"type":"Polygon","coordinates":[[[-0.30685964827926,51.5679180852834],[-0.306130744541362,51.566724733929],[-0.306278878069372,51.5628751984591],[-0.311417846575095,51.565377847699],[-0.315106631561882,51.5678061222543],[-0.306910179487134,51.5680007868307],[-0.30685964827926,51.5679180852834]]]},"properties":{"LSOA21CD":"E01000566","LSOA21NM":"Brent 008C"}},{"type":"Feature","geometry":{"type":"Polygon","coordinates":[[[-0.322455894325917,51.5575554278114],[-0.326514493361225,51.5589112575376],[-0.329902105947471,51.5605936395163],[-0.322436508253612,51.5630584244429],[-0.322455894325917,51.5575554278114]]]},"properties":{"LSOA21CD":"E01000567","LSOA21NM":"Brent 016A"}},{"type":"Feature","geometry":{"type":"Polygon","coordinates":[[[-0.31380192567354,51.5789397986283],[-0.31254878260565,51.5776038122541],[-0.310389382548315,51.5739595348089],[-0.31813655633628,51.5720810705354],[-0.324054871463788,51.5722677460201],[-0.325300220568765,51.5756041840011],[-0.326563194004934,51.578235458871],[-0.326680121234733,51.5786933650026],[-0.317067671242581,51.5821055841842],[-0.31380192567354,51.5789397986283]]]},"properties":{"LSOA21CD":"E01000568","LSOA21NM":"Brent 008D"}},{"type":"Feature","geometry":{"type":"Polygon","coordinates":[[[-0.308959615728705,51.5715085570362],[-0.306910179487134,51.5680007868307],[-0.315106631561882,51.5678061222543],[-0.319371036890029,51.568739562405],[-0.31813655633628,51.5720810705354],[-0.310389382548315,51.5739595348089],[-0.308959615728705,51.5715085570362]]]},"properties":{"LSOA21CD":"E01000569","LSOA21NM":"Brent 008E"}},{"type":"Feature","geometry":{"type":"Polygon","coordinates":[[[-0.299717407369242,51.5571789253782],[-0.300330000551602,51.557008027662],[-0.302012908964266,51.5597936265296],[-0.302337760634795,51.5603565180173],[-0.296896606369651,51.5620802137685],[-0.299717407369242,51.5571789253782]]]},"properties":{"LSOA21CD":"E01000570","LSOA21NM":"Brent 012A"}},{"type":"Feature","geometry":{"type":"Polygon","coordinates":[[[-0.291916198940698,51.5613873640767],[-0.290380484959621,51.559675889144],[-0.290511424893369,51.5594503174128],[-0.292772580478887,51.5562729639909],[-0.299717407369242,51.5571789253782],[-0.296896606369651,51.5620802137685],[-0.296413981117172,51.5625482141977],[-0.295752600548695,51.5621111495961],[-0.293685543630335,51.5647213820881],[-0.291916198940698,51.5613873640767]]]},"properties":{"LSOA21CD":"E01000571","LSOA21NM":"Brent 012B"}},{"type":"Feature","geometry":{"type":"Polygon","coordinates":[[[-0.30348535626248,51.5748517514124],[-0.305350123523226,51.5722467719389],[-0.308959615728705,51.5715085570362],[-0.310389382548315,51.5739595348089],[-0.31254878260565,51.5776038122541],[-0.30348535626248,51.5748517514124]]]},"properties":{"LSOA21CD":"E01000572","LSOA21NM":"Brent 007A"}},{"type":"Feature","geometry":{"type":"Polygon","coordinates":[[[-0.29900688342109,51.5732971437426],[-0.298672322942889,51.573183486429],[-0.295993115037499,51.5724237013165],[-0.295581203764622,51.5690253666124],[-0.299208828205907,51.5690497235526],[-0.301528655130257,51.5726266707755],[-0.305350123523226,51.5722467719389],[-0.30348535626248,51.5748517514124],[-0.29900688342109,51.5732971437426]]]},"properties":{"LSOA21CD":"E01000573","LSOA21NM":"Brent 007B"}},{"type":"Feature","geometry":{"type":"Polygon","coordinates":[[[-0.299208828205907,51.5690497235526],[-0.302795579578568,51.567809807602],[-0.30685964827926,51.5679180852834],[-0.306910179487134,51.5680007868307],[-0.308959615728705,51.5715085570362],[-0.305350123523226,51.5722467719389],[-0.301528655130257,51.5726266707755],[-0.299208828205907,51.5690497235526]]]},"properties":{"LSOA21CD":"E01000574","LSOA21NM":"Brent 007C"}},{"type":"Feature","geometry":{"type":"Polygon","coordinates":[[[-0.289662133135046,51.5698949915164],[-0.295073928805306,51.5676110268974],[-0.295752600548695,51.5621111495961],[-0.296413981117172,51.5625482141977],[-0.29696819039904,51.566772585399],[-0.302795579578568,51.567809807602],[-0.299208828205907,51.5690497235526],[-0.295581203764622,51.5690253666124],[-0.295993115037499,51.5724237013165],[-0.289662133135046,51.5698949915164]]]},"properties":{"LSOA21CD":"E01000575","LSOA21NM":"Brent 007D"}},{"type":"Feature","geometry":{"type":"Polygon","coordinates":[[[-0.286015320184369,51.5672443442152],[-0.285566343288366,51.5668556581455],[-0.290837855244864,51.5659510736926],[-0.291916198940698,51.5613873640767],[-0.293685543630335,51.5647213820881],[-0.295752600548695,51.5621111495961],[-0.295073928805306,51.5676110268974],[-0.289662133135046,51.5698949915164],[-0.286015320184369,51.5672443442152]]]},"properties":{"LSOA21CD":"E01000576","LSOA21NM":"Brent 012C"}},{"type":"Feature","geometry":{"type":"Polygon","coordinates":[[[-0.302795579578568,51.567809807602],[-0.29696819039904,51.566772585399],[-0.296413981117172,51.5625482141977],[-0.296896606369651,51.5620802137685],[-0.302337760634795,51.5603565180173],[-0.303894085108074,51.5629741421966],[-0.306130744541362,51.566724733929],[-0.30685964827926,51.5679180852834],[-0.302795579578568,51.567809807602]]]},"properties":{"LSOA21CD":"E01000577","LSOA21NM":"Brent 007E"}},{"type":"Feature","geometry":{"type":"Polygon","coordinates":[[[-0.284224307999184,51.5657435552355],[-0.278993437333206,51.563346362162],[-0.279900443249688,51.5625894356129],[-0.280689828741016,51.5622627739159],[-0.290380484959621,51.559675889144],[-0.291916198940698,51.5613873640767],[-0.290837855244864,51.5659510736926],[-0.285566343288366,51.5668556581455],[-0.284224307999184,51.5657435552355]]]},"properties":{"LSOA21CD":"E01000578","LSOA21NM":"Brent 012D"}},{"type":"Feature","geometry":{"type":"Polygon","coordinates":[[[-0.219801063834422,51.5289921039408],[-0.223635561767074,51.5299549313653],[-0.225407445622915,51.530881446666],[-0.219740441169067,51.5319356672435],[-0.219801063834422,51.5289921039408]]]},"properties":{"LSOA21CD":"E01000579","LSOA21NM":"Brent 032A"}},{"type":"Feature","geometry":{"type":"Polygon","coordinates":[[[-0.203863900583481,51.5404685655991],[-0.203226480100868,51.5391182734612],[-0.202391283918665,51.5376549029184],[-0.211038886349798,51.5335342247495],[-0.211988058212653,51.5391954678228],[-0.209322562454141,51.5414451919165],[-0.207683145757931,51.5426265316423],[-0.203863900583481,51.5404685655991]]]},"properties":{"LSOA21CD":"E01000580","LSOA21NM":"Brent 032B"}},{"type":"Feature","geometry":{"type":"Polygon","coordinates":[[[-0.217137136591924,51.5384568653276],[-0.214989456768401,51.5370870488684],[-0.218360661550501,51.5339055218976],[-0.220325136161506,51.5349597725463],[-0.222208847632742,51.5369276001075],[-0.221873755296187,51.537896643862],[-0.219383745661834,51.5390445973492],[-0.217137136591924,51.5384568653276]]]},"properties":{"LSOA21CD":"E01000581","LSOA21NM":"Brent 030E"}},{"type":"Feature","geometry":{"type":"Polygon","coordinates":[[[-0.211038886349798,51.5335342247495],[-0.209589541360035,51.5329843209916],[-0.218360661550501,51.5339055218976],[-0.214989456768401,51.5370870488684],[-0.211988058212653,51.5391954678228],[-0.211038886349798,51.5335342247495]]]},"properties":{"LSOA21CD":"E01000582","LSOA21NM":"Brent 032C"}},{"type":"Feature","geometry":{"type":"Polygon","coordinates":[[[-0.199357068190606,51.5350001132773],[-0.203091925016614,51.5329094359043],[-0.209979097964666,51.5322807607247],[-0.209589541360035,51.5329843209916],[-0.211038886349798,51.5335342247495],[-0.202391283918665,51.5376549029184],[-0.199357068190606,51.5350001132773]]]},"properties":{"LSOA21CD":"E01000583","LSOA21NM":"Brent 032D"}},{"type":"Feature","geometry":{"type":"Polygon","coordinates":[[[-0.220325136161506,51.5349597725463],[-0.221233796160428,51.5341408564429],[-0.225590095111961,51.5332643701624],[-0.225992375792153,51.5344328090384],[-0.226837008132229,51.5365454001779],[-0.222208847632742,51.5369276001075],[-0.220325136161506,51.5349597725463]]]},"properties":{"LSOA21CD":"E01000584","LSOA21NM":"Brent 033E"}},{"type":"Feature","geometry":{"type":"Polygon","coordinates":[[[-0.219740441169067,51.5319356672435],[-0.225407445622915,51.530881446666],[-0.225590095111961,51.5332643701624],[-0.221233796160428,51.5341408564429],[-0.219740441169067,51.5319356672435]]]},"properties":{"LSOA21CD":"E01000585","LSOA21NM":"Brent 033F"}},{"type":"Feature","geometry":{"type":"Polygon","coordinates":[[[-0.218360661550501,51.5339055218976],[-0.209589541360035,51.5329843209916],[-0.209979097964666,51.5322807607247],[-0.210716030479791,51.5320449478534],[-0.210817982196357,51.5320137741722],[-0.216005754277179,51.5279299651202],[-0.219801063834422,51.5289921039408],[-0.219740441169067,51.5319356672435],[-0.221233796160428,51.5341408564429],[-0.220325136161506,51.5349597725463],[-0.218360661550501,51.5339055218976]]]},"properties":{"LSOA21CD":"E01000586","LSOA21NM":"Brent 032E"}},{"type":"Feature","geometry":{"type":"Polygon","coordinates":[[[-0.262339950406632,51.5963455240575],[-0.267561066118249,51.5940505318345],[-0.267757184808002,51.5935733144253],[-0.273024546361806,51.5915028557285],[-0.274483144554679,51.5936205141957],[-0.274234915817117,51.5951018562096],[-0.26324751593304,51.5970435324602],[-0.262339950406632,51.5963455240575]]]},"properties":{"LSOA21CD":"E01000587","LSOA21NM":"Brent 001A"}},{"type":"Feature","geometry":{"type":"Polygon","coordinates":[[[-0.273024546361806,51.5915028557285],[-0.272756473282597,51.5909042055693],[-0.27755712982418,51.5876356480915],[-0.283529098907723,51.5892642625483],[-0.287254181483325,51.5924876061914],[-0.277731179185156,51.5928923252826],[-0.274483144554679,51.5936205141957],[-0.273024546361806,51.5915028557285]]]},"properties":{"LSOA21CD":"E01000589","LSOA21NM":"Brent 001B"}},{"type":"Feature","geometry":{"type":"Polygon","coordinates":[[[-0.261821086285395,51.5887503567335],[-0.270283705750966,51.5879806514636],[-0.272756473282597,51.5909042055693],[-0.273024546361806,51.5915028557285],[-0.267757184808002,51.5935733144253],[-0.261821086285395,51.5887503567335]]]},"properties":{"LSOA21CD":"E01000590","LSOA21NM":"Brent 001C"}},{"type":"Feature","geometry":{"type":"Polygon","coordinates":[[[-0.270283705750966,51.5879806514636],[-0.270107780489658,51.5876594978159],[-0.273888666552605,51.5859387361083],[-0.278533393212493,51.5850692563803],[-0.282525270714429,51.585066942583],[-0.283300569127493,51.5887143066323],[-0.283529098907723,51.5892642625483],[-0.27755712982418,51.5876356480915],[-0.272756473282597,51.5909042055693],[-0.270283705750966,51.5879806514636]]]},"properties":{"LSOA21CD":"E01000591","LSOA21NM":"Brent 003F"}},{"type":"Feature","geometry":{"type":"Polygon","coordinates":[[[-0.26324751593304,51.5970435324602],[-0.274234915817117,51.5951018562096],[-0.271283348061829,51.5982785889327],[-0.267620082519414,51.6001312988873],[-0.267131596069509,51.6003722606619],[-0.26324751593304,51.5970435324602]]]},"properties":{"LSOA21CD":"E01000592","LSOA21NM":"Brent 001D"}},{"type":"Feature","geometry":{"type":"Polygon","coordinates":[[[-0.274234915817117,51.5951018562096],[-0.274483144554679,51.5936205141957],[-0.277731179185156,51.5928923252826],[-0.27932900014726,51.5962310977565],[-0.271283348061829,51.5982785889327],[-0.274234915817117,51.5951018562096]]]},"properties":{"LSOA21CD":"E01000593","LSOA21NM":"Brent 001E"}},{"type":"Feature","geometry":{"type":"Polygon","coordinates":[[[-0.277731179185156,51.5928923252826],[-0.287254181483325,51.5924876061914],[-0.290403112006756,51.5935725716552],[-0.287054763830594,51.5945944855357],[-0.28604754680531,51.5948599702622],[-0.27932900014726,51.5962310977565],[-0.277731179185156,51.5928923252826]]]},"properties":{"LSOA21CD":"E01000594","LSOA21NM":"Brent 001F"}},{"type":"Feature","geometry":{"type":"Polygon","coordinates":[[[-0.25544082547832,51.5452881780234],[-0.256511356406953,51.5417292739518],[-0.256652788474946,51.5401461883579],[-0.258874329519016,51.5414511526562],[-0.259628741271283,51.5439236675402],[-0.262502144170389,51.5464300976552],[-0.25784156799307,51.5478427624779],[-0.25544082547832,51.5452881780234]]]},"properties":{"LSOA21CD":"E01000595","LSOA21NM":"Brent 027A"}},{"type":"Feature","geometry":{"type":"Polygon","coordinates":[[[-0.258169582285966,51.5481476378885],[-0.25784156799307,51.5478427624779],[-0.262502144170389,51.5464300976552],[-0.259628741271283,51.5439236675402],[-0.263664939234422,51.5446043827617],[-0.265284340137056,51.5465756921207],[-0.263551863336581,51.5488254323935],[-0.267506026050355,51.548257019658],[-0.263244952787681,51.5496122431779],[-0.260920900582312,51.5509217491481],[-0.258169582285966,51.5481476378885]]]},"properties":{"LSOA21CD":"E01000596","LSOA21NM":"Brent 021A"}},{"type":"Feature","geometry":{"type":"Polygon","coordinates":[[[-0.259984850564642,51.537781715017],[-0.263756416949919,51.5409840441081],[-0.260182347661261,51.5412416892285],[-0.259984850564642,51.537781715017]]]},"properties":{"LSOA21CD":"E01000599","LSOA21NM":"Brent 027D"}},{"type":"Feature","geometry":{"type":"Polygon","coordinates":[[[-0.261832812409749,51.5572765992634],[-0.252673850299644,51.5545321207797],[-0.250923014365851,51.5509577672488],[-0.252173769084226,51.5498602181761],[-0.25483473718358,51.5463872757242],[-0.25544082547832,51.5452881780234],[-0.25784156799307,51.5478427624779],[-0.258169582285966,51.5481476378885],[-0.257027665283725,51.5525388963511],[-0.260989332796738,51.5521656132739],[-0.265976493622178,51.5530336736242],[-0.265964790249654,51.5534559216054],[-0.268699057212785,51.5569674071876],[-0.265294671259819,51.5588756976331],[-0.261832812409749,51.5572765992634]]]},"properties":{"LSOA21CD":"E01000601","LSOA21NM":"Brent 021B"}},{"type":"Feature","geometry":{"type":"Polygon","coordinates":[[[-0.260989332796738,51.5521656132739],[-0.260920900582312,51.5509217491481],[-0.263244952787681,51.5496122431779],[-0.269161826241766,51.549963769156],[-0.265976493622178,51.5530336736242],[-0.260989332796738,51.5521656132739]]]},"properties":{"LSOA21CD":"E01000602","LSOA21NM":"Brent 021C"}},{"type":"Feature","geometry":{"type":"Polygon","coordinates":[[[-0.258169582285966,51.5481476378885],[-0.260920900582312,51.5509217491481],[-0.260989332796738,51.5521656132739],[-0.257027665283725,51.5525388963511],[-0.258169582285966,51.5481476378885]]]},"properties":{"LSOA21CD":"E01000603","LSOA21NM":"Brent 021D"}},{"type":"Feature","geometry":{"type":"Polygon","coordinates":[[[-0.263244952787681,51.5496122431779],[-0.267506026050355,51.548257019658],[-0.263551863336581,51.5488254323935],[-0.265284340137056,51.5465756921207],[-0.271139416808452,51.5467266103348],[-0.269183228188452,51.5486984156377],[-0.269161826241766,51.549963769156],[-0.263244952787681,51.5496122431779]]]},"properties":{"LSOA21CD":"E01000604","LSOA21NM":"Brent 021E"}},{"type":"Feature","geometry":{"type":"Polygon","coordinates":[[[-0.265284340137056,51.5465756921207],[-0.263664939234422,51.5446043827617],[-0.274169202594646,51.543329038776],[-0.274729424117799,51.5438181257091],[-0.273562792561125,51.5442920337229],[-0.271139416808452,51.5467266103348],[-0.265284340137056,51.5465756921207]]]},"properties":{"LSOA21CD":"E01000605","LSOA21NM":"Brent 021F"}},{"type":"Feature","geometry":{"type":"Polygon","coordinates":[[[-0.329902105947471,51.5605936395163],[-0.326514493361225,51.5589112575376],[-0.329864830304529,51.5555952231459],[-0.331416199699875,51.5557889108225],[-0.335562417274307,51.5565848062994],[-0.331194819166749,51.5614606426773],[-0.329902105947471,51.5605936395163]]]},"properties":{"LSOA21CD":"E01000606","LSOA21NM":"Brent 016B"}},{"type":"Feature","geometry":{"type":"Polygon","coordinates":[[[-0.310679150111324,51.5542818035115],[-0.31650993072211,51.556452524088],[-0.31095626187926,51.5580173415884],[-0.30635084810763,51.5565234526021],[-0.310679150111324,51.5542818035115]]]},"properties":{"LSOA21CD":"E01000607","LSOA21NM":"Brent 013C"}},{"type":"Feature","geometry":{"type":"Polygon","coordinates":[[[-0.310270028935847,51.5602657632517],[-0.310298663791627,51.5581751065918],[-0.31095626187926,51.5580173415884],[-0.31650993072211,51.556452524088],[-0.310679150111324,51.5542818035115],[-0.309225773071544,51.5529077803673],[-0.314574495377153,51.5525873800019],[-0.316354991040759,51.5543480263721],[-0.321979981954149,51.5574108430334],[-0.315052444701457,51.5627280288843],[-0.310270028935847,51.5602657632517]]]},"properties":{"LSOA21CD":"E01000608","LSOA21NM":"Brent 013D"}},{"type":"Feature","geometry":{"type":"Polygon","coordinates":[[[-0.322455894325917,51.5575554278114],[-0.321979981954149,51.5574108430334],[-0.316354991040759,51.5543480263721],[-0.322241170089711,51.5532151473697],[-0.329864830304529,51.5555952231459],[-0.326514493361225,51.5589112575376],[-0.322455894325917,51.5575554278114]]]},"properties":{"LSOA21CD":"E01000609","LSOA21NM":"Brent 016C"}},{"type":"Feature","geometry":{"type":"Polygon","coordinates":[[[-0.30339616775304,51.557319582028],[-0.302364065187171,51.5522521867733],[-0.305988352068684,51.5519062477942],[-0.309225773071544,51.5529077803673],[-0.310679150111324,51.5542818035115],[-0.30635084810763,51.5565234526021],[-0.31095626187926,51.5580173415884],[-0.310298663791627,51.5581751065918],[-0.30339616775304,51.557319582028]]]},"properties":{"LSOA21CD":"E01000610","LSOA21NM":"Brent 019A"}},{"type":"Feature","geometry":{"type":"Polygon","coordinates":[[[-0.314574495377153,51.5525873800019],[-0.315698069640538,51.5505336505792],[-0.319147038549836,51.5520354200213],[-0.322241170089711,51.5532151473697],[-0.316354991040759,51.5543480263721],[-0.314574495377153,51.5525873800019]]]},"properties":{"LSOA21CD":"E01000611","LSOA21NM":"Brent 016D"}},{"type":"Feature","geometry":{"type":"Polygon","coordinates":[[[-0.305988352068684,51.5519062477942],[-0.307782116617364,51.5470276773577],[-0.312534645725101,51.5490222089286],[-0.315698069640538,51.5505336505792],[-0.314574495377153,51.5525873800019],[-0.309225773071544,51.5529077803673],[-0.305988352068684,51.5519062477942]]]},"properties":{"LSOA21CD":"E01000612","LSOA21NM":"Brent 019B"}},{"type":"Feature","geometry":{"type":"Polygon","coordinates":[[[-0.302337760634795,51.5603565180173],[-0.302012908964266,51.5597936265296],[-0.30339616775304,51.557319582028],[-0.310298663791627,51.5581751065918],[-0.310270028935847,51.5602657632517],[-0.303894085108074,51.5629741421966],[-0.302337760634795,51.5603565180173]]]},"properties":{"LSOA21CD":"E01000613","LSOA21NM":"Brent 013E"}},{"type":"Feature","geometry":{"type":"Polygon","coordinates":[[[-0.278183805987096,51.5630963216308],[-0.271085981093031,51.5613049219329],[-0.265294671259819,51.5588756976331],[-0.268699057212785,51.5569674071876],[-0.265964790249654,51.5534559216054],[-0.274429152167522,51.5522649754422],[-0.277486367672362,51.5543282781094],[-0.277548323055625,51.5548466821817],[-0.27546064185795,51.5585659720562],[-0.278589807904863,51.5585938824922],[-0.279900443249688,51.5625894356129],[-0.278993437333206,51.563346362162],[-0.278183805987096,51.5630963216308]]]},"properties":{"LSOA21CD":"E01000615","LSOA21NM":"Brent 036A"}},{"type":"Feature","geometry":{"type":"Polygon","coordinates":[[[-0.287052499109035,51.5572069474868],[-0.286362999521257,51.5548228255252],[-0.28649502191805,51.5543291745632],[-0.290022513331324,51.5544643063617],[-0.293751588154743,51.5546403783563],[-0.292772580478887,51.5562729639909],[-0.290511424893369,51.5594503174128],[-0.287052499109035,51.5572069474868]]]},"properties":{"LSOA21CD":"E01000616","LSOA21NM":"Brent 020A"}},{"type":"Feature","geometry":{"type":"Polygon","coordinates":[[[-0.277486367672362,51.5543282781094],[-0.278248375246654,51.5488163223211],[-0.283506194319472,51.5513448921792],[-0.28649502191805,51.5543291745632],[-0.286362999521257,51.5548228255252],[-0.277548323055625,51.5548466821817],[-0.277486367672362,51.5543282781094]]]},"properties":{"LSOA21CD":"E01000617","LSOA21NM":"Brent 036B"}},{"type":"Feature","geometry":{"type":"Polygon","coordinates":[[[-0.274429152167522,51.5522649754422],[-0.271192179457848,51.5491762216295],[-0.277056600417529,51.5482578181412],[-0.278248375246654,51.5488163223211],[-0.277486367672362,51.5543282781094],[-0.274429152167522,51.5522649754422]]]},"properties":{"LSOA21CD":"E01000618","LSOA21NM":"Brent 036D"}},{"type":"Feature","geometry":{"type":"Polygon","coordinates":[[[-0.265976493622178,51.5530336736242],[-0.269161826241766,51.549963769156],[-0.269183228188452,51.5486984156377],[-0.271192179457848,51.5491762216295],[-0.274429152167522,51.5522649754422],[-0.265964790249654,51.5534559216054],[-0.265976493622178,51.5530336736242]]]},"properties":{"LSOA21CD":"E01000619","LSOA21NM":"Brent 036C"}},{"type":"Feature","geometry":{"type":"Polygon","coordinates":[[[-0.278248375246654,51.5488163223211],[-0.277056600417529,51.5482578181412],[-0.280409259706926,51.5464501956247],[-0.273562792561125,51.5442920337229],[-0.274729424117799,51.5438181257091],[-0.276876971099122,51.541964767047],[-0.285910215803056,51.5452523924784],[-0.286237505627698,51.5470622786806],[-0.286860978868229,51.5497568845389],[-0.283506194319472,51.5513448921792],[-0.278248375246654,51.5488163223211]]]},"properties":{"LSOA21CD":"E01000620","LSOA21NM":"Brent 020B"}},{"type":"Feature","geometry":{"type":"Polygon","coordinates":[[[-0.269183228188452,51.5486984156377],[-0.271139416808452,51.5467266103348],[-0.273562792561125,51.5442920337229],[-0.280409259706926,51.5464501956247],[-0.277056600417529,51.5482578181412],[-0.271192179457848,51.5491762216295],[-0.269183228188452,51.5486984156377]]]},"properties":{"LSOA21CD":"E01000621","LSOA21NM":"Brent 020C"}},{"type":"Feature","geometry":{"type":"Polygon","coordinates":[[[-0.251735550910145,51.5710858256209],[-0.247057955185891,51.5686827909334],[-0.245266954013263,51.5671057323297],[-0.250304246154439,51.5650782377879],[-0.250866069219768,51.5645969411626],[-0.255481675968632,51.5631346439151],[-0.261391711544773,51.56390772933],[-0.262007492879294,51.5641937971041],[-0.25998693935482,51.5718330354445],[-0.251735550910145,51.5710858256209]]]},"properties":{"LSOA21CD":"E01000622","LSOA21NM":"Brent 010D"}},{"type":"Feature","geometry":{"type":"Polygon","coordinates":[[[-0.262158164018595,51.5737108451887],[-0.262183593956562,51.5702742491012],[-0.262648495504389,51.5680349898195],[-0.267956618085173,51.5698008571484],[-0.269165809974794,51.5737767235883],[-0.262273791623482,51.5742193628036],[-0.262158164018595,51.5737108451887]]]},"properties":{"LSOA21CD":"E01000623","LSOA21NM":"Brent 005C"}},{"type":"Feature","geometry":{"type":"Polygon","coordinates":[[[-0.251332453884508,51.5731433193478],[-0.251735550910145,51.5710858256209],[-0.25998693935482,51.5718330354445],[-0.262183593956562,51.5702742491012],[-0.262158164018595,51.5737108451887],[-0.257249720176636,51.5730636732025],[-0.256186973213287,51.5758926624276],[-0.253544298403274,51.5772730930917],[-0.251332453884508,51.5731433193478]]]},"properties":{"LSOA21CD":"E01000624","LSOA21NM":"Brent 005D"}},{"type":"Feature","geometry":{"type":"Polygon","coordinates":[[[-0.262007492879294,51.5641937971041],[-0.264435631510915,51.5653227368875],[-0.265395243495795,51.5657243978062],[-0.267956618085173,51.5698008571484],[-0.262648495504389,51.5680349898195],[-0.262183593956562,51.5702742491012],[-0.25998693935482,51.5718330354445],[-0.262007492879294,51.5641937971041]]]},"properties":{"LSOA21CD":"E01000625","LSOA21NM":"Brent 009E"}},{"type":"Feature","geometry":{"type":"Polygon","coordinates":[[[-0.255481675968632,51.5631346439151],[-0.260967511677476,51.5600410362039],[-0.261832812409749,51.5572765992634],[-0.265294671259819,51.5588756976331],[-0.261391711544773,51.56390772933],[-0.255481675968632,51.5631346439151]]]},"properties":{"LSOA21CD":"E01000626","LSOA21NM":"Brent 010E"}},{"type":"Feature","geometry":{"type":"Polygon","coordinates":[[[-0.252819536380943,51.5613282383256],[-0.253499630583946,51.5598344964256],[-0.253585791619964,51.557532176219],[-0.260967511677476,51.5600410362039],[-0.255481675968632,51.5631346439151],[-0.250866069219768,51.5645969411626],[-0.252819536380943,51.5613282383256]]]},"properties":{"LSOA21CD":"E01000627","LSOA21NM":"Brent 014E"}},{"type":"Feature","geometry":{"type":"Polygon","coordinates":[[[-0.253499630583946,51.5598344964256],[-0.25022489367569,51.5585865058996],[-0.249941683229879,51.5547194693274],[-0.252673850299644,51.5545321207797],[-0.261832812409749,51.5572765992634],[-0.260967511677476,51.5600410362039],[-0.253585791619964,51.557532176219],[-0.253499630583946,51.5598344964256]]]},"properties":{"LSOA21CD":"E01000628","LSOA21NM":"Brent 014F"}},{"type":"Feature","geometry":{"type":"Polygon","coordinates":[[[-0.256186973213287,51.5758926624276],[-0.257249720176636,51.5730636732025],[-0.262158164018595,51.5737108451887],[-0.262273791623482,51.5742193628036],[-0.260549059376409,51.5779659566182],[-0.256186973213287,51.5758926624276]]]},"properties":{"LSOA21CD":"E01000629","LSOA21NM":"Brent 005E"}},{"type":"Feature","geometry":{"type":"Polygon","coordinates":[[[-0.293416670405487,51.5521195525167],[-0.286860978868229,51.5497568845389],[-0.286237505627698,51.5470622786806],[-0.295382331175731,51.5472275434725],[-0.296154723377513,51.5527367547722],[-0.293416670405487,51.5521195525167]]]},"properties":{"LSOA21CD":"E01000630","LSOA21NM":"Brent 026E"}},{"type":"Feature","geometry":{"type":"Polygon","coordinates":[[[-0.301688565732311,51.5504775300273],[-0.304553754623814,51.5496517230117],[-0.300893163946136,51.5476950199253],[-0.304512330475281,51.5433138821244],[-0.307782116617364,51.5470276773577],[-0.305988352068684,51.5519062477942],[-0.302364065187171,51.5522521867733],[-0.301688565732311,51.5504775300273]]]},"properties":{"LSOA21CD":"E01000631","LSOA21NM":"Brent 019C"}},{"type":"Feature","geometry":{"type":"Polygon","coordinates":[[[-0.29752414256896,51.5467081727397],[-0.297424830634345,51.5463508451044],[-0.299270042295785,51.5404874050423],[-0.304512330475281,51.5433138821244],[-0.300893163946136,51.5476950199253],[-0.29752414256896,51.5467081727397]]]},"properties":{"LSOA21CD":"E01000632","LSOA21NM":"Brent 029E"}},{"type":"Feature","geometry":{"type":"Polygon","coordinates":[[[-0.296154723377513,51.5527367547722],[-0.295382331175731,51.5472275434725],[-0.29752414256896,51.5467081727397],[-0.300893163946136,51.5476950199253],[-0.304553754623814,51.5496517230117],[-0.301688565732311,51.5504775300273],[-0.299076056146841,51.5520286467106],[-0.296384995522837,51.5528573697505],[-0.296154723377513,51.5527367547722]]]},"properties":{"LSOA21CD":"E01000633","LSOA21NM":"Brent 019D"}},{"type":"Feature","geometry":{"type":"Polygon","coordinates":[[[-0.300330000551602,51.557008027662],[-0.299076056146841,51.5520286467106],[-0.301688565732311,51.5504775300273],[-0.302364065187171,51.5522521867733],[-0.30339616775304,51.557319582028],[-0.302012908964266,51.5597936265296],[-0.300330000551602,51.557008027662]]]},"properties":{"LSOA21CD":"E01000634","LSOA21NM":"Brent 019E"}},{"type":"Feature","geometry":{"type":"Polygon","coordinates":[[[-0.28649502191805,51.5543291745632],[-0.283506194319472,51.5513448921792],[-0.286860978868229,51.5497568845389],[-0.293416670405487,51.5521195525167],[-0.290022513331324,51.5544643063617],[-0.28649502191805,51.5543291745632]]]},"properties":{"LSOA21CD":"E01000636","LSOA21NM":"Brent 020E"}},{"type":"Feature","geometry":{"type":"Polygon","coordinates":[[[-0.228777079473175,51.550316827893],[-0.231116425385609,51.5487092997329],[-0.231807108980733,51.5474727666351],[-0.233795810179433,51.5488864048055],[-0.233249606745422,51.5510376869618],[-0.228777079473175,51.550316827893]]]},"properties":{"LSOA21CD":"E01000637","LSOA21NM":"Brent 022B"}},{"type":"Feature","geometry":{"type":"Polygon","coordinates":[[[-0.23759369100452,51.5486305721885],[-0.240329954981234,51.547942937882],[-0.237617330584503,51.5440664541901],[-0.243020784128427,51.5436632706645],[-0.245874070816467,51.5447510146314],[-0.246995310046568,51.545844029024],[-0.244203468519254,51.5490850646126],[-0.241673483703094,51.5510218332752],[-0.234986301668502,51.5506138853569],[-0.23759369100452,51.5486305721885]]]},"properties":{"LSOA21CD":"E01000638","LSOA21NM":"Brent 024A"}},{"type":"Feature","geometry":{"type":"Polygon","coordinates":[[[-0.228168167803979,51.5502312491097],[-0.221994525006859,51.5493234249809],[-0.229390078488948,51.5474194475077],[-0.231116425385609,51.5487092997329],[-0.228777079473175,51.550316827893],[-0.228168167803979,51.5502312491097]]]},"properties":{"LSOA21CD":"E01000639","LSOA21NM":"Brent 022C"}},{"type":"Feature","geometry":{"type":"Polygon","coordinates":[[[-0.231807108980733,51.5474727666351],[-0.235256963544966,51.5459538980142],[-0.240329954981234,51.547942937882],[-0.23759369100452,51.5486305721885],[-0.233795810179433,51.5488864048055],[-0.231807108980733,51.5474727666351]]]},"properties":{"LSOA21CD":"E01000640","LSOA21NM":"Brent 024B"}},{"type":"Feature","geometry":{"type":"Polygon","coordinates":[[[-0.23908845876849,51.5519457533342],[-0.233940954649237,51.5511481195228],[-0.233249606745422,51.5510376869618],[-0.233795810179433,51.5488864048055],[-0.23759369100452,51.5486305721885],[-0.234986301668502,51.5506138853569],[-0.241673483703094,51.5510218332752],[-0.242439474536938,51.5524634616963],[-0.23908845876849,51.5519457533342]]]},"properties":{"LSOA21CD":"E01000641","LSOA21NM":"Brent 024C"}},{"type":"Feature","geometry":{"type":"Polygon","coordinates":[[[-0.220957586176409,51.5491586320452],[-0.219757898374826,51.5489619702506],[-0.218362322851256,51.5487443996245],[-0.222141497893255,51.5465298855557],[-0.226153672987307,51.5465035718242],[-0.228614743024384,51.5468607086338],[-0.229390078488948,51.5474194475077],[-0.221994525006859,51.5493234249809],[-0.220957586176409,51.5491586320452]]]},"properties":{"LSOA21CD":"E01000642","LSOA21NM":"Brent 022D"}},{"type":"Feature","geometry":{"type":"Polygon","coordinates":[[[-0.23053946489411,51.5372122355583],[-0.231031581548607,51.5367164421232],[-0.23604850225845,51.539319428058],[-0.238025273522578,51.5398976950061],[-0.238236534693352,51.5391807310424],[-0.242470491909623,51.5403117891243],[-0.243020784128427,51.5436632706645],[-0.237617330584503,51.5440664541901],[-0.240329954981234,51.547942937882],[-0.235256963544966,51.5459538980142],[-0.232496061129753,51.5439395128183],[-0.227911099537269,51.5413431819953],[-0.228574127834817,51.5396022941029],[-0.23053946489411,51.5372122355583]]]},"properties":{"LSOA21CD":"E01000643","LSOA21NM":"Brent 024D"}},{"type":"Feature","geometry":{"type":"Polygon","coordinates":[[[-0.229390078488948,51.5474194475077],[-0.228614743024384,51.5468607086338],[-0.232496061129753,51.5439395128183],[-0.235256963544966,51.5459538980142],[-0.231807108980733,51.5474727666351],[-0.231116425385609,51.5487092997329],[-0.229390078488948,51.5474194475077]]]},"properties":{"LSOA21CD":"E01000644","LSOA21NM":"Brent 022E"}},{"type":"Feature","geometry":{"type":"Polygon","coordinates":[[[-0.268483594140336,51.5207959414981],[-0.271683359683215,51.5162228854002],[-0.280694566482549,51.5181575174137],[-0.278492436294052,51.5197424307746],[-0.271761451790828,51.5244304711654],[-0.268483594140336,51.5207959414981]]]},"properties":{"LSOA21CD":"E01001195","LSOA21NM":"Ealing 021A"}},{"type":"Feature","geometry":{"type":"Polygon","coordinates":[[[-0.265187661112971,51.5193526256501],[-0.266454867715773,51.5172446088341],[-0.261897623277174,51.5184333201292],[-0.259778190679966,51.5151963775761],[-0.260671381158995,51.5138811136013],[-0.262083074071302,51.5144395148555],[-0.268132473879402,51.5156190642037],[-0.271623687666977,51.5156211879663],[-0.271683359683215,51.5162228854002],[-0.268483594140336,51.5207959414981],[-0.265187661112971,51.5193526256501]]]},"properties":{"LSOA21CD":"E01001196","LSOA21NM":"Ealing 015A"}},{"type":"Feature","geometry":{"type":"Polygon","coordinates":[[[-0.271683359683215,51.5162228854002],[-0.271623687666977,51.5156211879663],[-0.27056262937608,51.5119755615626],[-0.27265236996234,51.5104506417666],[-0.274375156457726,51.511631747987],[-0.288363963184125,51.5148979446383],[-0.288524616237902,51.5150459932973],[-0.284519114460225,51.5156393892067],[-0.280694566482549,51.5181575174137],[-0.271683359683215,51.5162228854002]]]},"properties":{"LSOA21CD":"E01001197","LSOA21NM":"Ealing 021B"}},{"type":"Feature","geometry":{"type":"Polygon","coordinates":[[[-0.262083074071302,51.5144395148555],[-0.264099634305655,51.5129777866143],[-0.269062882576865,51.5136448556699],[-0.268132473879402,51.5156190642037],[-0.262083074071302,51.5144395148555]]]},"properties":{"LSOA21CD":"E01001198","LSOA21NM":"Ealing 021C"}},{"type":"Feature","geometry":{"type":"Polygon","coordinates":[[[-0.269062882576865,51.5136448556699],[-0.269159358189266,51.5116006812631],[-0.27056262937608,51.5119755615626],[-0.271623687666977,51.5156211879663],[-0.268132473879402,51.5156190642037],[-0.269062882576865,51.5136448556699]]]},"properties":{"LSOA21CD":"E01001199","LSOA21NM":"Ealing 021D"}},{"type":"Feature","geometry":{"type":"Polygon","coordinates":[[[-0.260671381158995,51.5138811136013],[-0.262570989159331,51.5095145290101],[-0.263028510147249,51.5081461477571],[-0.265964724241399,51.5098490485783],[-0.264099634305655,51.5129777866143],[-0.262083074071302,51.5144395148555],[-0.260671381158995,51.5138811136013]]]},"properties":{"LSOA21CD":"E01001200","LSOA21NM":"Ealing 025A"}},{"type":"Feature","geometry":{"type":"Polygon","coordinates":[[[-0.264099634305655,51.5129777866143],[-0.265964724241399,51.5098490485783],[-0.268419080343702,51.5088445853488],[-0.269159358189266,51.5116006812631],[-0.269062882576865,51.5136448556699],[-0.264099634305655,51.5129777866143]]]},"properties":{"LSOA21CD":"E01001201","LSOA21NM":"Ealing 025B"}},{"type":"Feature","geometry":{"type":"Polygon","coordinates":[[[-0.269159358189266,51.5116006812631],[-0.268419080343702,51.5088445853488],[-0.267806132711439,51.5067363346036],[-0.269410930716799,51.5068035839488],[-0.274154169890527,51.5082140736402],[-0.27265236996234,51.5104506417666],[-0.27056262937608,51.5119755615626],[-0.269159358189266,51.5116006812631]]]},"properties":{"LSOA21CD":"E01001202","LSOA21NM":"Ealing 025C"}},{"type":"Feature","geometry":{"type":"Polygon","coordinates":[[[-0.263028510147249,51.5081461477571],[-0.26322848131558,51.5075811683082],[-0.263694566381528,51.5065188633898],[-0.267806132711439,51.5067363346036],[-0.268419080343702,51.5088445853488],[-0.265964724241399,51.5098490485783],[-0.263028510147249,51.5081461477571]]]},"properties":{"LSOA21CD":"E01001203","LSOA21NM":"Ealing 025D"}},{"type":"Feature","geometry":{"type":"Polygon","coordinates":[[[-0.323045574597173,51.5208207414509],[-0.322762556081836,51.5185873234717],[-0.324926507082434,51.5169815867952],[-0.328145275517453,51.5208427298008],[-0.327122928298746,51.5228031809915],[-0.323984559290663,51.5245757299457],[-0.323045574597173,51.5208207414509]]]},"properties":{"LSOA21CD":"E01001204","LSOA21NM":"Ealing 018A"}},{"type":"Feature","geometry":{"type":"Polygon","coordinates":[[[-0.324926507082434,51.5169815867952],[-0.327529487688868,51.5128751032518],[-0.335020529022041,51.51213750902],[-0.335779266082603,51.5120673955953],[-0.335350313829746,51.5121871696581],[-0.329840079554251,51.5142708469738],[-0.330849641780416,51.5177677282705],[-0.328145275517453,51.5208427298008],[-0.324926507082434,51.5169815867952]]]},"properties":{"LSOA21CD":"E01001205","LSOA21NM":"Ealing 018B"}},{"type":"Feature","geometry":{"type":"Polygon","coordinates":[[[-0.327122928298746,51.5228031809915],[-0.328145275517453,51.5208427298008],[-0.330849641780416,51.5177677282705],[-0.331403474270069,51.5199433276288],[-0.333149777636576,51.5242352734603],[-0.332528835935648,51.5243729288699],[-0.327122928298746,51.5228031809915]]]},"properties":{"LSOA21CD":"E01001206","LSOA21NM":"Ealing 018C"}},{"type":"Feature","geometry":{"type":"Polygon","coordinates":[[[-0.321810580522519,51.5164233063514],[-0.319700485512638,51.5135347048374],[-0.323600969888719,51.5132190668648],[-0.327529487688868,51.5128751032518],[-0.324926507082434,51.5169815867952],[-0.322762556081836,51.5185873234717],[-0.321810580522519,51.5164233063514]]]},"properties":{"LSOA21CD":"E01001207","LSOA21NM":"Ealing 018D"}},{"type":"Feature","geometry":{"type":"Polygon","coordinates":[[[-0.318627616721041,51.528806937226],[-0.317426228176672,51.525359828009],[-0.323984559290663,51.5245757299457],[-0.327122928298746,51.5228031809915],[-0.332528835935648,51.5243729288699],[-0.333575418736004,51.5262782695038],[-0.333671240178644,51.5264527079403],[-0.333610605964258,51.5264471528838],[-0.327245630882844,51.5258638545401],[-0.326281065423218,51.5290470493766],[-0.321395594285939,51.5315191444761],[-0.318627616721041,51.528806937226]]]},"properties":{"LSOA21CD":"E01001208","LSOA21NM":"Ealing 018E"}},{"type":"Feature","geometry":{"type":"Polygon","coordinates":[[[-0.31007672239721,51.5296730269565],[-0.308960699143132,51.5269500641721],[-0.314767634224203,51.524284847997],[-0.317426228176672,51.525359828009],[-0.318627616721041,51.528806937226],[-0.313873222391703,51.5312127458272],[-0.31007672239721,51.5296730269565]]]},"properties":{"LSOA21CD":"E01001209","LSOA21NM":"Ealing 013A"}},{"type":"Feature","geometry":{"type":"Polygon","coordinates":[[[-0.326281065423218,51.5290470493766],[-0.327245630882844,51.5258638545401],[-0.333610605964258,51.5264471528838],[-0.333671240178644,51.5264527079403],[-0.333575418736004,51.5262782695038],[-0.332528835935648,51.5243729288699],[-0.333149777636576,51.5242352734603],[-0.334627141132488,51.527045748286],[-0.333790008669826,51.5271080073352],[-0.33394530291266,51.528053494662],[-0.33408594476207,51.5283415782951],[-0.327811652497747,51.5310539982059],[-0.326281065423218,51.5290470493766]]]},"properties":{"LSOA21CD":"E01001210","LSOA21NM":"Ealing 016A"}},{"type":"Feature","geometry":{"type":"Polygon","coordinates":[[[-0.308438348969167,51.5228226185117],[-0.311394565836914,51.5213215138239],[-0.314767634224203,51.524284847997],[-0.308960699143132,51.5269500641721],[-0.308438348969167,51.5228226185117]]]},"properties":{"LSOA21CD":"E01001211","LSOA21NM":"Ealing 013B"}},{"type":"Feature","geometry":{"type":"Polygon","coordinates":[[[-0.314767634224203,51.524284847997],[-0.311394565836914,51.5213215138239],[-0.314804540758097,51.5217731517971],[-0.323045574597173,51.5208207414509],[-0.323984559290663,51.5245757299457],[-0.317426228176672,51.525359828009],[-0.314767634224203,51.524284847997]]]},"properties":{"LSOA21CD":"E01001212","LSOA21NM":"Ealing 018F"}},{"type":"Feature","geometry":{"type":"Polygon","coordinates":[[[-0.375557284870662,51.5159915584472],[-0.372285683882856,51.5157404504528],[-0.371881758074593,51.51370492441],[-0.375434460139072,51.5153071236779],[-0.378384040973268,51.5118068547811],[-0.380092831924347,51.5117717684666],[-0.380257721817662,51.5164221292974],[-0.375557284870662,51.5159915584472]]]},"properties":{"LSOA21CD":"E01001213","LSOA21NM":"Ealing 023A"}},{"type":"Feature","geometry":{"type":"Polygon","coordinates":[[[-0.364707321252792,51.5176131699216],[-0.360797735496242,51.5143012522552],[-0.365272782485153,51.5141029586341],[-0.371562039582978,51.513210374276],[-0.371881758074593,51.51370492441],[-0.372285683882856,51.5157404504528],[-0.367815995824755,51.5191904585586],[-0.364707321252792,51.5176131699216]]]},"properties":{"LSOA21CD":"E01001214","LSOA21NM":"Ealing 023B"}},{"type":"Feature","geometry":{"type":"Polygon","coordinates":[[[-0.371881758074593,51.51370492441],[-0.371562039582978,51.513210374276],[-0.370738449625008,51.510728549177],[-0.378384040973268,51.5118068547811],[-0.375434460139072,51.5153071236779],[-0.371881758074593,51.51370492441]]]},"properties":{"LSOA21CD":"E01001215","LSOA21NM":"Ealing 023C"}},{"type":"Feature","geometry":{"type":"Polygon","coordinates":[[[-0.363800376225645,51.5107764925162],[-0.366926800698288,51.51130981854],[-0.370738449625008,51.510728549177],[-0.371562039582978,51.513210374276],[-0.365272782485153,51.5141029586341],[-0.363800376225645,51.5107764925162]]]},"properties":{"LSOA21CD":"E01001216","LSOA21NM":"Ealing 023D"}},{"type":"Feature","geometry":{"type":"Polygon","coordinates":[[[-0.361484472076585,51.5192541007935],[-0.364707321252792,51.5176131699216],[-0.367815995824755,51.5191904585586],[-0.367690355547719,51.5193402320843],[-0.364252345977103,51.5234908613092],[-0.364080036236151,51.5237566024856],[-0.360280889015352,51.5239796279482],[-0.361484472076585,51.5192541007935]]]},"properties":{"LSOA21CD":"E01001217","LSOA21NM":"Ealing 014A"}},{"type":"Feature","geometry":{"type":"Polygon","coordinates":[[[-0.35719691151369,51.5238157764052],[-0.354415486216435,51.5211755334565],[-0.355410918701687,51.5153626263244],[-0.358776925272446,51.518619048059],[-0.361484472076585,51.5192541007935],[-0.360280889015352,51.5239796279482],[-0.35719691151369,51.5238157764052]]]},"properties":{"LSOA21CD":"E01001218","LSOA21NM":"Ealing 012A"}},{"type":"Feature","geometry":{"type":"Polygon","coordinates":[[[-0.358776925272446,51.518619048059],[-0.360797735496242,51.5143012522552],[-0.364707321252792,51.5176131699216],[-0.361484472076585,51.5192541007935],[-0.358776925272446,51.518619048059]]]},"properties":{"LSOA21CD":"E01001219","LSOA21NM":"Ealing 029A"}},{"type":"Feature","geometry":{"type":"Polygon","coordinates":[[[-0.349215432518683,51.5164956468161],[-0.351086243163204,51.511560101995],[-0.343809768583539,51.5109933403403],[-0.354768814187819,51.509419083755],[-0.354906462932034,51.5094462659469],[-0.363800376225645,51.5107764925162],[-0.365272782485153,51.5141029586341],[-0.360797735496242,51.5143012522552],[-0.358776925272446,51.518619048059],[-0.355410918701687,51.5153626263244],[-0.354415486216435,51.5211755334565],[-0.351096643104056,51.521574144185],[-0.349215432518683,51.5164956468161]]]},"properties":{"LSOA21CD":"E01001220","LSOA21NM":"Ealing 029B"}},{"type":"Feature","geometry":{"type":"Polygon","coordinates":[[[-0.29847257576902,51.5188111491991],[-0.304926396745981,51.5192738460018],[-0.303646592521622,51.5226712166463],[-0.298837310400307,51.5230758449107],[-0.29847257576902,51.5188111491991]]]},"properties":{"LSOA21CD":"E01001223","LSOA21NM":"Ealing 041B"}},{"type":"Feature","geometry":{"type":"Polygon","coordinates":[[[-0.314893490012648,51.5193648234659],[-0.319479544869693,51.5164990395254],[-0.321810580522519,51.5164233063514],[-0.322762556081836,51.5185873234717],[-0.323045574597173,51.5208207414509],[-0.314804540758097,51.5217731517971],[-0.314893490012648,51.5193648234659]]]},"properties":{"LSOA21CD":"E01001224","LSOA21NM":"Ealing 019B"}},{"type":"Feature","geometry":{"type":"Polygon","coordinates":[[[-0.29847257576902,51.5188111491991],[-0.300625622768281,51.5154220450006],[-0.304002000526357,51.5139446139083],[-0.306351328674034,51.5168948572326],[-0.305078383671322,51.5225658489939],[-0.303646592521622,51.5226712166463],[-0.304926396745981,51.5192738460018],[-0.29847257576902,51.5188111491991]]]},"properties":{"LSOA21CD":"E01001225","LSOA21NM":"Ealing 041A"}},{"type":"Feature","geometry":{"type":"Polygon","coordinates":[[[-0.305078383671322,51.5225658489939],[-0.306351328674034,51.5168948572326],[-0.308119102948899,51.5166415836223],[-0.310392625315509,51.5177625887303],[-0.311450935125865,51.5203055039782],[-0.314893490012648,51.5193648234659],[-0.314804540758097,51.5217731517971],[-0.311394565836914,51.5213215138239],[-0.308438348969167,51.5228226185117],[-0.305078383671322,51.5225658489939]]]},"properties":{"LSOA21CD":"E01001226","LSOA21NM":"Ealing 019C"}},{"type":"Feature","geometry":{"type":"Polygon","coordinates":[[[-0.310392625315509,51.5177625887303],[-0.318603358555025,51.5150117253796],[-0.319479544869693,51.5164990395254],[-0.314893490012648,51.5193648234659],[-0.311450935125865,51.5203055039782],[-0.310392625315509,51.5177625887303]]]},"properties":{"LSOA21CD":"E01001227","LSOA21NM":"Ealing 019D"}},{"type":"Feature","geometry":{"type":"Polygon","coordinates":[[[-0.308119102948899,51.5166415836223],[-0.308022169102195,51.5142751583187],[-0.308039640128864,51.5127309523848],[-0.310911505241322,51.5122938443294],[-0.314357649577561,51.5138772470037],[-0.318603358555025,51.5150117253796],[-0.310392625315509,51.5177625887303],[-0.308119102948899,51.5166415836223]]]},"properties":{"LSOA21CD":"E01001228","LSOA21NM":"Ealing 019E"}},{"type":"Feature","geometry":{"type":"Polygon","coordinates":[[[-0.298451481134203,51.5034761355227],[-0.294415899868569,51.5014660890294],[-0.300384926190012,51.4994512553351],[-0.303717270044354,51.5032607726987],[-0.298899773640224,51.5046382366136],[-0.298451481134203,51.5034761355227]]]},"properties":{"LSOA21CD":"E01001229","LSOA21NM":"Ealing 031A"}},{"type":"Feature","geometry":{"type":"Polygon","coordinates":[[[-0.299990694180443,51.5081161632171],[-0.298899773640224,51.5046382366136],[-0.303717270044354,51.5032607726987],[-0.305900633894293,51.5046659063079],[-0.305192138341582,51.5084794579228],[-0.299990694180443,51.5081161632171]]]},"properties":{"LSOA21CD":"E01001230","LSOA21NM":"Ealing 031B"}},{"type":"Feature","geometry":{"type":"Polygon","coordinates":[[[-0.286885595917758,51.5068568416047],[-0.284120394734235,51.5050127126036],[-0.280535359512724,51.5031082790824],[-0.280708374514008,51.5027955429933],[-0.285094187459024,51.5009140938374],[-0.2933956443973,51.5015860134582],[-0.289970524252097,51.5033503715068],[-0.292061598847325,51.5068441726272],[-0.287693358040084,51.5081808097681],[-0.286885595917758,51.5068568416047]]]},"properties":{"LSOA21CD":"E01001231","LSOA21NM":"Ealing 027A"}},{"type":"Feature","geometry":{"type":"Polygon","coordinates":[[[-0.292061598847325,51.5068441726272],[-0.289970524252097,51.5033503715068],[-0.2933956443973,51.5015860134582],[-0.294415899868569,51.5014660890294],[-0.298451481134203,51.5034761355227],[-0.292225412848197,51.5077697057813],[-0.292061598847325,51.5068441726272]]]},"properties":{"LSOA21CD":"E01001232","LSOA21NM":"Ealing 031C"}},{"type":"Feature","geometry":{"type":"Polygon","coordinates":[[[-0.303717270044354,51.5032607726987],[-0.300384926190012,51.4994512553351],[-0.300696382784293,51.4993483759127],[-0.305799462649913,51.4983642176487],[-0.306529183183418,51.5005396687737],[-0.30699979114541,51.5029472911559],[-0.305900633894293,51.5046659063079],[-0.303717270044354,51.5032607726987]]]},"properties":{"LSOA21CD":"E01001233","LSOA21NM":"Ealing 031D"}},{"type":"Feature","geometry":{"type":"Polygon","coordinates":[[[-0.288524616237902,51.5150459932973],[-0.288363963184125,51.5148979446383],[-0.288102693193047,51.5116488862423],[-0.287693358040084,51.5081808097681],[-0.292061598847325,51.5068441726272],[-0.292225412848197,51.5077697057813],[-0.296072861033548,51.5111527072528],[-0.290601621889521,51.5110648698562],[-0.291573545703724,51.5159059284887],[-0.288524616237902,51.5150459932973]]]},"properties":{"LSOA21CD":"E01001234","LSOA21NM":"Ealing 027B"}},{"type":"Feature","geometry":{"type":"Polygon","coordinates":[[[-0.291573545703724,51.5159059284887],[-0.290601621889521,51.5110648698562],[-0.296072861033548,51.5111527072528],[-0.297013234406283,51.5115756689792],[-0.300012271342587,51.5129312453007],[-0.299216769115292,51.5154357904299],[-0.291524442490851,51.5164838185453],[-0.291573545703724,51.5159059284887]]]},"properties":{"LSOA21CD":"E01001235","LSOA21NM":"Ealing 042D"}},{"type":"Feature","geometry":{"type":"Polygon","coordinates":[[[-0.297013234406283,51.5115756689792],[-0.299990694180443,51.5081161632171],[-0.305192138341582,51.5084794579228],[-0.305561212288741,51.5103992684551],[-0.300012271342587,51.5129312453007],[-0.297013234406283,51.5115756689792]]]},"properties":{"LSOA21CD":"E01001236","LSOA21NM":"Ealing 042C"}},{"type":"Feature","geometry":{"type":"Polygon","coordinates":[[[-0.296072861033548,51.5111527072528],[-0.292225412848197,51.5077697057813],[-0.298451481134203,51.5034761355227],[-0.298899773640224,51.5046382366136],[-0.299990694180443,51.5081161632171],[-0.297013234406283,51.5115756689792],[-0.296072861033548,51.5111527072528]]]},"properties":{"LSOA21CD":"E01001237","LSOA21NM":"Ealing 031E"}},{"type":"Feature","geometry":{"type":"Polygon","coordinates":[[[-0.251317616339872,51.5214777010314],[-0.251127349792152,51.5212293274408],[-0.256942857129407,51.5175916478625],[-0.259929389346911,51.5213594751367],[-0.256338408000196,51.522151705883],[-0.259290773530944,51.5256304602673],[-0.250532929970207,51.5278107725115],[-0.251317616339872,51.5214777010314]]]},"properties":{"LSOA21CD":"E01001239","LSOA21NM":"Ealing 015C"}},{"type":"Feature","geometry":{"type":"Polygon","coordinates":[[[-0.25037775997089,51.5200360184343],[-0.249712356427087,51.5157506568045],[-0.249172105621361,51.5141316051073],[-0.252352202259985,51.5140798014468],[-0.252661609564865,51.5174656151689],[-0.256303522573211,51.5168414276314],[-0.256942857129407,51.5175916478625],[-0.251127349792152,51.5212293274408],[-0.25037775997089,51.5200360184343]]]},"properties":{"LSOA21CD":"E01001240","LSOA21NM":"Ealing 024A"}},{"type":"Feature","geometry":{"type":"Polygon","coordinates":[[[-0.252352202259985,51.5140798014468],[-0.251384149629542,51.5089931803371],[-0.26322848131558,51.5075811683082],[-0.263028510147249,51.5081461477571],[-0.262570989159331,51.5095145290101],[-0.254341725188884,51.5121921905475],[-0.257963480861301,51.5156531435293],[-0.256303522573211,51.5168414276314],[-0.252661609564865,51.5174656151689],[-0.252352202259985,51.5140798014468]]]},"properties":{"LSOA21CD":"E01001241","LSOA21NM":"Ealing 024B"}},{"type":"Feature","geometry":{"type":"Polygon","coordinates":[[[-0.262570989159331,51.5095145290101],[-0.260671381158995,51.5138811136013],[-0.259778190679966,51.5151963775761],[-0.257963480861301,51.5156531435293],[-0.254341725188884,51.5121921905475],[-0.262570989159331,51.5095145290101]]]},"properties":{"LSOA21CD":"E01001242","LSOA21NM":"Ealing 024C"}},{"type":"Feature","geometry":{"type":"Polygon","coordinates":[[[-0.24897294961434,51.513881157948],[-0.245486966426474,51.5079122961622],[-0.245063598234312,51.5067428242107],[-0.246489378424792,51.5067327434526],[-0.248649236902949,51.508426759745],[-0.251384149629542,51.5089931803371],[-0.252352202259985,51.5140798014468],[-0.249172105621361,51.5141316051073],[-0.24897294961434,51.513881157948]]]},"properties":{"LSOA21CD":"E01001243","LSOA21NM":"Ealing 024D"}},{"type":"Feature","geometry":{"type":"Polygon","coordinates":[[[-0.248649236902949,51.508426759745],[-0.251107984442438,51.5056721070249],[-0.263694566381528,51.5065188633898],[-0.26322848131558,51.5075811683082],[-0.251384149629542,51.5089931803371],[-0.248649236902949,51.508426759745]]]},"properties":{"LSOA21CD":"E01001244","LSOA21NM":"Ealing 024E"}},{"type":"Feature","geometry":{"type":"Polygon","coordinates":[[[-0.246489378424792,51.5067327434526],[-0.246075564258936,51.5045903809205],[-0.250834359668977,51.504557930161],[-0.250995148732776,51.504628940338],[-0.251107984442438,51.5056721070249],[-0.248649236902949,51.508426759745],[-0.246489378424792,51.5067327434526]]]},"properties":{"LSOA21CD":"E01001245","LSOA21NM":"Ealing 024F"}},{"type":"Feature","geometry":{"type":"Polygon","coordinates":[[[-0.255640261031448,51.5339872921807],[-0.24712975016779,51.5334428001617],[-0.246370875372233,51.5328005226537],[-0.250532929970207,51.5278107725115],[-0.259290773530944,51.5256304602673],[-0.26118583744178,51.5241929195717],[-0.262438152631399,51.524451990714],[-0.266779142965467,51.5304327067387],[-0.2604107397294,51.5345353196242],[-0.255640261031448,51.5339872921807]]]},"properties":{"LSOA21CD":"E01001246","LSOA21NM":"Ealing 015D"}},{"type":"Feature","geometry":{"type":"Polygon","coordinates":[[[-0.262438152631399,51.524451990714],[-0.265927912044131,51.5250992350244],[-0.262666546399398,51.5222358762088],[-0.265187661112971,51.5193526256501],[-0.268483594140336,51.5207959414981],[-0.271761451790828,51.5244304711654],[-0.278492436294052,51.5197424307746],[-0.283458641266694,51.5235357001832],[-0.283960577305464,51.5264908571873],[-0.282957544422141,51.5288456367274],[-0.266779142965467,51.5304327067387],[-0.262438152631399,51.524451990714]]]},"properties":{"LSOA21CD":"E01001247","LSOA21NM":"Ealing 015E"}},{"type":"Feature","geometry":{"type":"Polygon","coordinates":[[[-0.331032885184447,51.5024148432063],[-0.32977364890173,51.5013701725679],[-0.324848857577433,51.4959300875065],[-0.331114193859504,51.4955144852399],[-0.335450680914507,51.4962128102972],[-0.343552185898656,51.5033375393156],[-0.339671108403397,51.5024073646521],[-0.33820803916015,51.5006838996883],[-0.331278074050982,51.504857621925],[-0.331032885184447,51.5024148432063]]]},"properties":{"LSOA21CD":"E01001248","LSOA21NM":"Ealing 035A"}},{"type":"Feature","geometry":{"type":"Polygon","coordinates":[[[-0.319563683942294,51.5112987147445],[-0.319476541866759,51.5109037229911],[-0.321911941765786,51.5105129779619],[-0.326658384765643,51.5097395901798],[-0.323600969888719,51.5132190668648],[-0.319700485512638,51.5135347048374],[-0.319563683942294,51.5112987147445]]]},"properties":{"LSOA21CD":"E01001249","LSOA21NM":"Ealing 028A"}},{"type":"Feature","geometry":{"type":"Polygon","coordinates":[[[-0.326658384765643,51.5097395901798],[-0.327438977345096,51.506756083871],[-0.334033204401118,51.5081529043521],[-0.332875434233641,51.5105016838917],[-0.335020529022041,51.51213750902],[-0.327529487688868,51.5128751032518],[-0.323600969888719,51.5132190668648],[-0.326658384765643,51.5097395901798]]]},"properties":{"LSOA21CD":"E01001250","LSOA21NM":"Ealing 028B"}},{"type":"Feature","geometry":{"type":"Polygon","coordinates":[[[-0.332875434233641,51.5105016838917],[-0.339478728661317,51.5082306664969],[-0.342852760078896,51.5087908659592],[-0.343809768583539,51.5109933403403],[-0.335779266082603,51.5120673955953],[-0.335020529022041,51.51213750902],[-0.332875434233641,51.5105016838917]]]},"properties":{"LSOA21CD":"E01001251","LSOA21NM":"Ealing 030A"}},{"type":"Feature","geometry":{"type":"Polygon","coordinates":[[[-0.334033204401118,51.5081529043521],[-0.331474326960037,51.505534927446],[-0.337394439158799,51.5058816699618],[-0.339478728661317,51.5082306664969],[-0.332875434233641,51.5105016838917],[-0.334033204401118,51.5081529043521]]]},"properties":{"LSOA21CD":"E01001252","LSOA21NM":"Ealing 030B"}},{"type":"Feature","geometry":{"type":"Polygon","coordinates":[[[-0.331474326960037,51.505534927446],[-0.331278074050982,51.504857621925],[-0.33820803916015,51.5006838996883],[-0.339671108403397,51.5024073646521],[-0.337394439158799,51.5058816699618],[-0.331474326960037,51.505534927446]]]},"properties":{"LSOA21CD":"E01001253","LSOA21NM":"Ealing 030C"}},{"type":"Feature","geometry":{"type":"Polygon","coordinates":[[[-0.339478728661317,51.5082306664969],[-0.337394439158799,51.5058816699618],[-0.339671108403397,51.5024073646521],[-0.343552185898656,51.5033375393156],[-0.342852760078896,51.5087908659592],[-0.339478728661317,51.5082306664969]]]},"properties":{"LSOA21CD":"E01001254","LSOA21NM":"Ealing 030D"}},{"type":"Feature","geometry":{"type":"Polygon","coordinates":[[[-0.327438977345096,51.506756083871],[-0.327398265139977,51.5066702370566],[-0.3261495343537,51.5039623712679],[-0.331032885184447,51.5024148432063],[-0.331278074050982,51.504857621925],[-0.331474326960037,51.505534927446],[-0.334033204401118,51.5081529043521],[-0.327438977345096,51.506756083871]]]},"properties":{"LSOA21CD":"E01001255","LSOA21NM":"Ealing 028C"}},{"type":"Feature","geometry":{"type":"Polygon","coordinates":[[[-0.375553017500757,51.5310540627717],[-0.379622042480673,51.5310723736825],[-0.380386871327852,51.5327377713836],[-0.379247282888152,51.5353784489864],[-0.373258806472209,51.5356424155417],[-0.375553017500757,51.5310540627717]]]},"properties":{"LSOA21CD":"E01001257","LSOA21NM":"Ealing 008A"}},{"type":"Feature","geometry":{"type":"Polygon","coordinates":[[[-0.361834186088026,51.5320587292626],[-0.366624368069061,51.5289978857723],[-0.369843435263384,51.5293233516037],[-0.369311079000197,51.5307944202642],[-0.366132026085744,51.5359520696409],[-0.361834186088026,51.5320587292626]]]},"properties":{"LSOA21CD":"E01001258","LSOA21NM":"Ealing 010B"}},{"type":"Feature","geometry":{"type":"Polygon","coordinates":[[[-0.356790678175429,51.5309595739023],[-0.356727250451159,51.5270859687642],[-0.361347022561471,51.5275979619273],[-0.366624368069061,51.5289978857723],[-0.361834186088026,51.5320587292626],[-0.356790678175429,51.5309595739023]]]},"properties":{"LSOA21CD":"E01001259","LSOA21NM":"Ealing 014B"}},{"type":"Feature","geometry":{"type":"Polygon","coordinates":[[[-0.345123366112659,51.5312251192566],[-0.345503108116236,51.5274623817357],[-0.349329060461313,51.5258069099707],[-0.351041033519628,51.5310261642326],[-0.349545883573381,51.5318773375695],[-0.347524631666535,51.534406276681],[-0.345123366112659,51.5312251192566]]]},"properties":{"LSOA21CD":"E01001260","LSOA21NM":"Ealing 012B"}},{"type":"Feature","geometry":{"type":"Polygon","coordinates":[[[-0.351041033519628,51.5310261642326],[-0.349329060461313,51.5258069099707],[-0.351096643104056,51.521574144185],[-0.354415486216435,51.5211755334565],[-0.35719691151369,51.5238157764052],[-0.356727250451159,51.5270859687642],[-0.356790678175429,51.5309595739023],[-0.356461834533613,51.5315800541789],[-0.351041033519628,51.5310261642326]]]},"properties":{"LSOA21CD":"E01001261","LSOA21NM":"Ealing 012C"}},{"type":"Feature","geometry":{"type":"Polygon","coordinates":[[[-0.365785725289003,51.539847944602],[-0.363532781332367,51.5395760803587],[-0.366132026085744,51.5359520696409],[-0.369311079000197,51.5307944202642],[-0.371355906178297,51.5346017447803],[-0.366585695559106,51.5399615118454],[-0.365785725289003,51.539847944602]]]},"properties":{"LSOA21CD":"E01001262","LSOA21NM":"Ealing 010C"}},{"type":"Feature","geometry":{"type":"Polygon","coordinates":[[[-0.373445606864051,51.5414650352077],[-0.370038482841892,51.5405652461008],[-0.366585695559106,51.5399615118454],[-0.371355906178297,51.5346017447803],[-0.373258806472209,51.5356424155417],[-0.379247282888152,51.5353784489864],[-0.378784333026971,51.536416044132],[-0.374371567518446,51.541769346584],[-0.373445606864051,51.5414650352077]]]},"properties":{"LSOA21CD":"E01001263","LSOA21NM":"Ealing 010D"}},{"type":"Feature","geometry":{"type":"Polygon","coordinates":[[[-0.356254634315819,51.5381230114254],[-0.356461834533613,51.5315800541789],[-0.356790678175429,51.5309595739023],[-0.361834186088026,51.5320587292626],[-0.366132026085744,51.5359520696409],[-0.363532781332367,51.5395760803587],[-0.356254634315819,51.5381230114254]]]},"properties":{"LSOA21CD":"E01001264","LSOA21NM":"Ealing 010E"}},{"type":"Feature","geometry":{"type":"Polygon","coordinates":[[[-0.351478485556195,51.540711659748],[-0.354406980475456,51.5377649539356],[-0.356254634315819,51.5381230114254],[-0.363532781332367,51.5395760803587],[-0.365785725289003,51.539847944602],[-0.356604874812563,51.5451813559641],[-0.351478485556195,51.540711659748]]]},"properties":{"LSOA21CD":"E01001265","LSOA21NM":"Ealing 006A"}},{"type":"Feature","geometry":{"type":"Polygon","coordinates":[[[-0.335183178529506,51.5426198067094],[-0.331579823404515,51.5421731961281],[-0.330006653685782,51.538476275011],[-0.33701110320457,51.5390865027587],[-0.336999811504152,51.5344622611565],[-0.345558534801566,51.5359189118107],[-0.346205230973749,51.5367163055029],[-0.341328898137553,51.5460210276541],[-0.335183178529506,51.5426198067094]]]},"properties":{"LSOA21CD":"E01001266","LSOA21NM":"Ealing 006B"}},{"type":"Feature","geometry":{"type":"Polygon","coordinates":[[[-0.346205230973749,51.5367163055029],[-0.345558534801566,51.5359189118107],[-0.345123366112659,51.5312251192566],[-0.347524631666535,51.534406276681],[-0.349545883573381,51.5318773375695],[-0.353474200725979,51.5326442532642],[-0.350423664332871,51.53652819232],[-0.354406980475456,51.5377649539356],[-0.351478485556195,51.540711659748],[-0.346205230973749,51.5367163055029]]]},"properties":{"LSOA21CD":"E01001267","LSOA21NM":"Ealing 006C"}},{"type":"Feature","geometry":{"type":"Polygon","coordinates":[[[-0.354406980475456,51.5377649539356],[-0.350423664332871,51.53652819232],[-0.353474200725979,51.5326442532642],[-0.349545883573381,51.5318773375695],[-0.351041033519628,51.5310261642326],[-0.356461834533613,51.5315800541789],[-0.356254634315819,51.5381230114254],[-0.354406980475456,51.5377649539356]]]},"properties":{"LSOA21CD":"E01001268","LSOA21NM":"Ealing 012D"}},{"type":"Feature","geometry":{"type":"Polygon","coordinates":[[[-0.339135966146985,51.5519332115904],[-0.341328898137553,51.5460210276541],[-0.344255361374738,51.547928236445],[-0.346260509897414,51.5524877548972],[-0.337754542343992,51.5540159828549],[-0.339135966146985,51.5519332115904]]]},"properties":{"LSOA21CD":"E01001269","LSOA21NM":"Ealing 001A"}},{"type":"Feature","geometry":{"type":"Polygon","coordinates":[[[-0.348989142460746,51.5462507481591],[-0.356299047284692,51.5452205945225],[-0.360130973214612,51.5469353807183],[-0.35774893870255,51.5483852810217],[-0.354392551828358,51.5511108672557],[-0.351101241941531,51.551352457929],[-0.348989142460746,51.5462507481591]]]},"properties":{"LSOA21CD":"E01001270","LSOA21NM":"Ealing 004A"}},{"type":"Feature","geometry":{"type":"Polygon","coordinates":[[[-0.354723906739897,51.5533905499489],[-0.347037501154593,51.5524299554854],[-0.346260509897414,51.5524877548972],[-0.344255361374738,51.547928236445],[-0.344933433794757,51.5455555316698],[-0.348989142460746,51.5462507481591],[-0.351101241941531,51.551352457929],[-0.354392551828358,51.5511108672557],[-0.355551051430379,51.5535872281142],[-0.354723906739897,51.5533905499489]]]},"properties":{"LSOA21CD":"E01001271","LSOA21NM":"Ealing 001B"}},{"type":"Feature","geometry":{"type":"Polygon","coordinates":[[[-0.341328898137553,51.5460210276541],[-0.346205230973749,51.5367163055029],[-0.351478485556195,51.540711659748],[-0.356604874812563,51.5451813559641],[-0.356299047284692,51.5452205945225],[-0.348989142460746,51.5462507481591],[-0.344933433794757,51.5455555316698],[-0.344255361374738,51.547928236445],[-0.341328898137553,51.5460210276541]]]},"properties":{"LSOA21CD":"E01001272","LSOA21NM":"Ealing 006D"}},{"type":"Feature","geometry":{"type":"Polygon","coordinates":[[[-0.283458641266694,51.5235357001832],[-0.286895871842362,51.5206771200648],[-0.284519114460225,51.5156393892067],[-0.288524616237902,51.5150459932973],[-0.291573545703724,51.5159059284887],[-0.291524442490851,51.5164838185453],[-0.288163831358794,51.5197804152699],[-0.291551121124513,51.5219544639488],[-0.283960577305464,51.5264908571873],[-0.283458641266694,51.5235357001832]]]},"properties":{"LSOA21CD":"E01001273","LSOA21NM":"Ealing 041C"}},{"type":"Feature","geometry":{"type":"Polygon","coordinates":[[[-0.278492436294052,51.5197424307746],[-0.280694566482549,51.5181575174137],[-0.284519114460225,51.5156393892067],[-0.286895871842362,51.5206771200648],[-0.283458641266694,51.5235357001832],[-0.278492436294052,51.5197424307746]]]},"properties":{"LSOA21CD":"E01001274","LSOA21NM":"Ealing 041E"}},{"type":"Feature","geometry":{"type":"Polygon","coordinates":[[[-0.293864016416243,51.5216448214694],[-0.291551121124513,51.5219544639488],[-0.288163831358794,51.5197804152699],[-0.291524442490851,51.5164838185453],[-0.299216769115292,51.5154357904299],[-0.300625622768281,51.5154220450006],[-0.29847257576902,51.5188111491991],[-0.298837310400307,51.5230758449107],[-0.293864016416243,51.5216448214694]]]},"properties":{"LSOA21CD":"E01001275","LSOA21NM":"Ealing 041D"}},{"type":"Feature","geometry":{"type":"Polygon","coordinates":[[[-0.283626434527929,51.5329744035196],[-0.289366400750024,51.5316673819388],[-0.291692775823715,51.5317182727369],[-0.286690479842008,51.5367714286518],[-0.282539840621571,51.5386275659079],[-0.277859401574199,51.5349874071779],[-0.283626434527929,51.5329744035196]]]},"properties":{"LSOA21CD":"E01001276","LSOA21NM":"Ealing 011A"}},{"type":"Feature","geometry":{"type":"Polygon","coordinates":[[[-0.291692775823715,51.5317182727369],[-0.292445480521588,51.5283623336031],[-0.293937988760566,51.5258252425863],[-0.299189938720157,51.526156134029],[-0.298255986534688,51.5295200955271],[-0.305127183634446,51.530599256201],[-0.306112526040556,51.531706708223],[-0.302708860929519,51.5319832906488],[-0.29318106586513,51.5349981171082],[-0.290544661310453,51.5356876042186],[-0.286690479842008,51.5367714286518],[-0.291692775823715,51.5317182727369]]]},"properties":{"LSOA21CD":"E01001277","LSOA21NM":"Ealing 011B"}},{"type":"Feature","geometry":{"type":"Polygon","coordinates":[[[-0.289366400750024,51.5316673819388],[-0.28347491184243,51.5289517085919],[-0.282957544422141,51.5288456367274],[-0.283960577305464,51.5264908571873],[-0.291551121124513,51.5219544639488],[-0.293864016416243,51.5216448214694],[-0.289681157362311,51.5248183171718],[-0.292445480521588,51.5283623336031],[-0.291692775823715,51.5317182727369],[-0.289366400750024,51.5316673819388]]]},"properties":{"LSOA21CD":"E01001278","LSOA21NM":"Ealing 011C"}},{"type":"Feature","geometry":{"type":"Polygon","coordinates":[[[-0.299189938720157,51.526156134029],[-0.304302590073446,51.5252680004776],[-0.305127183634446,51.530599256201],[-0.298255986534688,51.5295200955271],[-0.299189938720157,51.526156134029]]]},"properties":{"LSOA21CD":"E01001279","LSOA21NM":"Ealing 013C"}},{"type":"Feature","geometry":{"type":"Polygon","coordinates":[[[-0.293864016416243,51.5216448214694],[-0.298837310400307,51.5230758449107],[-0.303646592521622,51.5226712166463],[-0.304302590073446,51.5252680004776],[-0.299189938720157,51.526156134029],[-0.293937988760566,51.5258252425863],[-0.292445480521588,51.5283623336031],[-0.289681157362311,51.5248183171718],[-0.293864016416243,51.5216448214694]]]},"properties":{"LSOA21CD":"E01001280","LSOA21NM":"Ealing 011D"}},{"type":"Feature","geometry":{"type":"Polygon","coordinates":[[[-0.305127183634446,51.530599256201],[-0.304302590073446,51.5252680004776],[-0.303646592521622,51.5226712166463],[-0.305078383671322,51.5225658489939],[-0.308438348969167,51.5228226185117],[-0.308960699143132,51.5269500641721],[-0.31007672239721,51.5296730269565],[-0.306112526040556,51.531706708223],[-0.305127183634446,51.530599256201]]]},"properties":{"LSOA21CD":"E01001281","LSOA21NM":"Ealing 013D"}},{"type":"Feature","geometry":{"type":"Polygon","coordinates":[[[-0.333149777636576,51.5242352734603],[-0.331403474270069,51.5199433276288],[-0.335321737214653,51.5224328154747],[-0.337128246159668,51.5254551572069],[-0.338077243260726,51.5271052130616],[-0.33394530291266,51.528053494662],[-0.333790008669826,51.5271080073352],[-0.334627141132488,51.527045748286],[-0.333149777636576,51.5242352734603]]]},"properties":{"LSOA21CD":"E01001282","LSOA21NM":"Ealing 016B"}},{"type":"Feature","geometry":{"type":"Polygon","coordinates":[[[-0.33394530291266,51.528053494662],[-0.338077243260726,51.5271052130616],[-0.337128246159668,51.5254551572069],[-0.340498090191967,51.5229507050542],[-0.346301174958414,51.5221505474268],[-0.341869037679776,51.5248876314746],[-0.344130741511988,51.5274035154299],[-0.33408594476207,51.5283415782951],[-0.33394530291266,51.528053494662]]]},"properties":{"LSOA21CD":"E01001283","LSOA21NM":"Ealing 016C"}},{"type":"Feature","geometry":{"type":"Polygon","coordinates":[[[-0.344130741511988,51.5274035154299],[-0.341869037679776,51.5248876314746],[-0.346301174958414,51.5221505474268],[-0.340498090191967,51.5229507050542],[-0.340488903093888,51.5217809774361],[-0.347253391101664,51.5205355106014],[-0.343656062616253,51.5194417883322],[-0.342983933922441,51.5171617029698],[-0.349215432518683,51.5164956468161],[-0.351096643104056,51.521574144185],[-0.349329060461313,51.5258069099707],[-0.345503108116236,51.5274623817357],[-0.344130741511988,51.5274035154299]]]},"properties":{"LSOA21CD":"E01001284","LSOA21NM":"Ealing 022A"}},{"type":"Feature","geometry":{"type":"Polygon","coordinates":[[[-0.335321737214653,51.5224328154747],[-0.336610555663988,51.5178319726545],[-0.342481946214072,51.517082114204],[-0.342983933922441,51.5171617029698],[-0.343656062616253,51.5194417883322],[-0.340488903093888,51.5217809774361],[-0.340498090191967,51.5229507050542],[-0.337128246159668,51.5254551572069],[-0.335321737214653,51.5224328154747]]]},"properties":{"LSOA21CD":"E01001285","LSOA21NM":"Ealing 016D"}},{"type":"Feature","geometry":{"type":"Polygon","coordinates":[[[-0.331403474270069,51.5199433276288],[-0.330849641780416,51.5177677282705],[-0.329840079554251,51.5142708469738],[-0.334288463760349,51.5175554921261],[-0.336610555663988,51.5178319726545],[-0.335321737214653,51.5224328154747],[-0.331403474270069,51.5199433276288]]]},"properties":{"LSOA21CD":"E01001286","LSOA21NM":"Ealing 016E"}},{"type":"Feature","geometry":{"type":"Polygon","coordinates":[[[-0.343656062616253,51.5194417883322],[-0.347253391101664,51.5205355106014],[-0.340488903093888,51.5217809774361],[-0.343656062616253,51.5194417883322]]]},"properties":{"LSOA21CD":"E01001287","LSOA21NM":"Ealing 016F"}},{"type":"Feature","geometry":{"type":"Polygon","coordinates":[[[-0.334288463760349,51.5175554921261],[-0.336900238272769,51.5146833384289],[-0.342481946214072,51.517082114204],[-0.336610555663988,51.5178319726545],[-0.334288463760349,51.5175554921261]]]},"properties":{"LSOA21CD":"E01001288","LSOA21NM":"Ealing 022B"}},{"type":"Feature","geometry":{"type":"Polygon","coordinates":[[[-0.329840079554251,51.5142708469738],[-0.335350313829746,51.5121871696581],[-0.336900238272769,51.5146833384289],[-0.334288463760349,51.5175554921261],[-0.329840079554251,51.5142708469738]]]},"properties":{"LSOA21CD":"E01001289","LSOA21NM":"Ealing 022C"}},{"type":"Feature","geometry":{"type":"Polygon","coordinates":[[[-0.342481946214072,51.517082114204],[-0.336900238272769,51.5146833384289],[-0.335350313829746,51.5121871696581],[-0.335779266082603,51.5120673955953],[-0.343809768583539,51.5109933403403],[-0.351086243163204,51.511560101995],[-0.349215432518683,51.5164956468161],[-0.342983933922441,51.5171617029698],[-0.342481946214072,51.517082114204]]]},"properties":{"LSOA21CD":"E01001290","LSOA21NM":"Ealing 022D"}},{"type":"Feature","geometry":{"type":"Polygon","coordinates":[[[-0.366624368069061,51.5289978857723],[-0.361347022561471,51.5275979619273],[-0.364786424246862,51.5256191242529],[-0.370675420234623,51.5274726767083],[-0.372267766718139,51.5289927067746],[-0.369843435263384,51.5293233516037],[-0.366624368069061,51.5289978857723]]]},"properties":{"LSOA21CD":"E01001291","LSOA21NM":"Ealing 014C"}},{"type":"Feature","geometry":{"type":"Polygon","coordinates":[[[-0.356727250451159,51.5270859687642],[-0.35719691151369,51.5238157764052],[-0.360280889015352,51.5239796279482],[-0.364080036236151,51.5237566024856],[-0.364786424246862,51.5256191242529],[-0.361347022561471,51.5275979619273],[-0.356727250451159,51.5270859687642]]]},"properties":{"LSOA21CD":"E01001292","LSOA21NM":"Ealing 014D"}},{"type":"Feature","geometry":{"type":"Polygon","coordinates":[[[-0.364786424246862,51.5256191242529],[-0.364080036236151,51.5237566024856],[-0.364252345977103,51.5234908613092],[-0.36664753489465,51.5226050600278],[-0.370058950835478,51.52636623065],[-0.370675420234623,51.5274726767083],[-0.364786424246862,51.5256191242529]]]},"properties":{"LSOA21CD":"E01001293","LSOA21NM":"Ealing 014E"}},{"type":"Feature","geometry":{"type":"Polygon","coordinates":[[[-0.372267766718139,51.5289927067746],[-0.370675420234623,51.5274726767083],[-0.370058950835478,51.52636623065],[-0.374716887979478,51.5221297723058],[-0.370417183682855,51.5219148683759],[-0.374806089202944,51.5210367717041],[-0.3783972373441,51.5224034638196],[-0.376040890387446,51.5266174588539],[-0.376359000878541,51.5288418539427],[-0.375175003749195,51.5297283453567],[-0.372267766718139,51.5289927067746]]]},"properties":{"LSOA21CD":"E01001294","LSOA21NM":"Ealing 017A"}},{"type":"Feature","geometry":{"type":"Polygon","coordinates":[[[-0.36664753489465,51.5226050600278],[-0.370417183682855,51.5219148683759],[-0.374716887979478,51.5221297723058],[-0.370058950835478,51.52636623065],[-0.36664753489465,51.5226050600278]]]},"properties":{"LSOA21CD":"E01001295","LSOA21NM":"Ealing 017B"}},{"type":"Feature","geometry":{"type":"Polygon","coordinates":[[[-0.367690355547719,51.5193402320843],[-0.374091626788356,51.5200966282308],[-0.374806089202944,51.5210367717041],[-0.370417183682855,51.5219148683759],[-0.36664753489465,51.5226050600278],[-0.364252345977103,51.5234908613092],[-0.367690355547719,51.5193402320843]]]},"properties":{"LSOA21CD":"E01001296","LSOA21NM":"Ealing 017C"}},{"type":"Feature","geometry":{"type":"Polygon","coordinates":[[[-0.374806089202944,51.5210367717041],[-0.374091626788356,51.5200966282308],[-0.375557284870662,51.5159915584472],[-0.380257721817662,51.5164221292974],[-0.383435569621397,51.5175048996986],[-0.382905634601843,51.5179499449348],[-0.3783972373441,51.5224034638196],[-0.374806089202944,51.5210367717041]]]},"properties":{"LSOA21CD":"E01001297","LSOA21NM":"Ealing 017D"}},{"type":"Feature","geometry":{"type":"Polygon","coordinates":[[[-0.367690355547719,51.5193402320843],[-0.367815995824755,51.5191904585586],[-0.372285683882856,51.5157404504528],[-0.375557284870662,51.5159915584472],[-0.374091626788356,51.5200966282308],[-0.367690355547719,51.5193402320843]]]},"properties":{"LSOA21CD":"E01001298","LSOA21NM":"Ealing 017E"}},{"type":"Feature","geometry":{"type":"Polygon","coordinates":[[[-0.319842985097538,51.4982338051826],[-0.324568845839191,51.4959562230202],[-0.324848857577433,51.4959300875065],[-0.32977364890173,51.5013701725679],[-0.322934204396969,51.5018390749544],[-0.319842985097538,51.4982338051826]]]},"properties":{"LSOA21CD":"E01001299","LSOA21NM":"Ealing 035B"}},{"type":"Feature","geometry":{"type":"Polygon","coordinates":[[[-0.311727682231766,51.4974955551775],[-0.311629006438731,51.4974977720508],[-0.305653948302706,51.4976318652174],[-0.30901213862533,51.4963583718161],[-0.309464730289971,51.4962660085356],[-0.312749118011621,51.4965199544318],[-0.313578772674759,51.498607361865],[-0.307048036564282,51.5004690282263],[-0.311679221285459,51.497526350647],[-0.311727682231766,51.4974955551775]]]},"properties":{"LSOA21CD":"E01001300","LSOA21NM":"Ealing 039A"}},{"type":"Feature","geometry":{"type":"Polygon","coordinates":[[[-0.306529183183418,51.5005396687737],[-0.305799462649913,51.4983642176487],[-0.300696382784293,51.4993483759127],[-0.297621957762656,51.4949282852254],[-0.300574385192736,51.4944862991464],[-0.305713305470017,51.4944923877769],[-0.30901213862533,51.4963583718161],[-0.305653948302706,51.4976318652174],[-0.311629006438731,51.4974977720508],[-0.311727682231766,51.4974955551775],[-0.311679221285459,51.497526350647],[-0.307048036564282,51.5004690282263],[-0.306529183183418,51.5005396687737]]]},"properties":{"LSOA21CD":"E01001301","LSOA21NM":"Ealing 039B"}},{"type":"Feature","geometry":{"type":"Polygon","coordinates":[[[-0.309464730289971,51.4962660085356],[-0.313712631516191,51.4934251631825],[-0.315864612204332,51.4959057380007],[-0.324568845839191,51.4959562230202],[-0.319842985097538,51.4982338051826],[-0.31547551172425,51.4992328224324],[-0.313578772674759,51.498607361865],[-0.312749118011621,51.4965199544318],[-0.309464730289971,51.4962660085356]]]},"properties":{"LSOA21CD":"E01001302","LSOA21NM":"Ealing 039C"}},{"type":"Feature","geometry":{"type":"Polygon","coordinates":[[[-0.306529183183418,51.5005396687737],[-0.307048036564282,51.5004690282263],[-0.313578772674759,51.498607361865],[-0.31547551172425,51.4992328224324],[-0.315739736425311,51.5003724406443],[-0.311614411870061,51.5018088180067],[-0.30699979114541,51.5029472911559],[-0.306529183183418,51.5005396687737]]]},"properties":{"LSOA21CD":"E01001303","LSOA21NM":"Ealing 032A"}},{"type":"Feature","geometry":{"type":"Polygon","coordinates":[[[-0.305713305470017,51.4944923877769],[-0.309637700991873,51.4930872512378],[-0.311922186753132,51.492029892091],[-0.313712631516191,51.4934251631825],[-0.309464730289971,51.4962660085356],[-0.30901213862533,51.4963583718161],[-0.305713305470017,51.4944923877769]]]},"properties":{"LSOA21CD":"E01001304","LSOA21NM":"Ealing 039D"}},{"type":"Feature","geometry":{"type":"Polygon","coordinates":[[[-0.321869090477245,51.5045007967872],[-0.322934204396969,51.5018390749544],[-0.32977364890173,51.5013701725679],[-0.331032885184447,51.5024148432063],[-0.3261495343537,51.5039623712679],[-0.322408402082808,51.5053021702131],[-0.321869090477245,51.5045007967872]]]},"properties":{"LSOA21CD":"E01001305","LSOA21NM":"Ealing 035C"}},{"type":"Feature","geometry":{"type":"Polygon","coordinates":[[[-0.321053258464697,51.5034914316665],[-0.315739736425311,51.5003724406443],[-0.31547551172425,51.4992328224324],[-0.319842985097538,51.4982338051826],[-0.322934204396969,51.5018390749544],[-0.321869090477245,51.5045007967872],[-0.321053258464697,51.5034914316665]]]},"properties":{"LSOA21CD":"E01001306","LSOA21NM":"Ealing 035D"}},{"type":"Feature","geometry":{"type":"Polygon","coordinates":[[[-0.328858900552373,51.545775504143],[-0.335183178529506,51.5426198067094],[-0.341328898137553,51.5460210276541],[-0.339135966146985,51.5519332115904],[-0.333102260339893,51.5528166457597],[-0.328858900552373,51.545775504143]]]},"properties":{"LSOA21CD":"E01001307","LSOA21NM":"Ealing 002A"}},{"type":"Feature","geometry":{"type":"Polygon","coordinates":[[[-0.315698069640538,51.5505336505792],[-0.312534645725101,51.5490222089286],[-0.308552928646916,51.5432405696957],[-0.313411947471409,51.544454045531],[-0.323496807122306,51.541910638256],[-0.331579823404515,51.5421731961281],[-0.335183178529506,51.5426198067094],[-0.328858900552373,51.545775504143],[-0.322097918685261,51.5511843778876],[-0.319147038549836,51.5520354200213],[-0.315698069640538,51.5505336505792]]]},"properties":{"LSOA21CD":"E01001308","LSOA21NM":"Ealing 002B"}},{"type":"Feature","geometry":{"type":"Polygon","coordinates":[[[-0.345477489546154,51.558375324678],[-0.339804306865273,51.5573039212618],[-0.348904211044526,51.5578297324391],[-0.347037501154593,51.5524299554854],[-0.354723906739897,51.5533905499489],[-0.350843529170739,51.5553109226161],[-0.354314354325277,51.5549642918429],[-0.353430802574017,51.5587317105312],[-0.352475322926402,51.5588645405473],[-0.347534819778429,51.5596850992286],[-0.345477489546154,51.558375324678]]]},"properties":{"LSOA21CD":"E01001309","LSOA21NM":"Ealing 001C"}},{"type":"Feature","geometry":{"type":"Polygon","coordinates":[[[-0.354723906739897,51.5533905499489],[-0.355551051430379,51.5535872281142],[-0.360440550763881,51.5553653250012],[-0.362114744077404,51.5565687458444],[-0.353430802574017,51.5587317105312],[-0.354314354325277,51.5549642918429],[-0.350843529170739,51.5553109226161],[-0.354723906739897,51.5533905499489]]]},"properties":{"LSOA21CD":"E01001310","LSOA21NM":"Ealing 001D"}},{"type":"Feature","geometry":{"type":"Polygon","coordinates":[[[-0.339804306865273,51.5573039212618],[-0.337454380996687,51.5570015162143],[-0.337754542343992,51.5540159828549],[-0.346260509897414,51.5524877548972],[-0.347037501154593,51.5524299554854],[-0.348904211044526,51.5578297324391],[-0.339804306865273,51.5573039212618]]]},"properties":{"LSOA21CD":"E01001311","LSOA21NM":"Ealing 001E"}},{"type":"Feature","geometry":{"type":"Polygon","coordinates":[[[-0.335562417274307,51.5565848062994],[-0.331416199699875,51.5557889108225],[-0.32889516342677,51.5551026875821],[-0.333102260339893,51.5528166457597],[-0.339135966146985,51.5519332115904],[-0.337754542343992,51.5540159828549],[-0.337454380996687,51.5570015162143],[-0.335562417274307,51.5565848062994]]]},"properties":{"LSOA21CD":"E01001312","LSOA21NM":"Ealing 002C"}},{"type":"Feature","geometry":{"type":"Polygon","coordinates":[[[-0.329864830304529,51.5555952231459],[-0.322241170089711,51.5532151473697],[-0.319147038549836,51.5520354200213],[-0.322097918685261,51.5511843778876],[-0.327357172392646,51.549903449394],[-0.32889516342677,51.5551026875821],[-0.331416199699875,51.5557889108225],[-0.329864830304529,51.5555952231459]]]},"properties":{"LSOA21CD":"E01001313","LSOA21NM":"Ealing 002D"}},{"type":"Feature","geometry":{"type":"Polygon","coordinates":[[[-0.322097918685261,51.5511843778876],[-0.328858900552373,51.545775504143],[-0.333102260339893,51.5528166457597],[-0.32889516342677,51.5551026875821],[-0.327357172392646,51.549903449394],[-0.322097918685261,51.5511843778876]]]},"properties":{"LSOA21CD":"E01001314","LSOA21NM":"Ealing 002E"}},{"type":"Feature","geometry":{"type":"Polygon","coordinates":[[[-0.355551051430379,51.5535872281142],[-0.354392551828358,51.5511108672557],[-0.35774893870255,51.5483852810217],[-0.360231809057294,51.5513211143796],[-0.360440550763881,51.5553653250012],[-0.355551051430379,51.5535872281142]]]},"properties":{"LSOA21CD":"E01001315","LSOA21NM":"Ealing 003A"}},{"type":"Feature","geometry":{"type":"Polygon","coordinates":[[[-0.360440550763881,51.5553653250012],[-0.360231809057294,51.5513211143796],[-0.363338526602316,51.5497802198758],[-0.362163218611001,51.5534904928277],[-0.366675231238289,51.5550874686256],[-0.364298022300983,51.5556217603142],[-0.362114744077404,51.5565687458444],[-0.360440550763881,51.5553653250012]]]},"properties":{"LSOA21CD":"E01001316","LSOA21NM":"Ealing 003B"}},{"type":"Feature","geometry":{"type":"Polygon","coordinates":[[[-0.370611786730131,51.5543332515381],[-0.370351793246006,51.5499953577166],[-0.373999269631202,51.5489795283356],[-0.379792965808667,51.5503902142299],[-0.380752543087865,51.5533810396091],[-0.377873639896889,51.5549454781476],[-0.370611786730131,51.5543332515381]]]},"properties":{"LSOA21CD":"E01001317","LSOA21NM":"Ealing 003C"}},{"type":"Feature","geometry":{"type":"Polygon","coordinates":[[[-0.363338526602316,51.5497802198758],[-0.364525770665453,51.5488030050003],[-0.370351793246006,51.5499953577166],[-0.370611786730131,51.5543332515381],[-0.369578804820006,51.5546264658343],[-0.366675231238289,51.5550874686256],[-0.362163218611001,51.5534904928277],[-0.363338526602316,51.5497802198758]]]},"properties":{"LSOA21CD":"E01001318","LSOA21NM":"Ealing 003D"}},{"type":"Feature","geometry":{"type":"Polygon","coordinates":[[[-0.35774893870255,51.5483852810217],[-0.360130973214612,51.5469353807183],[-0.364525770665453,51.5488030050003],[-0.363338526602316,51.5497802198758],[-0.360231809057294,51.5513211143796],[-0.35774893870255,51.5483852810217]]]},"properties":{"LSOA21CD":"E01001319","LSOA21NM":"Ealing 004B"}},{"type":"Feature","geometry":{"type":"Polygon","coordinates":[[[-0.379792965808667,51.5503902142299],[-0.382426523960858,51.544595174399],[-0.394984487400555,51.5480086119012],[-0.38831283181534,51.5502449049512],[-0.380752543087865,51.5533810396091],[-0.379792965808667,51.5503902142299]]]},"properties":{"LSOA21CD":"E01001320","LSOA21NM":"Ealing 003E"}},{"type":"Feature","geometry":{"type":"Polygon","coordinates":[[[-0.373999269631202,51.5489795283356],[-0.373184878616174,51.5479257281936],[-0.376686397332147,51.5479937609961],[-0.373445606864051,51.5414650352077],[-0.374371567518446,51.541769346584],[-0.378355951150526,51.5431673343376],[-0.382426523960858,51.544595174399],[-0.379792965808667,51.5503902142299],[-0.373999269631202,51.5489795283356]]]},"properties":{"LSOA21CD":"E01001321","LSOA21NM":"Ealing 003F"}},{"type":"Feature","geometry":{"type":"Polygon","coordinates":[[[-0.364525770665453,51.5488030050003],[-0.360130973214612,51.5469353807183],[-0.356299047284692,51.5452205945225],[-0.356604874812563,51.5451813559641],[-0.365785725289003,51.539847944602],[-0.366585695559106,51.5399615118454],[-0.370038482841892,51.5405652461008],[-0.368353208784364,51.5469195961131],[-0.373184878616174,51.5479257281936],[-0.373999269631202,51.5489795283356],[-0.370351793246006,51.5499953577166],[-0.364525770665453,51.5488030050003]]]},"properties":{"LSOA21CD":"E01001322","LSOA21NM":"Ealing 004C"}},{"type":"Feature","geometry":{"type":"Polygon","coordinates":[[[-0.373184878616174,51.5479257281936],[-0.368353208784364,51.5469195961131],[-0.370038482841892,51.5405652461008],[-0.373445606864051,51.5414650352077],[-0.376686397332147,51.5479937609961],[-0.373184878616174,51.5479257281936]]]},"properties":{"LSOA21CD":"E01001323","LSOA21NM":"Ealing 004D"}},{"type":"Feature","geometry":{"type":"Polygon","coordinates":[[[-0.374371567518446,51.541769346584],[-0.378784333026971,51.536416044132],[-0.383055704955087,51.5378533917976],[-0.38406456322037,51.5389328852013],[-0.378355951150526,51.5431673343376],[-0.374371567518446,51.541769346584]]]},"properties":{"LSOA21CD":"E01001324","LSOA21NM":"Ealing 008B"}},{"type":"Feature","geometry":{"type":"Polygon","coordinates":[[[-0.397318720514256,51.5412321321935],[-0.401235736171854,51.5401184925974],[-0.399556994384073,51.5362121735913],[-0.404343805082343,51.5331294480167],[-0.405051935520222,51.5332368430298],[-0.411837318292861,51.5341289756945],[-0.413899125367057,51.5358365415275],[-0.418514386046424,51.5402493802395],[-0.397507002079356,51.5423686366075],[-0.397318720514256,51.5412321321935]]]},"properties":{"LSOA21CD":"E01001325","LSOA21NM":"Ealing 009A"}},{"type":"Feature","geometry":{"type":"Polygon","coordinates":[[[-0.382426523960858,51.544595174399],[-0.378355951150526,51.5431673343376],[-0.38406456322037,51.5389328852013],[-0.393368043354163,51.5409232083767],[-0.397318720514256,51.5412321321935],[-0.397507002079356,51.5423686366075],[-0.398708472479649,51.5479645452427],[-0.394984487400555,51.5480086119012],[-0.382426523960858,51.544595174399]]]},"properties":{"LSOA21CD":"E01001326","LSOA21NM":"Ealing 008C"}},{"type":"Feature","geometry":{"type":"Polygon","coordinates":[[[-0.393368043354163,51.5409232083767],[-0.392383362226023,51.5344892512085],[-0.397324951709229,51.5333788976524],[-0.393201300215571,51.537467902137],[-0.401235736171854,51.5401184925974],[-0.397318720514256,51.5412321321935],[-0.393368043354163,51.5409232083767]]]},"properties":{"LSOA21CD":"E01001327","LSOA21NM":"Ealing 009B"}},{"type":"Feature","geometry":{"type":"Polygon","coordinates":[[[-0.38406456322037,51.5389328852013],[-0.383055704955087,51.5378533917976],[-0.38122722182687,51.5353874134439],[-0.388532125624384,51.5364757761006],[-0.390070944676288,51.5332179143418],[-0.392383362226023,51.5344892512085],[-0.393368043354163,51.5409232083767],[-0.38406456322037,51.5389328852013]]]},"properties":{"LSOA21CD":"E01001328","LSOA21NM":"Ealing 009C"}},{"type":"Feature","geometry":{"type":"Polygon","coordinates":[[[-0.397324951709229,51.5333788976524],[-0.399311265663637,51.532456978431],[-0.404343805082343,51.5331294480167],[-0.399556994384073,51.5362121735913],[-0.401235736171854,51.5401184925974],[-0.393201300215571,51.537467902137],[-0.397324951709229,51.5333788976524]]]},"properties":{"LSOA21CD":"E01001329","LSOA21NM":"Ealing 009D"}},{"type":"Feature","geometry":{"type":"Polygon","coordinates":[[[-0.378784333026971,51.536416044132],[-0.379247282888152,51.5353784489864],[-0.380386871327852,51.5327377713836],[-0.385033244979827,51.5332541692693],[-0.384177550878616,51.5299893182489],[-0.389842902719787,51.5309448796426],[-0.390070944676288,51.5332179143418],[-0.388532125624384,51.5364757761006],[-0.38122722182687,51.5353874134439],[-0.383055704955087,51.5378533917976],[-0.378784333026971,51.536416044132]]]},"properties":{"LSOA21CD":"E01001330","LSOA21NM":"Ealing 008D"}},{"type":"Feature","geometry":{"type":"Polygon","coordinates":[[[-0.390070944676288,51.5332179143418],[-0.389842902719787,51.5309448796426],[-0.396957501456018,51.5320782404615],[-0.399311265663637,51.532456978431],[-0.397324951709229,51.5333788976524],[-0.392383362226023,51.5344892512085],[-0.390070944676288,51.5332179143418]]]},"properties":{"LSOA21CD":"E01001331","LSOA21NM":"Ealing 009E"}},{"type":"Feature","geometry":{"type":"Polygon","coordinates":[[[-0.380386871327852,51.5327377713836],[-0.379622042480673,51.5310723736825],[-0.380980713315079,51.5294167877536],[-0.384177550878616,51.5299893182489],[-0.385033244979827,51.5332541692693],[-0.380386871327852,51.5327377713836]]]},"properties":{"LSOA21CD":"E01001332","LSOA21NM":"Ealing 008E"}},{"type":"Feature","geometry":{"type":"Polygon","coordinates":[[[-0.372793998419104,51.501020477019],[-0.37645510470776,51.5003347196356],[-0.382715892054305,51.5010589641035],[-0.379180383659239,51.5053051106593],[-0.373168034101811,51.5044237195684],[-0.372793998419104,51.501020477019]]]},"properties":{"LSOA21CD":"E01001333","LSOA21NM":"Ealing 038A"}},{"type":"Feature","geometry":{"type":"Polygon","coordinates":[[[-0.367090651734259,51.5004239616401],[-0.372677013642611,51.4984926560358],[-0.376559480879183,51.4990644147532],[-0.37645510470776,51.5003347196356],[-0.372793998419104,51.501020477019],[-0.369990604014042,51.5029497831648],[-0.367090651734259,51.5004239616401]]]},"properties":{"LSOA21CD":"E01001334","LSOA21NM":"Ealing 029C"}},{"type":"Feature","geometry":{"type":"Polygon","coordinates":[[[-0.357871659963904,51.4978075977176],[-0.366994810347835,51.4927643027532],[-0.368286366340994,51.4922622526287],[-0.372677013642611,51.4984926560358],[-0.367090651734259,51.5004239616401],[-0.357871659963904,51.4978075977176]]]},"properties":{"LSOA21CD":"E01001335","LSOA21NM":"Ealing 038B"}},{"type":"Feature","geometry":{"type":"Polygon","coordinates":[[[-0.372677013642611,51.4984926560358],[-0.368286366340994,51.4922622526287],[-0.371821747515137,51.4904998720393],[-0.374416208494295,51.4930198614507],[-0.377633869909448,51.496631997286],[-0.376559480879183,51.4990644147532],[-0.372677013642611,51.4984926560358]]]},"properties":{"LSOA21CD":"E01001336","LSOA21NM":"Ealing 038C"}},{"type":"Feature","geometry":{"type":"Polygon","coordinates":[[[-0.342852760078896,51.5087908659592],[-0.343552185898656,51.5033375393156],[-0.335450680914507,51.4962128102972],[-0.356380426929124,51.4979669652626],[-0.35686397744396,51.5034160260957],[-0.361642816290936,51.5023928646373],[-0.355437713051681,51.5044490411851],[-0.348553783713228,51.5063232265696],[-0.35435102387665,51.508783305572],[-0.354768814187819,51.509419083755],[-0.343809768583539,51.5109933403403],[-0.342852760078896,51.5087908659592]]]},"properties":{"LSOA21CD":"E01001337","LSOA21NM":"Ealing 029D"}},{"type":"Feature","geometry":{"type":"Polygon","coordinates":[[[-0.363800376225645,51.5107764925162],[-0.354906462932034,51.5094462659469],[-0.369990604014042,51.5029497831648],[-0.372793998419104,51.501020477019],[-0.373168034101811,51.5044237195684],[-0.379180383659239,51.5053051106593],[-0.378695049566907,51.5059342473094],[-0.377595446578442,51.5060875659451],[-0.366149806918597,51.507679336114],[-0.366926800698288,51.51130981854],[-0.363800376225645,51.5107764925162]]]},"properties":{"LSOA21CD":"E01001338","LSOA21NM":"Ealing 029E"}},{"type":"Feature","geometry":{"type":"Polygon","coordinates":[[[-0.354768814187819,51.509419083755],[-0.35435102387665,51.508783305572],[-0.355437713051681,51.5044490411851],[-0.361642816290936,51.5023928646373],[-0.35686397744396,51.5034160260957],[-0.356380426929124,51.4979669652626],[-0.357871659963904,51.4978075977176],[-0.367090651734259,51.5004239616401],[-0.369990604014042,51.5029497831648],[-0.354906462932034,51.5094462659469],[-0.354768814187819,51.509419083755]]]},"properties":{"LSOA21CD":"E01001339","LSOA21NM":"Ealing 029F"}},{"type":"Feature","geometry":{"type":"Polygon","coordinates":[[[-0.355437713051681,51.5044490411851],[-0.35435102387665,51.508783305572],[-0.348553783713228,51.5063232265696],[-0.355437713051681,51.5044490411851]]]},"properties":{"LSOA21CD":"E01001340","LSOA21NM":"Ealing 029G"}},{"type":"Feature","geometry":{"type":"Polygon","coordinates":[[[-0.309192324011746,51.5394079247623],[-0.311789653996184,51.5339414030657],[-0.315595901904397,51.5392663145178],[-0.312929653209966,51.5437554415181],[-0.309192324011746,51.5394079247623]]]},"properties":{"LSOA21CD":"E01001341","LSOA21NM":"Ealing 005A"}},{"type":"Feature","geometry":{"type":"Polygon","coordinates":[[[-0.308552928646916,51.5432405696957],[-0.305960305530407,51.5391262033574],[-0.309192324011746,51.5394079247623],[-0.312929653209966,51.5437554415181],[-0.313411947471409,51.544454045531],[-0.308552928646916,51.5432405696957]]]},"properties":{"LSOA21CD":"E01001342","LSOA21NM":"Ealing 005B"}},{"type":"Feature","geometry":{"type":"Polygon","coordinates":[[[-0.312929653209966,51.5437554415181],[-0.315595901904397,51.5392663145178],[-0.317592737456336,51.5367115958659],[-0.323496807122306,51.541910638256],[-0.313411947471409,51.544454045531],[-0.312929653209966,51.5437554415181]]]},"properties":{"LSOA21CD":"E01001343","LSOA21NM":"Ealing 005C"}},{"type":"Feature","geometry":{"type":"Polygon","coordinates":[[[-0.323496807122306,51.541910638256],[-0.317592737456336,51.5367115958659],[-0.323000831559523,51.5356493285259],[-0.320992857840845,51.5338541140599],[-0.325570242708765,51.5373111300543],[-0.328690583457296,51.5348638040885],[-0.330274535155366,51.5378629926832],[-0.330006653685782,51.538476275011],[-0.331579823404515,51.5421731961281],[-0.323496807122306,51.541910638256]]]},"properties":{"LSOA21CD":"E01001344","LSOA21NM":"Ealing 007A"}},{"type":"Feature","geometry":{"type":"Polygon","coordinates":[[[-0.305960305530407,51.5391262033574],[-0.305867220716592,51.5369723589505],[-0.307441214611117,51.5330518172379],[-0.311789653996184,51.5339414030657],[-0.309192324011746,51.5394079247623],[-0.305960305530407,51.5391262033574]]]},"properties":{"LSOA21CD":"E01001345","LSOA21NM":"Ealing 005D"}},{"type":"Feature","geometry":{"type":"Polygon","coordinates":[[[-0.330006653685782,51.538476275011],[-0.330274535155366,51.5378629926832],[-0.333955221250181,51.5340762338595],[-0.336999811504152,51.5344622611565],[-0.33701110320457,51.5390865027587],[-0.330006653685782,51.538476275011]]]},"properties":{"LSOA21CD":"E01001346","LSOA21NM":"Ealing 007B"}},{"type":"Feature","geometry":{"type":"Polygon","coordinates":[[[-0.311789653996184,51.5339414030657],[-0.307441214611117,51.5330518172379],[-0.302708860929519,51.5319832906488],[-0.306112526040556,51.531706708223],[-0.31007672239721,51.5296730269565],[-0.313873222391703,51.5312127458272],[-0.318627616721041,51.528806937226],[-0.321395594285939,51.5315191444761],[-0.320992857840845,51.5338541140599],[-0.323000831559523,51.5356493285259],[-0.317592737456336,51.5367115958659],[-0.315595901904397,51.5392663145178],[-0.311789653996184,51.5339414030657]]]},"properties":{"LSOA21CD":"E01001347","LSOA21NM":"Ealing 007C"}},{"type":"Feature","geometry":{"type":"Polygon","coordinates":[[[-0.320992857840845,51.5338541140599],[-0.321395594285939,51.5315191444761],[-0.326281065423218,51.5290470493766],[-0.327811652497747,51.5310539982059],[-0.327823159030463,51.5336909431675],[-0.332700227498938,51.5320600309797],[-0.333955221250181,51.5340762338595],[-0.330274535155366,51.5378629926832],[-0.328690583457296,51.5348638040885],[-0.325570242708765,51.5373111300543],[-0.320992857840845,51.5338541140599]]]},"properties":{"LSOA21CD":"E01001348","LSOA21NM":"Ealing 007D"}},{"type":"Feature","geometry":{"type":"Polygon","coordinates":[[[-0.336999811504152,51.5344622611565],[-0.333955221250181,51.5340762338595],[-0.332700227498938,51.5320600309797],[-0.327823159030463,51.5336909431675],[-0.327811652497747,51.5310539982059],[-0.33408594476207,51.5283415782951],[-0.344130741511988,51.5274035154299],[-0.345503108116236,51.5274623817357],[-0.345123366112659,51.5312251192566],[-0.345558534801566,51.5359189118107],[-0.336999811504152,51.5344622611565]]]},"properties":{"LSOA21CD":"E01001349","LSOA21NM":"Ealing 006E"}},{"type":"Feature","geometry":{"type":"Polygon","coordinates":[[[-0.274375156457726,51.511631747987],[-0.278343784821679,51.5097373683219],[-0.28149210091793,51.5106368128104],[-0.288102693193047,51.5116488862423],[-0.288363963184125,51.5148979446383],[-0.274375156457726,51.511631747987]]]},"properties":{"LSOA21CD":"E01001350","LSOA21NM":"Ealing 027C"}},{"type":"Feature","geometry":{"type":"Polygon","coordinates":[[[-0.27265236996234,51.5104506417666],[-0.274154169890527,51.5082140736402],[-0.269410930716799,51.5068035839488],[-0.26935600198624,51.5045057606074],[-0.270087409101669,51.5062817489372],[-0.274702901917989,51.5056961280467],[-0.276109547228109,51.5054532585738],[-0.278343784821679,51.5097373683219],[-0.274375156457726,51.511631747987],[-0.27265236996234,51.5104506417666]]]},"properties":{"LSOA21CD":"E01001351","LSOA21NM":"Ealing 025E"}},{"type":"Feature","geometry":{"type":"Polygon","coordinates":[[[-0.28149210091793,51.5106368128104],[-0.286885595917758,51.5068568416047],[-0.287693358040084,51.5081808097681],[-0.288102693193047,51.5116488862423],[-0.28149210091793,51.5106368128104]]]},"properties":{"LSOA21CD":"E01001352","LSOA21NM":"Ealing 027D"}},{"type":"Feature","geometry":{"type":"Polygon","coordinates":[[[-0.276109547228109,51.5054532585738],[-0.274702901917989,51.5056961280467],[-0.272685924349336,51.5034152751494],[-0.280535359512724,51.5031082790824],[-0.284120394734235,51.5050127126036],[-0.284412196617271,51.5069901849289],[-0.276109547228109,51.5054532585738]]]},"properties":{"LSOA21CD":"E01001353","LSOA21NM":"Ealing 033A"}},{"type":"Feature","geometry":{"type":"Polygon","coordinates":[[[-0.278343784821679,51.5097373683219],[-0.276109547228109,51.5054532585738],[-0.284412196617271,51.5069901849289],[-0.284120394734235,51.5050127126036],[-0.286885595917758,51.5068568416047],[-0.28149210091793,51.5106368128104],[-0.278343784821679,51.5097373683219]]]},"properties":{"LSOA21CD":"E01001354","LSOA21NM":"Ealing 027E"}},{"type":"Feature","geometry":{"type":"Polygon","coordinates":[[[-0.267806132711439,51.5067363346036],[-0.263694566381528,51.5065188633898],[-0.264551017184029,51.5049780114802],[-0.266149824328255,51.5029711010367],[-0.2684677645098,51.5007865521204],[-0.26935600198624,51.5045057606074],[-0.269410930716799,51.5068035839488],[-0.267806132711439,51.5067363346036]]]},"properties":{"LSOA21CD":"E01001355","LSOA21NM":"Ealing 033B"}},{"type":"Feature","geometry":{"type":"Polygon","coordinates":[[[-0.272052928934613,51.5025991786073],[-0.272685924349336,51.5034152751494],[-0.274702901917989,51.5056961280467],[-0.270087409101669,51.5062817489372],[-0.272052928934613,51.5025991786073]]]},"properties":{"LSOA21CD":"E01001356","LSOA21NM":"Ealing 033C"}},{"type":"Feature","geometry":{"type":"Polygon","coordinates":[[[-0.26935600198624,51.5045057606074],[-0.2684677645098,51.5007865521204],[-0.27033096521674,51.4994255285774],[-0.272052928934613,51.5025991786073],[-0.270087409101669,51.5062817489372],[-0.26935600198624,51.5045057606074]]]},"properties":{"LSOA21CD":"E01001357","LSOA21NM":"Ealing 033D"}},{"type":"Feature","geometry":{"type":"Polygon","coordinates":[[[-0.272052928934613,51.5025991786073],[-0.27033096521674,51.4994255285774],[-0.274238106809266,51.497285876428],[-0.280708374514008,51.5027955429933],[-0.280535359512724,51.5031082790824],[-0.272685924349336,51.5034152751494],[-0.272052928934613,51.5025991786073]]]},"properties":{"LSOA21CD":"E01001358","LSOA21NM":"Ealing 033E"}},{"type":"Feature","geometry":{"type":"Polygon","coordinates":[[[-0.38196027563578,51.5119054472124],[-0.381756419618465,51.5114242335045],[-0.384301240560451,51.509932542287],[-0.384834003116074,51.5099975050706],[-0.388588169201554,51.5110207531221],[-0.383534295710367,51.5146752240408],[-0.38196027563578,51.5119054472124]]]},"properties":{"LSOA21CD":"E01001359","LSOA21NM":"Ealing 026A"}},{"type":"Feature","geometry":{"type":"Polygon","coordinates":[[[-0.377966607613103,51.5085722698474],[-0.381922419174984,51.5074764463619],[-0.384301240560451,51.509932542287],[-0.381756419618465,51.5114242335045],[-0.376362612751529,51.510853375012],[-0.377966607613103,51.5085722698474]]]},"properties":{"LSOA21CD":"E01001360","LSOA21NM":"Ealing 026B"}},{"type":"Feature","geometry":{"type":"Polygon","coordinates":[[[-0.380092831924347,51.5117717684666],[-0.378384040973268,51.5118068547811],[-0.370738449625008,51.510728549177],[-0.366926800698288,51.51130981854],[-0.366149806918597,51.507679336114],[-0.377595446578442,51.5060875659451],[-0.377966607613103,51.5085722698474],[-0.376362612751529,51.510853375012],[-0.381756419618465,51.5114242335045],[-0.38196027563578,51.5119054472124],[-0.380092831924347,51.5117717684666]]]},"properties":{"LSOA21CD":"E01001361","LSOA21NM":"Ealing 023E"}},{"type":"Feature","geometry":{"type":"Polygon","coordinates":[[[-0.384301240560451,51.509932542287],[-0.381922419174984,51.5074764463619],[-0.377966607613103,51.5085722698474],[-0.377595446578442,51.5060875659451],[-0.378695049566907,51.5059342473094],[-0.382294946963373,51.5054206857835],[-0.388850745179701,51.5044910237338],[-0.384834003116074,51.5099975050706],[-0.384301240560451,51.509932542287]]]},"properties":{"LSOA21CD":"E01001362","LSOA21NM":"Ealing 026C"}},{"type":"Feature","geometry":{"type":"Polygon","coordinates":[[[-0.383534295710367,51.5146752240408],[-0.388588169201554,51.5110207531221],[-0.390656969439604,51.5130048273115],[-0.390552275546681,51.5132183330665],[-0.386515670532525,51.5157612340245],[-0.383534295710367,51.5146752240408]]]},"properties":{"LSOA21CD":"E01001363","LSOA21NM":"Ealing 026D"}},{"type":"Feature","geometry":{"type":"Polygon","coordinates":[[[-0.380257721817662,51.5164221292974],[-0.380092831924347,51.5117717684666],[-0.38196027563578,51.5119054472124],[-0.383534295710367,51.5146752240408],[-0.386515670532525,51.5157612340245],[-0.383435569621397,51.5175048996986],[-0.380257721817662,51.5164221292974]]]},"properties":{"LSOA21CD":"E01001364","LSOA21NM":"Ealing 026E"}},{"type":"Feature","geometry":{"type":"Polygon","coordinates":[[[-0.388588169201554,51.5110207531221],[-0.384834003116074,51.5099975050706],[-0.388850745179701,51.5044910237338],[-0.38914990203366,51.5044479520828],[-0.397049436639003,51.5034485112008],[-0.403868370437712,51.5029223698304],[-0.392580680401704,51.5085146456384],[-0.390656969439604,51.5130048273115],[-0.388588169201554,51.5110207531221]]]},"properties":{"LSOA21CD":"E01001365","LSOA21NM":"Ealing 026F"}},{"type":"Feature","geometry":{"type":"Polygon","coordinates":[[[-0.389348280812737,51.5025053628775],[-0.396463264833068,51.5004675916312],[-0.397049436639003,51.5034485112008],[-0.38914990203366,51.5044479520828],[-0.389348280812737,51.5025053628775]]]},"properties":{"LSOA21CD":"E01001366","LSOA21NM":"Ealing 044C"}},{"type":"Feature","geometry":{"type":"Polygon","coordinates":[[[-0.379180383659239,51.5053051106593],[-0.382715892054305,51.5010589641035],[-0.38330220188573,51.4994106469347],[-0.385429094516711,51.4975501671983],[-0.388731344299945,51.5005821166147],[-0.388558569016632,51.5007900010733],[-0.382294946963373,51.5054206857835],[-0.378695049566907,51.5059342473094],[-0.379180383659239,51.5053051106593]]]},"properties":{"LSOA21CD":"E01001367","LSOA21NM":"Ealing 043B"}},{"type":"Feature","geometry":{"type":"Polygon","coordinates":[[[-0.388558569016632,51.5007900010733],[-0.388731344299945,51.5005821166147],[-0.392792921594436,51.4988891921085],[-0.396463264833068,51.5004675916312],[-0.389348280812737,51.5025053628775],[-0.388558569016632,51.5007900010733]]]},"properties":{"LSOA21CD":"E01001368","LSOA21NM":"Ealing 044D"}},{"type":"Feature","geometry":{"type":"Polygon","coordinates":[[[-0.37645510470776,51.5003347196356],[-0.376559480879183,51.4990644147532],[-0.377633869909448,51.496631997286],[-0.379077538601766,51.4961350937355],[-0.38330220188573,51.4994106469347],[-0.382715892054305,51.5010589641035],[-0.37645510470776,51.5003347196356]]]},"properties":{"LSOA21CD":"E01001369","LSOA21NM":"Ealing 038D"}},{"type":"Feature","geometry":{"type":"Polygon","coordinates":[[[-0.396463264833068,51.5004675916312],[-0.392792921594436,51.4988891921085],[-0.389297798711607,51.4990270894536],[-0.390281035360036,51.4953854135856],[-0.406885319056024,51.4996945293367],[-0.403868370437712,51.5029223698304],[-0.397049436639003,51.5034485112008],[-0.396463264833068,51.5004675916312]]]},"properties":{"LSOA21CD":"E01001370","LSOA21NM":"Ealing 044A"}},{"type":"Feature","geometry":{"type":"Polygon","coordinates":[[[-0.385429094516711,51.4975501671983],[-0.381539911943197,51.4953330320938],[-0.387532982557426,51.4948419401868],[-0.387841345964274,51.4949074397786],[-0.390281035360036,51.4953854135856],[-0.389297798711607,51.4990270894536],[-0.392792921594436,51.4988891921085],[-0.388731344299945,51.5005821166147],[-0.385429094516711,51.4975501671983]]]},"properties":{"LSOA21CD":"E01001371","LSOA21NM":"Ealing 044B"}},{"type":"Feature","geometry":{"type":"Polygon","coordinates":[[[-0.379077538601766,51.4961350937355],[-0.379319366140953,51.4960569056508],[-0.381539911943197,51.4953330320938],[-0.385429094516711,51.4975501671983],[-0.38330220188573,51.4994106469347],[-0.379077538601766,51.4961350937355]]]},"properties":{"LSOA21CD":"E01001372","LSOA21NM":"Ealing 043C"}},{"type":"Feature","geometry":{"type":"Polygon","coordinates":[[[-0.388558569016632,51.5007900010733],[-0.389348280812737,51.5025053628775],[-0.38914990203366,51.5044479520828],[-0.388850745179701,51.5044910237338],[-0.382294946963373,51.5054206857835],[-0.388558569016632,51.5007900010733]]]},"properties":{"LSOA21CD":"E01001373","LSOA21NM":"Ealing 043A"}},{"type":"Feature","geometry":{"type":"Polygon","coordinates":[[[-0.265234519651153,51.5014293120235],[-0.267395617785528,51.4962203309991],[-0.27033096521674,51.4994255285774],[-0.2684677645098,51.5007865521204],[-0.266149824328255,51.5029711010367],[-0.265234519651153,51.5014293120235]]]},"properties":{"LSOA21CD":"E01001374","LSOA21NM":"Ealing 040A"}},{"type":"Feature","geometry":{"type":"Polygon","coordinates":[[[-0.25311762645263,51.5023223984982],[-0.253061009208261,51.5013997078001],[-0.253352601594087,51.499088332934],[-0.25663792320127,51.500385266002],[-0.2616624943383,51.5000809764704],[-0.259787647083529,51.504291406206],[-0.25311762645263,51.5023223984982]]]},"properties":{"LSOA21CD":"E01001375","LSOA21NM":"Ealing 034A"}},{"type":"Feature","geometry":{"type":"Polygon","coordinates":[[[-0.259787647083529,51.504291406206],[-0.2616624943383,51.5000809764704],[-0.264783593824778,51.5004996171277],[-0.265234519651153,51.5014293120235],[-0.266149824328255,51.5029711010367],[-0.264551017184029,51.5049780114802],[-0.259787647083529,51.504291406206]]]},"properties":{"LSOA21CD":"E01001376","LSOA21NM":"Ealing 040B"}},{"type":"Feature","geometry":{"type":"Polygon","coordinates":[[[-0.253352601594087,51.499088332934],[-0.255585379790037,51.4962749854102],[-0.259869919768935,51.4978906417582],[-0.261919100684334,51.4956072805799],[-0.262887723242718,51.4980213316323],[-0.25663792320127,51.500385266002],[-0.253352601594087,51.499088332934]]]},"properties":{"LSOA21CD":"E01001377","LSOA21NM":"Ealing 034B"}},{"type":"Feature","geometry":{"type":"Polygon","coordinates":[[[-0.262887723242718,51.4980213316323],[-0.264783593824778,51.5004996171277],[-0.2616624943383,51.5000809764704],[-0.25663792320127,51.500385266002],[-0.262887723242718,51.4980213316323]]]},"properties":{"LSOA21CD":"E01001379","LSOA21NM":"Ealing 034C"}},{"type":"Feature","geometry":{"type":"Polygon","coordinates":[[[-0.267395617785528,51.4962203309991],[-0.267581494637011,51.4939442584682],[-0.269934797093113,51.494163206582],[-0.2721446844302,51.4954257933348],[-0.274238106809266,51.497285876428],[-0.27033096521674,51.4994255285774],[-0.267395617785528,51.4962203309991]]]},"properties":{"LSOA21CD":"E01001380","LSOA21NM":"Ealing 040C"}},{"type":"Feature","geometry":{"type":"Polygon","coordinates":[[[-0.251107984442438,51.5056721070249],[-0.250995148732776,51.504628940338],[-0.255048539551904,51.5043038342049],[-0.25311762645263,51.5023223984982],[-0.259787647083529,51.504291406206],[-0.264551017184029,51.5049780114802],[-0.263694566381528,51.5065188633898],[-0.251107984442438,51.5056721070249]]]},"properties":{"LSOA21CD":"E01001381","LSOA21NM":"Ealing 034D"}},{"type":"Feature","geometry":{"type":"Polygon","coordinates":[[[-0.315818791191709,51.5074900756583],[-0.310262954848993,51.5066567125757],[-0.311096278268659,51.503086370989],[-0.315886264275404,51.5036969133232],[-0.317677503342004,51.5067626695755],[-0.316942516295346,51.5092944097278],[-0.315818791191709,51.5074900756583]]]},"properties":{"LSOA21CD":"E01001382","LSOA21NM":"Ealing 032B"}},{"type":"Feature","geometry":{"type":"Polygon","coordinates":[[[-0.322408402082808,51.5053021702131],[-0.3261495343537,51.5039623712679],[-0.327398265139977,51.5066702370566],[-0.322159455663759,51.5077169695648],[-0.322408402082808,51.5053021702131]]]},"properties":{"LSOA21CD":"E01001383","LSOA21NM":"Ealing 028D"}},{"type":"Feature","geometry":{"type":"Polygon","coordinates":[[[-0.319570574832729,51.5062579383043],[-0.317677503342004,51.5067626695755],[-0.315886264275404,51.5036969133232],[-0.321053258464697,51.5034914316665],[-0.321869090477245,51.5045007967872],[-0.322408402082808,51.5053021702131],[-0.322159455663759,51.5077169695648],[-0.319570574832729,51.5062579383043]]]},"properties":{"LSOA21CD":"E01001384","LSOA21NM":"Ealing 032C"}},{"type":"Feature","geometry":{"type":"Polygon","coordinates":[[[-0.311096278268659,51.503086370989],[-0.311614411870061,51.5018088180067],[-0.315739736425311,51.5003724406443],[-0.321053258464697,51.5034914316665],[-0.315886264275404,51.5036969133232],[-0.311096278268659,51.503086370989]]]},"properties":{"LSOA21CD":"E01001385","LSOA21NM":"Ealing 032D"}},{"type":"Feature","geometry":{"type":"Polygon","coordinates":[[[-0.305557085971265,51.5105872865935],[-0.305561212288741,51.5103992684551],[-0.305192138341582,51.5084794579228],[-0.305900633894293,51.5046659063079],[-0.30699979114541,51.5029472911559],[-0.311614411870061,51.5018088180067],[-0.311096278268659,51.503086370989],[-0.310262954848993,51.5066567125757],[-0.312059726708895,51.5107075538186],[-0.305557085971265,51.5105872865935]]]},"properties":{"LSOA21CD":"E01001386","LSOA21NM":"Ealing 031F"}},{"type":"Feature","geometry":{"type":"Polygon","coordinates":[[[-0.307836853043621,51.5120687180498],[-0.305557085971265,51.5105872865935],[-0.312059726708895,51.5107075538186],[-0.310262954848993,51.5066567125757],[-0.315818791191709,51.5074900756583],[-0.31298352514591,51.5119331634438],[-0.310911505241322,51.5122938443294],[-0.308039640128864,51.5127309523848],[-0.307836853043621,51.5120687180498]]]},"properties":{"LSOA21CD":"E01001387","LSOA21NM":"Ealing 032E"}},{"type":"Feature","geometry":{"type":"Polygon","coordinates":[[[-0.315818791191709,51.5074900756583],[-0.316942516295346,51.5092944097278],[-0.317677503342004,51.5067626695755],[-0.319570574832729,51.5062579383043],[-0.321911941765786,51.5105129779619],[-0.319476541866759,51.5109037229911],[-0.31298352514591,51.5119331634438],[-0.315818791191709,51.5074900756583]]]},"properties":{"LSOA21CD":"E01001388","LSOA21NM":"Ealing 028E"}},{"type":"Feature","geometry":{"type":"Polygon","coordinates":[[[-0.319570574832729,51.5062579383043],[-0.322159455663759,51.5077169695648],[-0.327398265139977,51.5066702370566],[-0.327438977345096,51.506756083871],[-0.326658384765643,51.5097395901798],[-0.321911941765786,51.5105129779619],[-0.319570574832729,51.5062579383043]]]},"properties":{"LSOA21CD":"E01001389","LSOA21NM":"Ealing 028F"}},{"type":"Feature","geometry":{"type":"Polygon","coordinates":[[[-0.217541177682856,51.5001841170142],[-0.215405501866077,51.4993132472817],[-0.21665833939754,51.4974952432222],[-0.218274401050203,51.49722797467],[-0.221778738363616,51.498640196438],[-0.219359190592037,51.5003420136651],[-0.217466401958194,51.5009923179478],[-0.217541177682856,51.5001841170142]]]},"properties":{"LSOA21CD":"E01001851","LSOA21NM":"Hammersmith and Fulham 010A"}},{"type":"Feature","geometry":{"type":"Polygon","coordinates":[[[-0.215234884089952,51.5024120701644],[-0.214066211444659,51.5006836834822],[-0.217541177682856,51.5001841170142],[-0.217466401958194,51.5009923179478],[-0.219982216593379,51.5023690200911],[-0.216815659116907,51.504226465733],[-0.215234884089952,51.5024120701644]]]},"properties":{"LSOA21CD":"E01001852","LSOA21NM":"Hammersmith and Fulham 007A"}},{"type":"Feature","geometry":{"type":"Polygon","coordinates":[[[-0.222611643620399,51.5012910139658],[-0.222627838802123,51.5000499257135],[-0.225076103619841,51.4984623052238],[-0.225995132548922,51.4987869075775],[-0.226536096629332,51.5012372337639],[-0.223994865341136,51.5021180981362],[-0.222611643620399,51.5012910139658]]]},"properties":{"LSOA21CD":"E01001853","LSOA21NM":"Hammersmith and Fulham 007B"}},{"type":"Feature","geometry":{"type":"Polygon","coordinates":[[[-0.217466401958194,51.5009923179478],[-0.219359190592037,51.5003420136651],[-0.222627838802123,51.5000499257135],[-0.222611643620399,51.5012910139658],[-0.219982216593379,51.5023690200911],[-0.217466401958194,51.5009923179478]]]},"properties":{"LSOA21CD":"E01001854","LSOA21NM":"Hammersmith and Fulham 007C"}},{"type":"Feature","geometry":{"type":"Polygon","coordinates":[[[-0.211911189550503,51.499114331309],[-0.209899255078825,51.4977792496264],[-0.211609624943328,51.4975927643591],[-0.215405501866077,51.4993132472817],[-0.217541177682856,51.5001841170142],[-0.214066211444659,51.5006836834822],[-0.211911189550503,51.499114331309]]]},"properties":{"LSOA21CD":"E01001855","LSOA21NM":"Hammersmith and Fulham 010B"}},{"type":"Feature","geometry":{"type":"Polygon","coordinates":[[[-0.218274401050203,51.49722797467],[-0.225076103619841,51.4984623052238],[-0.222627838802123,51.5000499257135],[-0.219359190592037,51.5003420136651],[-0.221778738363616,51.498640196438],[-0.218274401050203,51.49722797467]]]},"properties":{"LSOA21CD":"E01001856","LSOA21NM":"Hammersmith and Fulham 010C"}},{"type":"Feature","geometry":{"type":"Polygon","coordinates":[[[-0.216815659116907,51.504226465733],[-0.219982216593379,51.5023690200911],[-0.222611643620399,51.5012910139658],[-0.223994865341136,51.5021180981362],[-0.223625615195935,51.5028410001455],[-0.217016528625022,51.5045015914182],[-0.216815659116907,51.504226465733]]]},"properties":{"LSOA21CD":"E01001857","LSOA21NM":"Hammersmith and Fulham 007D"}},{"type":"Feature","geometry":{"type":"Polygon","coordinates":[[[-0.23252788424975,51.5014017086632],[-0.23240082844653,51.5012358463272],[-0.232688483705629,51.5011410357204],[-0.23797037200796,51.4999770180282],[-0.241883741813062,51.5018446252294],[-0.241571713669669,51.5017337917559],[-0.239808484287551,51.5014343940031],[-0.23565959019162,51.504683193363],[-0.23252788424975,51.5014017086632]]]},"properties":{"LSOA21CD":"E01001858","LSOA21NM":"Hammersmith and Fulham 006A"}},{"type":"Feature","geometry":{"type":"Polygon","coordinates":[[[-0.250834359668977,51.504557930161],[-0.249171538043346,51.5014837621043],[-0.252174586186242,51.5006354362457],[-0.253061009208261,51.5013997078001],[-0.25311762645263,51.5023223984982],[-0.255048539551904,51.5043038342049],[-0.250995148732776,51.504628940338],[-0.250834359668977,51.504557930161]]]},"properties":{"LSOA21CD":"E01001859","LSOA21NM":"Hammersmith and Fulham 008A"}},{"type":"Feature","geometry":{"type":"Polygon","coordinates":[[[-0.236608341238378,51.5064267755736],[-0.235417816101709,51.5064491947915],[-0.236154731546434,51.5058501531092],[-0.239198176034409,51.5045595352336],[-0.243522628309119,51.5038313104174],[-0.241571713669669,51.5017337917559],[-0.241883741813062,51.5018446252294],[-0.243474532793359,51.5025220875446],[-0.24397669931001,51.5039618268883],[-0.242019954948768,51.5066789914775],[-0.236608341238378,51.5064267755736]]]},"properties":{"LSOA21CD":"E01001860","LSOA21NM":"Hammersmith and Fulham 006B"}},{"type":"Feature","geometry":{"type":"Polygon","coordinates":[[[-0.242019954948768,51.5066789914775],[-0.24397669931001,51.5039618268883],[-0.246075564258936,51.5045903809205],[-0.246489378424792,51.5067327434526],[-0.245063598234312,51.5067428242107],[-0.242348460947604,51.5067089498166],[-0.242019954948768,51.5066789914775]]]},"properties":{"LSOA21CD":"E01001861","LSOA21NM":"Hammersmith and Fulham 006C"}},{"type":"Feature","geometry":{"type":"Polygon","coordinates":[[[-0.232732510354526,51.5028342485984],[-0.23252788424975,51.5014017086632],[-0.23565959019162,51.504683193363],[-0.236154731546434,51.5058501531092],[-0.235417816101709,51.5064491947915],[-0.234568503704929,51.5064444436495],[-0.232732510354526,51.5028342485984]]]},"properties":{"LSOA21CD":"E01001862","LSOA21NM":"Hammersmith and Fulham 005A"}},{"type":"Feature","geometry":{"type":"Polygon","coordinates":[[[-0.23565959019162,51.504683193363],[-0.239808484287551,51.5014343940031],[-0.239198176034409,51.5045595352336],[-0.236154731546434,51.5058501531092],[-0.23565959019162,51.504683193363]]]},"properties":{"LSOA21CD":"E01001863","LSOA21NM":"Hammersmith and Fulham 006D"}},{"type":"Feature","geometry":{"type":"Polygon","coordinates":[[[-0.239808484287551,51.5014343940031],[-0.241571713669669,51.5017337917559],[-0.243522628309119,51.5038313104174],[-0.239198176034409,51.5045595352336],[-0.239808484287551,51.5014343940031]]]},"properties":{"LSOA21CD":"E01001864","LSOA21NM":"Hammersmith and Fulham 006E"}},{"type":"Feature","geometry":{"type":"Polygon","coordinates":[[[-0.24397669931001,51.5039618268883],[-0.243474532793359,51.5025220875446],[-0.244334075444543,51.5022035468284],[-0.249171538043346,51.5014837621043],[-0.250834359668977,51.504557930161],[-0.246075564258936,51.5045903809205],[-0.24397669931001,51.5039618268883]]]},"properties":{"LSOA21CD":"E01001865","LSOA21NM":"Hammersmith and Fulham 008B"}},{"type":"Feature","geometry":{"type":"Polygon","coordinates":[[[-0.207364617274032,51.4961481568102],[-0.205780229750553,51.4951872803905],[-0.207162184498008,51.4941949051274],[-0.209664591082737,51.49519949881],[-0.207641133273021,51.4924662383519],[-0.210593558289656,51.4932317401874],[-0.214948342011592,51.4960412168435],[-0.215257349722081,51.4962495308257],[-0.211609624943328,51.4975927643591],[-0.209899255078825,51.4977792496264],[-0.207364617274032,51.4961481568102]]]},"properties":{"LSOA21CD":"E01001866","LSOA21NM":"Hammersmith and Fulham 012A"}},{"type":"Feature","geometry":{"type":"Polygon","coordinates":[[[-0.214669443216968,51.4907969265884],[-0.217516999587751,51.4908948998256],[-0.219291262249897,51.4913638736083],[-0.219990945031714,51.4932169864083],[-0.216450924286422,51.4934230618135],[-0.214669443216968,51.4907969265884]]]},"properties":{"LSOA21CD":"E01001867","LSOA21NM":"Hammersmith and Fulham 012B"}},{"type":"Feature","geometry":{"type":"Polygon","coordinates":[[[-0.207162184498008,51.4941949051274],[-0.204152389757218,51.4921932474039],[-0.207299484022123,51.4920216898756],[-0.207641133273021,51.4924662383519],[-0.209664591082737,51.49519949881],[-0.207162184498008,51.4941949051274]]]},"properties":{"LSOA21CD":"E01001868","LSOA21NM":"Hammersmith and Fulham 012C"}},{"type":"Feature","geometry":{"type":"Polygon","coordinates":[[[-0.225076103619841,51.4984623052238],[-0.218274401050203,51.49722797467],[-0.21665833939754,51.4974952432222],[-0.215257349722081,51.4962495308257],[-0.214948342011592,51.4960412168435],[-0.216450924286422,51.4934230618135],[-0.219990945031714,51.4932169864083],[-0.225783516342962,51.4978009875904],[-0.225995132548922,51.4987869075775],[-0.225076103619841,51.4984623052238]]]},"properties":{"LSOA21CD":"E01001869","LSOA21NM":"Hammersmith and Fulham 010D"}},{"type":"Feature","geometry":{"type":"Polygon","coordinates":[[[-0.20185578131268,51.4918772328632],[-0.202384134558699,51.4916868090374],[-0.204664123832888,51.491362613428],[-0.208717701900887,51.4906151489002],[-0.207299484022123,51.4920216898756],[-0.204152389757218,51.4921932474039],[-0.207162184498008,51.4941949051274],[-0.205780229750553,51.4951872803905],[-0.20185578131268,51.4918772328632]]]},"properties":{"LSOA21CD":"E01001870","LSOA21NM":"Hammersmith and Fulham 012D"}},{"type":"Feature","geometry":{"type":"Polygon","coordinates":[[[-0.210593558289656,51.4932317401874],[-0.211745824290536,51.4905940663579],[-0.213248799299147,51.4907517004658],[-0.214669443216968,51.4907969265884],[-0.216450924286422,51.4934230618135],[-0.214948342011592,51.4960412168435],[-0.210593558289656,51.4932317401874]]]},"properties":{"LSOA21CD":"E01001871","LSOA21NM":"Hammersmith and Fulham 012E"}},{"type":"Feature","geometry":{"type":"Polygon","coordinates":[[[-0.207641133273021,51.4924662383519],[-0.207299484022123,51.4920216898756],[-0.208717701900887,51.4906151489002],[-0.210170870476712,51.4905112753569],[-0.211745824290536,51.4905940663579],[-0.210593558289656,51.4932317401874],[-0.207641133273021,51.4924662383519]]]},"properties":{"LSOA21CD":"E01001872","LSOA21NM":"Hammersmith and Fulham 012F"}},{"type":"Feature","geometry":{"type":"Polygon","coordinates":[[[-0.211609624943328,51.4975927643591],[-0.215257349722081,51.4962495308257],[-0.21665833939754,51.4974952432222],[-0.215405501866077,51.4993132472817],[-0.211609624943328,51.4975927643591]]]},"properties":{"LSOA21CD":"E01001873","LSOA21NM":"Hammersmith and Fulham 010E"}},{"type":"Feature","geometry":{"type":"Polygon","coordinates":[[[-0.239055039054621,51.5142659504485],[-0.24897294961434,51.513881157948],[-0.249172105621361,51.5141316051073],[-0.249712356427087,51.5157506568045],[-0.243321771765771,51.5179522567505],[-0.242847471937632,51.5145740952932],[-0.239055039054621,51.5142659504485]]]},"properties":{"LSOA21CD":"E01001875","LSOA21NM":"Hammersmith and Fulham 001B"}},{"type":"Feature","geometry":{"type":"Polygon","coordinates":[[[-0.230668830873604,51.5147947641703],[-0.231879599122274,51.5146853148585],[-0.236147029570423,51.5143303701394],[-0.238791921381817,51.5142434672917],[-0.239055039054621,51.5142659504485],[-0.242847471937632,51.5145740952932],[-0.243321771765771,51.5179522567505],[-0.25037775997089,51.5200360184343],[-0.251127349792152,51.5212293274408],[-0.251317616339872,51.5214777010314],[-0.242270998563584,51.5245241375815],[-0.234251795133435,51.520877702471],[-0.230668830873604,51.5147947641703]]]},"properties":{"LSOA21CD":"E01001876","LSOA21NM":"Hammersmith and Fulham 001C"}},{"type":"Feature","geometry":{"type":"Polygon","coordinates":[[[-0.240201068640248,51.5319491833808],[-0.233903257525498,51.5323547230961],[-0.228605441861926,51.5304227619023],[-0.228478960648915,51.5303548141513],[-0.227351174235559,51.5258414312515],[-0.227182855285864,51.5248529730031],[-0.242270998563584,51.5245241375815],[-0.251317616339872,51.5214777010314],[-0.250532929970207,51.5278107725115],[-0.246370875372233,51.5328005226537],[-0.240201068640248,51.5319491833808]]]},"properties":{"LSOA21CD":"E01001877","LSOA21NM":"Hammersmith and Fulham 001D"}},{"type":"Feature","geometry":{"type":"Polygon","coordinates":[[[-0.243321771765771,51.5179522567505],[-0.249712356427087,51.5157506568045],[-0.25037775997089,51.5200360184343],[-0.243321771765771,51.5179522567505]]]},"properties":{"LSOA21CD":"E01001878","LSOA21NM":"Hammersmith and Fulham 001E"}},{"type":"Feature","geometry":{"type":"Polygon","coordinates":[[[-0.204291431993973,51.4821274008315],[-0.20721116620754,51.4808474079867],[-0.209061081140768,51.4811469493847],[-0.210590657041681,51.4830937094671],[-0.207994559390682,51.4837671194824],[-0.207081864736641,51.4840056805028],[-0.204291431993973,51.4821274008315]]]},"properties":{"LSOA21CD":"E01001879","LSOA21NM":"Hammersmith and Fulham 019A"}},{"type":"Feature","geometry":{"type":"Polygon","coordinates":[[[-0.192546353189478,51.484825029247],[-0.190772448803357,51.4831652440689],[-0.195800041813162,51.4799964391824],[-0.198369832261963,51.4807014321686],[-0.197372228291011,51.4832134497935],[-0.194244404385269,51.4823570935502],[-0.193563975953006,51.4857855212076],[-0.192546353189478,51.484825029247]]]},"properties":{"LSOA21CD":"E01001880","LSOA21NM":"Hammersmith and Fulham 017A"}},{"type":"Feature","geometry":{"type":"Polygon","coordinates":[[[-0.198664037473142,51.4835755286149],[-0.197372228291011,51.4832134497935],[-0.198369832261963,51.4807014321686],[-0.199067583588228,51.480815074033],[-0.203330192078091,51.4824610359303],[-0.202303648453389,51.4836820665492],[-0.198664037473142,51.4835755286149]]]},"properties":{"LSOA21CD":"E01001881","LSOA21NM":"Hammersmith and Fulham 017B"}},{"type":"Feature","geometry":{"type":"Polygon","coordinates":[[[-0.199067583588228,51.480815074033],[-0.202580932242773,51.4798147221778],[-0.203687461823457,51.4792645272935],[-0.205613937182214,51.4806621599203],[-0.20721116620754,51.4808474079867],[-0.204291431993973,51.4821274008315],[-0.203330192078091,51.4824610359303],[-0.199067583588228,51.480815074033]]]},"properties":{"LSOA21CD":"E01001882","LSOA21NM":"Hammersmith and Fulham 017C"}},{"type":"Feature","geometry":{"type":"Polygon","coordinates":[[[-0.19392678529414,51.4860762030191],[-0.193563975953006,51.4857855212076],[-0.194244404385269,51.4823570935502],[-0.197372228291011,51.4832134497935],[-0.198664037473142,51.4835755286149],[-0.199204517051882,51.4862335082636],[-0.196426558798471,51.4872056590582],[-0.195963898868721,51.4873726837733],[-0.19392678529414,51.4860762030191]]]},"properties":{"LSOA21CD":"E01001883","LSOA21NM":"Hammersmith and Fulham 017D"}},{"type":"Feature","geometry":{"type":"Polygon","coordinates":[[[-0.198664037473142,51.4835755286149],[-0.202303648453389,51.4836820665492],[-0.203241271141401,51.4850517513804],[-0.202419782407911,51.4855297310572],[-0.199204517051882,51.4862335082636],[-0.198664037473142,51.4835755286149]]]},"properties":{"LSOA21CD":"E01001884","LSOA21NM":"Hammersmith and Fulham 017E"}},{"type":"Feature","geometry":{"type":"Polygon","coordinates":[[[-0.202303648453389,51.4836820665492],[-0.203330192078091,51.4824610359303],[-0.204291431993973,51.4821274008315],[-0.207081864736641,51.4840056805028],[-0.204962979436167,51.4844361397556],[-0.203241271141401,51.4850517513804],[-0.202303648453389,51.4836820665492]]]},"properties":{"LSOA21CD":"E01001885","LSOA21NM":"Hammersmith and Fulham 015A"}},{"type":"Feature","geometry":{"type":"Polygon","coordinates":[[[-0.212633805880891,51.4844694421102],[-0.210065548603033,51.4846198851789],[-0.207994559390682,51.4837671194824],[-0.210590657041681,51.4830937094671],[-0.215069546449148,51.4821999240973],[-0.218350027823185,51.4832474807858],[-0.214785779798942,51.4855905158694],[-0.212633805880891,51.4844694421102]]]},"properties":{"LSOA21CD":"E01001886","LSOA21NM":"Hammersmith and Fulham 016A"}},{"type":"Feature","geometry":{"type":"Polygon","coordinates":[[[-0.215069546449148,51.4821999240973],[-0.217608291449421,51.4815063144243],[-0.218081820712257,51.481372837374],[-0.21952286507953,51.4822637236492],[-0.219706011213401,51.4834394773878],[-0.21728680422438,51.4851503735775],[-0.214785779798942,51.4855905158694],[-0.218350027823185,51.4832474807858],[-0.215069546449148,51.4821999240973]]]},"properties":{"LSOA21CD":"E01001887","LSOA21NM":"Hammersmith and Fulham 016B"}},{"type":"Feature","geometry":{"type":"Polygon","coordinates":[[[-0.21952286507953,51.4822637236492],[-0.223901441868417,51.482163277342],[-0.224064562272722,51.4824470364754],[-0.224747113205637,51.4834131752827],[-0.219706011213401,51.4834394773878],[-0.21952286507953,51.4822637236492]]]},"properties":{"LSOA21CD":"E01001888","LSOA21NM":"Hammersmith and Fulham 018A"}},{"type":"Feature","geometry":{"type":"Polygon","coordinates":[[[-0.214669443216968,51.4907969265884],[-0.213248799299147,51.4907517004658],[-0.212982077003925,51.489095950282],[-0.215658335175475,51.4867383056175],[-0.221843649035492,51.487843954325],[-0.22222069041415,51.4884889651884],[-0.217516999587751,51.4908948998256],[-0.214669443216968,51.4907969265884]]]},"properties":{"LSOA21CD":"E01001889","LSOA21NM":"Hammersmith and Fulham 014A"}},{"type":"Feature","geometry":{"type":"Polygon","coordinates":[[[-0.215658335175475,51.4867383056175],[-0.212633805880891,51.4844694421102],[-0.214785779798942,51.4855905158694],[-0.21728680422438,51.4851503735775],[-0.221843649035492,51.487843954325],[-0.215658335175475,51.4867383056175]]]},"properties":{"LSOA21CD":"E01001890","LSOA21NM":"Hammersmith and Fulham 016C"}},{"type":"Feature","geometry":{"type":"Polygon","coordinates":[[[-0.221843649035492,51.487843954325],[-0.21728680422438,51.4851503735775],[-0.219706011213401,51.4834394773878],[-0.224747113205637,51.4834131752827],[-0.227555290913771,51.487387758978],[-0.226361361161938,51.4878718317156],[-0.22222069041415,51.4884889651884],[-0.221843649035492,51.487843954325]]]},"properties":{"LSOA21CD":"E01001891","LSOA21NM":"Hammersmith and Fulham 018B"}},{"type":"Feature","geometry":{"type":"Polygon","coordinates":[[[-0.211716000783065,51.4863089081822],[-0.210065548603033,51.4846198851789],[-0.212633805880891,51.4844694421102],[-0.215658335175475,51.4867383056175],[-0.212982077003925,51.489095950282],[-0.211716000783065,51.4863089081822]]]},"properties":{"LSOA21CD":"E01001892","LSOA21NM":"Hammersmith and Fulham 016D"}},{"type":"Feature","geometry":{"type":"Polygon","coordinates":[[[-0.226361361161938,51.4878718317156],[-0.227555290913771,51.487387758978],[-0.230090607926975,51.4885195851671],[-0.227356826066798,51.4911783558639],[-0.224861309070493,51.4912665136661],[-0.226361361161938,51.4878718317156]]]},"properties":{"LSOA21CD":"E01001893","LSOA21NM":"Hammersmith and Fulham 013A"}},{"type":"Feature","geometry":{"type":"Polygon","coordinates":[[[-0.233549640964952,51.4944097647407],[-0.227325575602761,51.4912412547205],[-0.227356826066798,51.4911783558639],[-0.230090607926975,51.4885195851671],[-0.234381339786281,51.4904276725444],[-0.234556232916955,51.4903979862825],[-0.234599742684581,51.4944317558132],[-0.233549640964952,51.4944097647407]]]},"properties":{"LSOA21CD":"E01001894","LSOA21NM":"Hammersmith and Fulham 013B"}},{"type":"Feature","geometry":{"type":"Polygon","coordinates":[[[-0.228725340415414,51.4999499965084],[-0.231925794775241,51.4969137732351],[-0.233069370707424,51.499261691975],[-0.232688483705629,51.5011410357204],[-0.23240082844653,51.5012358463272],[-0.228844076328511,51.5020022596936],[-0.228725340415414,51.4999499965084]]]},"properties":{"LSOA21CD":"E01001895","LSOA21NM":"Hammersmith and Fulham 009A"}},{"type":"Feature","geometry":{"type":"Polygon","coordinates":[[[-0.226536096629332,51.5012372337639],[-0.225995132548922,51.4987869075775],[-0.225783516342962,51.4978009875904],[-0.227977587814101,51.4982122732303],[-0.228725340415414,51.4999499965084],[-0.228844076328511,51.5020022596936],[-0.22674724114859,51.5023913078356],[-0.226536096629332,51.5012372337639]]]},"properties":{"LSOA21CD":"E01001896","LSOA21NM":"Hammersmith and Fulham 009B"}},{"type":"Feature","geometry":{"type":"Polygon","coordinates":[[[-0.227977587814101,51.4982122732303],[-0.229764922642286,51.4944610621183],[-0.231906276201685,51.4967540578984],[-0.231925794775241,51.4969137732351],[-0.228725340415414,51.4999499965084],[-0.227977587814101,51.4982122732303]]]},"properties":{"LSOA21CD":"E01001897","LSOA21NM":"Hammersmith and Fulham 009C"}},{"type":"Feature","geometry":{"type":"Polygon","coordinates":[[[-0.225783516342962,51.4978009875904],[-0.219990945031714,51.4932169864083],[-0.219291262249897,51.4913638736083],[-0.224861309070493,51.4912665136661],[-0.227356826066798,51.4911783558639],[-0.227325575602761,51.4912412547205],[-0.229764922642286,51.4944610621183],[-0.227977587814101,51.4982122732303],[-0.225783516342962,51.4978009875904]]]},"properties":{"LSOA21CD":"E01001898","LSOA21NM":"Hammersmith and Fulham 013C"}},{"type":"Feature","geometry":{"type":"Polygon","coordinates":[[[-0.229764922642286,51.4944610621183],[-0.227325575602761,51.4912412547205],[-0.233549640964952,51.4944097647407],[-0.231906276201685,51.4967540578984],[-0.229764922642286,51.4944610621183]]]},"properties":{"LSOA21CD":"E01001899","LSOA21NM":"Hammersmith and Fulham 013D"}},{"type":"Feature","geometry":{"type":"Polygon","coordinates":[[[-0.217516999587751,51.4908948998256],[-0.22222069041415,51.4884889651884],[-0.226361361161938,51.4878718317156],[-0.224861309070493,51.4912665136661],[-0.219291262249897,51.4913638736083],[-0.217516999587751,51.4908948998256]]]},"properties":{"LSOA21CD":"E01001900","LSOA21NM":"Hammersmith and Fulham 013E"}},{"type":"Feature","geometry":{"type":"Polygon","coordinates":[[[-0.203687461823457,51.4792645272935],[-0.206200872644216,51.4782898075717],[-0.209622153402772,51.4772194418179],[-0.210832785747593,51.4782355293969],[-0.205613937182214,51.4806621599203],[-0.203687461823457,51.4792645272935]]]},"properties":{"LSOA21CD":"E01001901","LSOA21NM":"Hammersmith and Fulham 019B"}},{"type":"Feature","geometry":{"type":"Polygon","coordinates":[[[-0.20721116620754,51.4808474079867],[-0.205613937182214,51.4806621599203],[-0.210832785747593,51.4782355293969],[-0.211191062978237,51.4781219582114],[-0.214241252724504,51.4789237835199],[-0.211451622328085,51.4797357566528],[-0.209061081140768,51.4811469493847],[-0.20721116620754,51.4808474079867]]]},"properties":{"LSOA21CD":"E01001902","LSOA21NM":"Hammersmith and Fulham 019C"}},{"type":"Feature","geometry":{"type":"Polygon","coordinates":[[[-0.209061081140768,51.4811469493847],[-0.211451622328085,51.4797357566528],[-0.217608291449421,51.4815063144243],[-0.215069546449148,51.4821999240973],[-0.210590657041681,51.4830937094671],[-0.209061081140768,51.4811469493847]]]},"properties":{"LSOA21CD":"E01001903","LSOA21NM":"Hammersmith and Fulham 019D"}},{"type":"Feature","geometry":{"type":"Polygon","coordinates":[[[-0.211451622328085,51.4797357566528],[-0.214241252724504,51.4789237835199],[-0.211191062978237,51.4781219582114],[-0.215938249248139,51.4768431639844],[-0.21781757272629,51.4805643943826],[-0.218081820712257,51.481372837374],[-0.217608291449421,51.4815063144243],[-0.211451622328085,51.4797357566528]]]},"properties":{"LSOA21CD":"E01001904","LSOA21NM":"Hammersmith and Fulham 022A"}},{"type":"Feature","geometry":{"type":"Polygon","coordinates":[[[-0.209622153402772,51.4772194418179],[-0.209877622477212,51.4771307194023],[-0.214284882342935,51.4749331049018],[-0.215348329659085,51.4760430370552],[-0.215938249248139,51.4768431639844],[-0.211191062978237,51.4781219582114],[-0.210832785747593,51.4782355293969],[-0.209622153402772,51.4772194418179]]]},"properties":{"LSOA21CD":"E01001905","LSOA21NM":"Hammersmith and Fulham 022B"}},{"type":"Feature","geometry":{"type":"Polygon","coordinates":[[[-0.208935236314474,51.4759579275852],[-0.212662993299334,51.4734191260349],[-0.214284882342935,51.4749331049018],[-0.209877622477212,51.4771307194023],[-0.208935236314474,51.4759579275852]]]},"properties":{"LSOA21CD":"E01001906","LSOA21NM":"Hammersmith and Fulham 022C"}},{"type":"Feature","geometry":{"type":"Polygon","coordinates":[[[-0.207555075859442,51.4744987554332],[-0.208278497085026,51.4736456205347],[-0.21139092096328,51.4719080000563],[-0.212662993299334,51.4734191260349],[-0.208935236314474,51.4759579275852],[-0.207555075859442,51.4744987554332]]]},"properties":{"LSOA21CD":"E01001907","LSOA21NM":"Hammersmith and Fulham 022D"}},{"type":"Feature","geometry":{"type":"Polygon","coordinates":[[[-0.205525231774203,51.4888694996517],[-0.205767051021388,51.4882429323718],[-0.208175046506986,51.4877214824155],[-0.210406850252698,51.4887395365766],[-0.209059575173646,51.4890824942619],[-0.205525231774203,51.4888694996517]]]},"properties":{"LSOA21CD":"E01001908","LSOA21NM":"Hammersmith and Fulham 015B"}},{"type":"Feature","geometry":{"type":"Polygon","coordinates":[[[-0.203466405319785,51.4864718834797],[-0.202419782407911,51.4855297310572],[-0.203241271141401,51.4850517513804],[-0.204962979436167,51.4844361397556],[-0.208175046506986,51.4877214824155],[-0.205767051021388,51.4882429323718],[-0.203466405319785,51.4864718834797]]]},"properties":{"LSOA21CD":"E01001909","LSOA21NM":"Hammersmith and Fulham 015C"}},{"type":"Feature","geometry":{"type":"Polygon","coordinates":[[[-0.211745824290536,51.4905940663579],[-0.210170870476712,51.4905112753569],[-0.209059575173646,51.4890824942619],[-0.210406850252698,51.4887395365766],[-0.211716000783065,51.4863089081822],[-0.212982077003925,51.489095950282],[-0.213248799299147,51.4907517004658],[-0.211745824290536,51.4905940663579]]]},"properties":{"LSOA21CD":"E01001910","LSOA21NM":"Hammersmith and Fulham 014B"}},{"type":"Feature","geometry":{"type":"Polygon","coordinates":[[[-0.199690383078525,51.4894084843681],[-0.198976764554572,51.4888371335624],[-0.199969085006472,51.486834564064],[-0.203001761579418,51.4892430223895],[-0.203466405319785,51.4864718834797],[-0.205767051021388,51.4882429323718],[-0.205525231774203,51.4888694996517],[-0.204664123832888,51.491362613428],[-0.202384134558699,51.4916868090374],[-0.199690383078525,51.4894084843681]]]},"properties":{"LSOA21CD":"E01001911","LSOA21NM":"Hammersmith and Fulham 015D"}},{"type":"Feature","geometry":{"type":"Polygon","coordinates":[[[-0.198976764554572,51.4888371335624],[-0.196426558798471,51.4872056590582],[-0.199204517051882,51.4862335082636],[-0.202419782407911,51.4855297310572],[-0.203466405319785,51.4864718834797],[-0.203001761579418,51.4892430223895],[-0.199969085006472,51.486834564064],[-0.198976764554572,51.4888371335624]]]},"properties":{"LSOA21CD":"E01001912","LSOA21NM":"Hammersmith and Fulham 015E"}},{"type":"Feature","geometry":{"type":"Polygon","coordinates":[[[-0.208175046506986,51.4877214824155],[-0.204962979436167,51.4844361397556],[-0.207081864736641,51.4840056805028],[-0.207994559390682,51.4837671194824],[-0.210065548603033,51.4846198851789],[-0.211716000783065,51.4863089081822],[-0.210406850252698,51.4887395365766],[-0.208175046506986,51.4877214824155]]]},"properties":{"LSOA21CD":"E01001913","LSOA21NM":"Hammersmith and Fulham 014C"}},{"type":"Feature","geometry":{"type":"Polygon","coordinates":[[[-0.205525231774203,51.4888694996517],[-0.209059575173646,51.4890824942619],[-0.210170870476712,51.4905112753569],[-0.208717701900887,51.4906151489002],[-0.204664123832888,51.491362613428],[-0.205525231774203,51.4888694996517]]]},"properties":{"LSOA21CD":"E01001914","LSOA21NM":"Hammersmith and Fulham 014D"}},{"type":"Feature","geometry":{"type":"MultiPolygon","coordinates":[[[[-0.211347001622743,51.4668734894882],[-0.211801569682394,51.4665074086513],[-0.216416522180447,51.4688285306589],[-0.215386353473436,51.4684312804061],[-0.211347001622743,51.4668734894882]]],[[[-0.21139092096328,51.4719080000563],[-0.208512805710139,51.4694709886524],[-0.208118707641064,51.4694731350876],[-0.209897760788161,51.4680405665166],[-0.216664071246001,51.4695696720128],[-0.218506100216581,51.4727756576072],[-0.216054020156561,51.47613770869],[-0.215348329659085,51.4760430370552],[-0.214284882342935,51.4749331049018],[-0.212662993299334,51.4734191260349],[-0.21139092096328,51.4719080000563]]]]},"properties":{"LSOA21CD":"E01001915","LSOA21NM":"Hammersmith and Fulham 024A"}},{"type":"Feature","geometry":{"type":"MultiPolygon","coordinates":[[[[-0.209691744168807,51.4662350621673],[-0.209305325501694,51.4660864011794],[-0.211801569682394,51.4665074086513],[-0.211347001622743,51.4668734894882],[-0.209691744168807,51.4662350621673]]],[[[-0.200513237773903,51.4708372629628],[-0.198029572484102,51.4653573115203],[-0.209897760788161,51.4680405665166],[-0.208118707641064,51.4694731350876],[-0.200513237773903,51.4708372629628]]]]},"properties":{"LSOA21CD":"E01001916","LSOA21NM":"Hammersmith and Fulham 024B"}},{"type":"Feature","geometry":{"type":"MultiPolygon","coordinates":[[[[-0.225222475843399,51.4768903086035],[-0.225457792556894,51.4767590053428],[-0.2255466914,51.4771643186762],[-0.225570304174613,51.4779156372925],[-0.225222475843399,51.4768903086035]]],[[[-0.220819567183596,51.4793468385955],[-0.221927293015014,51.4787288431398],[-0.223747436397827,51.4818953733784],[-0.223901441868417,51.482163277342],[-0.21952286507953,51.4822637236492],[-0.218081820712257,51.481372837374],[-0.21781757272629,51.4805643943826],[-0.220819567183596,51.4793468385955]]]]},"properties":{"LSOA21CD":"E01001917","LSOA21NM":"Hammersmith and Fulham 018C"}},{"type":"Feature","geometry":{"type":"Polygon","coordinates":[[[-0.215938249248139,51.4768431639844],[-0.215348329659085,51.4760430370552],[-0.216054020156561,51.47613770869],[-0.220819567183596,51.4793468385955],[-0.21781757272629,51.4805643943826],[-0.215938249248139,51.4768431639844]]]},"properties":{"LSOA21CD":"E01001918","LSOA21NM":"Hammersmith and Fulham 018D"}},{"type":"Feature","geometry":{"type":"MultiPolygon","coordinates":[[[[-0.225222475843399,51.4768903086035],[-0.224919405630551,51.4759968825337],[-0.225457792556894,51.4767590053428],[-0.225222475843399,51.4768903086035]]],[[[-0.216054020156561,51.47613770869],[-0.218506100216581,51.4727756576072],[-0.221927293015014,51.4787288431398],[-0.220819567183596,51.4793468385955],[-0.216054020156561,51.47613770869]]]]},"properties":{"LSOA21CD":"E01001919","LSOA21NM":"Hammersmith and Fulham 018E"}},{"type":"Feature","geometry":{"type":"Polygon","coordinates":[[[-0.18825721543931,51.4809613919574],[-0.186526581031205,51.4798718600447],[-0.185353403362598,51.4786047413782],[-0.186787964320729,51.4782775224448],[-0.195571627209459,51.4793113952745],[-0.195927270484962,51.4793417492539],[-0.195800041813162,51.4799964391824],[-0.190772448803357,51.4831652440689],[-0.18825721543931,51.4809613919574]]]},"properties":{"LSOA21CD":"E01001920","LSOA21NM":"Hammersmith and Fulham 020A"}},{"type":"Feature","geometry":{"type":"Polygon","coordinates":[[[-0.186787964320729,51.4782775224448],[-0.189170058925745,51.4773791780349],[-0.194294751828949,51.4773739250797],[-0.195571627209459,51.4793113952745],[-0.186787964320729,51.4782775224448]]]},"properties":{"LSOA21CD":"E01001921","LSOA21NM":"Hammersmith and Fulham 020B"}},{"type":"Feature","geometry":{"type":"Polygon","coordinates":[[[-0.195571627209459,51.4793113952745],[-0.194294751828949,51.4773739250797],[-0.192278759466072,51.4767439689742],[-0.196273040380536,51.4735333255102],[-0.196981874399361,51.4711122470165],[-0.200606580907602,51.4742427876529],[-0.200696843128447,51.4755177340318],[-0.197603736059015,51.4770849330445],[-0.196566718121627,51.478042702294],[-0.195927270484962,51.4793417492539],[-0.195571627209459,51.4793113952745]]]},"properties":{"LSOA21CD":"E01001922","LSOA21NM":"Hammersmith and Fulham 020C"}},{"type":"Feature","geometry":{"type":"Polygon","coordinates":[[[-0.185983363185804,51.4747345288544],[-0.18998353323813,51.474701630829],[-0.192278759466072,51.4767439689742],[-0.194294751828949,51.4773739250797],[-0.189170058925745,51.4773791780349],[-0.185983363185804,51.4747345288544]]]},"properties":{"LSOA21CD":"E01001923","LSOA21NM":"Hammersmith and Fulham 020D"}},{"type":"Feature","geometry":{"type":"Polygon","coordinates":[[[-0.18998353323813,51.474701630829],[-0.19145334826167,51.4737008205888],[-0.19189594080108,51.4736289913994],[-0.196273040380536,51.4735333255102],[-0.192278759466072,51.4767439689742],[-0.18998353323813,51.474701630829]]]},"properties":{"LSOA21CD":"E01001924","LSOA21NM":"Hammersmith and Fulham 020E"}},{"type":"Feature","geometry":{"type":"Polygon","coordinates":[[[-0.196273040380536,51.4735333255102],[-0.19189594080108,51.4736289913994],[-0.191608573414246,51.4725925467676],[-0.197272402505929,51.4699740693851],[-0.200208330328806,51.4709009507404],[-0.20074782648686,51.4725815958384],[-0.200556041706665,51.4736942868327],[-0.200606580907602,51.4742427876529],[-0.196981874399361,51.4711122470165],[-0.196273040380536,51.4735333255102]]]},"properties":{"LSOA21CD":"E01001925","LSOA21NM":"Hammersmith and Fulham 025A"}},{"type":"Feature","geometry":{"type":"Polygon","coordinates":[[[-0.200208330328806,51.4709009507404],[-0.200513237773903,51.4708372629628],[-0.208118707641064,51.4694731350876],[-0.208512805710139,51.4694709886524],[-0.205918513753206,51.4715409758931],[-0.20074782648686,51.4725815958384],[-0.200208330328806,51.4709009507404]]]},"properties":{"LSOA21CD":"E01001926","LSOA21NM":"Hammersmith and Fulham 024C"}},{"type":"Feature","geometry":{"type":"Polygon","coordinates":[[[-0.246027042103588,51.4981460305166],[-0.249341868108824,51.496999032675],[-0.252174586186242,51.5006354362457],[-0.249171538043346,51.5014837621043],[-0.244334075444543,51.5022035468284],[-0.246027042103588,51.4981460305166]]]},"properties":{"LSOA21CD":"E01001927","LSOA21NM":"Hammersmith and Fulham 008C"}},{"type":"Feature","geometry":{"type":"Polygon","coordinates":[[[-0.233069370707424,51.499261691975],[-0.234558191889978,51.4959684354029],[-0.236072488199986,51.4934183949402],[-0.237808324257446,51.4952741262627],[-0.23797037200796,51.4999770180282],[-0.232688483705629,51.5011410357204],[-0.233069370707424,51.499261691975]]]},"properties":{"LSOA21CD":"E01001928","LSOA21NM":"Hammersmith and Fulham 011A"}},{"type":"Feature","geometry":{"type":"Polygon","coordinates":[[[-0.231925794775241,51.4969137732351],[-0.231906276201685,51.4967540578984],[-0.233549640964952,51.4944097647407],[-0.234599742684581,51.4944317558132],[-0.234558191889978,51.4959684354029],[-0.233069370707424,51.499261691975],[-0.231925794775241,51.4969137732351]]]},"properties":{"LSOA21CD":"E01001929","LSOA21NM":"Hammersmith and Fulham 009D"}},{"type":"Feature","geometry":{"type":"Polygon","coordinates":[[[-0.241883741813062,51.5018446252294],[-0.23797037200796,51.4999770180282],[-0.237808324257446,51.4952741262627],[-0.23966628454025,51.4943492686607],[-0.244675537370101,51.4957308468777],[-0.246027042103588,51.4981460305166],[-0.244334075444543,51.5022035468284],[-0.243474532793359,51.5025220875446],[-0.241883741813062,51.5018446252294]]]},"properties":{"LSOA21CD":"E01001930","LSOA21NM":"Hammersmith and Fulham 008D"}},{"type":"Feature","geometry":{"type":"Polygon","coordinates":[[[-0.23966628454025,51.4943492686607],[-0.240984896635775,51.4935325847799],[-0.244874603643461,51.4951517878433],[-0.244675537370101,51.4957308468777],[-0.23966628454025,51.4943492686607]]]},"properties":{"LSOA21CD":"E01001931","LSOA21NM":"Hammersmith and Fulham 011B"}},{"type":"Feature","geometry":{"type":"Polygon","coordinates":[[[-0.234599742684581,51.4944317558132],[-0.234556232916955,51.4903979862825],[-0.240406979490726,51.4894047032288],[-0.240984896635775,51.4935325847799],[-0.23966628454025,51.4943492686607],[-0.237808324257446,51.4952741262627],[-0.236072488199986,51.4934183949402],[-0.234558191889978,51.4959684354029],[-0.234599742684581,51.4944317558132]]]},"properties":{"LSOA21CD":"E01001932","LSOA21NM":"Hammersmith and Fulham 011C"}},{"type":"Feature","geometry":{"type":"Polygon","coordinates":[[[-0.240984896635775,51.4935325847799],[-0.240406979490726,51.4894047032288],[-0.24347085721075,51.4888844108705],[-0.244498735350271,51.4887098407001],[-0.245190664388952,51.4892175855772],[-0.245207648156464,51.493401224747],[-0.244874603643461,51.4951517878433],[-0.240984896635775,51.4935325847799]]]},"properties":{"LSOA21CD":"E01001933","LSOA21NM":"Hammersmith and Fulham 011D"}},{"type":"Feature","geometry":{"type":"Polygon","coordinates":[[[-0.197272402505929,51.4699740693851],[-0.192468514431461,51.4668600059534],[-0.192267433128616,51.4661744831696],[-0.19737486402442,51.4652092453709],[-0.198029572484102,51.4653573115203],[-0.200513237773903,51.4708372629628],[-0.200208330328806,51.4709009507404],[-0.197272402505929,51.4699740693851]]]},"properties":{"LSOA21CD":"E01001934","LSOA21NM":"Hammersmith and Fulham 025B"}},{"type":"Feature","geometry":{"type":"Polygon","coordinates":[[[-0.184782628556592,51.471590852602],[-0.187843078224795,51.4703706773966],[-0.189873203139478,51.4690514615473],[-0.191608573414246,51.4725925467676],[-0.19189594080108,51.4736289913994],[-0.19145334826167,51.4737008205888],[-0.184782628556592,51.471590852602]]]},"properties":{"LSOA21CD":"E01001935","LSOA21NM":"Hammersmith and Fulham 023A"}},{"type":"Feature","geometry":{"type":"Polygon","coordinates":[[[-0.187843078224795,51.4703706773966],[-0.188532239120871,51.469425492455],[-0.192468514431461,51.4668600059534],[-0.197272402505929,51.4699740693851],[-0.191608573414246,51.4725925467676],[-0.189873203139478,51.4690514615473],[-0.187843078224795,51.4703706773966]]]},"properties":{"LSOA21CD":"E01001937","LSOA21NM":"Hammersmith and Fulham 025C"}},{"type":"Feature","geometry":{"type":"Polygon","coordinates":[[[-0.187192933441062,51.4671332345591],[-0.192267433128616,51.4661744831696],[-0.192468514431461,51.4668600059534],[-0.188532239120871,51.469425492455],[-0.187192933441062,51.4671332345591]]]},"properties":{"LSOA21CD":"E01001938","LSOA21NM":"Hammersmith and Fulham 025D"}},{"type":"Feature","geometry":{"type":"Polygon","coordinates":[[[-0.22674724114859,51.5023913078356],[-0.228844076328511,51.5020022596936],[-0.23240082844653,51.5012358463272],[-0.23252788424975,51.5014017086632],[-0.232732510354526,51.5028342485984],[-0.229607979084525,51.5042139693078],[-0.22674724114859,51.5023913078356]]]},"properties":{"LSOA21CD":"E01001940","LSOA21NM":"Hammersmith and Fulham 005B"}},{"type":"Feature","geometry":{"type":"Polygon","coordinates":[[[-0.22745059349216,51.5061385639759],[-0.223625615195935,51.5028410001455],[-0.223994865341136,51.5021180981362],[-0.226536096629332,51.5012372337639],[-0.22674724114859,51.5023913078356],[-0.229607979084525,51.5042139693078],[-0.230610282020114,51.5065580067154],[-0.22881192082166,51.5065669664208],[-0.22745059349216,51.5061385639759]]]},"properties":{"LSOA21CD":"E01001941","LSOA21NM":"Hammersmith and Fulham 005C"}},{"type":"Feature","geometry":{"type":"Polygon","coordinates":[[[-0.230610282020114,51.5065580067154],[-0.229607979084525,51.5042139693078],[-0.232732510354526,51.5028342485984],[-0.234568503704929,51.5064444436495],[-0.234563875073119,51.5069061407461],[-0.230610282020114,51.5065580067154]]]},"properties":{"LSOA21CD":"E01001942","LSOA21NM":"Hammersmith and Fulham 005D"}},{"type":"Feature","geometry":{"type":"Polygon","coordinates":[[[-0.219185033001866,51.5095869593857],[-0.217232539786394,51.5062435730363],[-0.217016528625022,51.5045015914182],[-0.223625615195935,51.5028410001455],[-0.22745059349216,51.5061385639759],[-0.22467483443973,51.5113233809784],[-0.224574641420666,51.5094910845287],[-0.2202454824911,51.5117301129025],[-0.219185033001866,51.5095869593857]]]},"properties":{"LSOA21CD":"E01001943","LSOA21NM":"Hammersmith and Fulham 004A"}},{"type":"Feature","geometry":{"type":"Polygon","coordinates":[[[-0.215604164687827,51.5086662373773],[-0.217232539786394,51.5062435730363],[-0.219185033001866,51.5095869593857],[-0.215604164687827,51.5086662373773]]]},"properties":{"LSOA21CD":"E01001944","LSOA21NM":"Hammersmith and Fulham 004B"}},{"type":"Feature","geometry":{"type":"Polygon","coordinates":[[[-0.22881192082166,51.5065669664208],[-0.230610282020114,51.5065580067154],[-0.234563875073119,51.5069061407461],[-0.234553755749446,51.5097488016722],[-0.233609531564526,51.5098110012863],[-0.231730914857527,51.5099661313686],[-0.22881192082166,51.5065669664208]]]},"properties":{"LSOA21CD":"E01001945","LSOA21NM":"Hammersmith and Fulham 004C"}},{"type":"Feature","geometry":{"type":"Polygon","coordinates":[[[-0.227736495860688,51.5113405342202],[-0.22467483443973,51.5113233809784],[-0.22745059349216,51.5061385639759],[-0.22881192082166,51.5065669664208],[-0.231730914857527,51.5099661313686],[-0.23112368022869,51.5102248351676],[-0.228312027036575,51.5117507460885],[-0.227736495860688,51.5113405342202]]]},"properties":{"LSOA21CD":"E01001946","LSOA21NM":"Hammersmith and Fulham 004D"}},{"type":"Feature","geometry":{"type":"Polygon","coordinates":[[[-0.196566718121627,51.478042702294],[-0.197603736059015,51.4770849330445],[-0.202799241517305,51.4786376163381],[-0.196566718121627,51.478042702294]]]},"properties":{"LSOA21CD":"E01001947","LSOA21NM":"Hammersmith and Fulham 021A"}},{"type":"Feature","geometry":{"type":"Polygon","coordinates":[[[-0.200696843128447,51.4755177340318],[-0.200606580907602,51.4742427876529],[-0.200556041706665,51.4736942868327],[-0.206202035994481,51.4752275419934],[-0.204852965157785,51.4764985249004],[-0.200696843128447,51.4755177340318]]]},"properties":{"LSOA21CD":"E01001948","LSOA21NM":"Hammersmith and Fulham 021B"}},{"type":"Feature","geometry":{"type":"Polygon","coordinates":[[[-0.204852965157785,51.4764985249004],[-0.206202035994481,51.4752275419934],[-0.207555075859442,51.4744987554332],[-0.208935236314474,51.4759579275852],[-0.209877622477212,51.4771307194023],[-0.209622153402772,51.4772194418179],[-0.206200872644216,51.4782898075717],[-0.204852965157785,51.4764985249004]]]},"properties":{"LSOA21CD":"E01001949","LSOA21NM":"Hammersmith and Fulham 021C"}},{"type":"Feature","geometry":{"type":"Polygon","coordinates":[[[-0.202799241517305,51.4786376163381],[-0.197603736059015,51.4770849330445],[-0.200696843128447,51.4755177340318],[-0.204852965157785,51.4764985249004],[-0.206200872644216,51.4782898075717],[-0.203687461823457,51.4792645272935],[-0.202580932242773,51.4798147221778],[-0.202799241517305,51.4786376163381]]]},"properties":{"LSOA21CD":"E01001950","LSOA21NM":"Hammersmith and Fulham 021D"}},{"type":"Feature","geometry":{"type":"Polygon","coordinates":[[[-0.200556041706665,51.4736942868327],[-0.20074782648686,51.4725815958384],[-0.205918513753206,51.4715409758931],[-0.208278497085026,51.4736456205347],[-0.207555075859442,51.4744987554332],[-0.206202035994481,51.4752275419934],[-0.200556041706665,51.4736942868327]]]},"properties":{"LSOA21CD":"E01001951","LSOA21NM":"Hammersmith and Fulham 021E"}},{"type":"Feature","geometry":{"type":"Polygon","coordinates":[[[-0.205918513753206,51.4715409758931],[-0.208512805710139,51.4694709886524],[-0.21139092096328,51.4719080000563],[-0.208278497085026,51.4736456205347],[-0.205918513753206,51.4715409758931]]]},"properties":{"LSOA21CD":"E01001952","LSOA21NM":"Hammersmith and Fulham 024D"}},{"type":"Feature","geometry":{"type":"Polygon","coordinates":[[[-0.198369832261963,51.4807014321686],[-0.195800041813162,51.4799964391824],[-0.195927270484962,51.4793417492539],[-0.196566718121627,51.478042702294],[-0.202799241517305,51.4786376163381],[-0.202580932242773,51.4798147221778],[-0.199067583588228,51.480815074033],[-0.198369832261963,51.4807014321686]]]},"properties":{"LSOA21CD":"E01001953","LSOA21NM":"Hammersmith and Fulham 021F"}},{"type":"Feature","geometry":{"type":"Polygon","coordinates":[[[-0.237928392341626,51.5094984637068],[-0.236608341238378,51.5064267755736],[-0.242019954948768,51.5066789914775],[-0.242348460947604,51.5067089498166],[-0.241305068547032,51.5112261945254],[-0.238381574733027,51.5067906985715],[-0.237928392341626,51.5094984637068]]]},"properties":{"LSOA21CD":"E01001954","LSOA21NM":"Hammersmith and Fulham 003A"}},{"type":"Feature","geometry":{"type":"Polygon","coordinates":[[[-0.2335504722083,51.5124224206286],[-0.233609531564526,51.5098110012863],[-0.234553755749446,51.5097488016722],[-0.237928392341626,51.5094984637068],[-0.238381574733027,51.5067906985715],[-0.241305068547032,51.5112261945254],[-0.241324750087742,51.5116818745868],[-0.239055039054621,51.5142659504485],[-0.238791921381817,51.5142434672917],[-0.236147029570423,51.5143303701394],[-0.2335504722083,51.5124224206286]]]},"properties":{"LSOA21CD":"E01001955","LSOA21NM":"Hammersmith and Fulham 002A"}},{"type":"Feature","geometry":{"type":"Polygon","coordinates":[[[-0.241305068547032,51.5112261945254],[-0.242348460947604,51.5067089498166],[-0.245063598234312,51.5067428242107],[-0.245486966426474,51.5079122961622],[-0.241324750087742,51.5116818745868],[-0.241305068547032,51.5112261945254]]]},"properties":{"LSOA21CD":"E01001956","LSOA21NM":"Hammersmith and Fulham 003B"}},{"type":"Feature","geometry":{"type":"Polygon","coordinates":[[[-0.228312027036575,51.5117507460885],[-0.23112368022869,51.5102248351676],[-0.231760410757966,51.5134310550825],[-0.231879599122274,51.5146853148585],[-0.230668830873604,51.5147947641703],[-0.228312027036575,51.5117507460885]]]},"properties":{"LSOA21CD":"E01001957","LSOA21NM":"Hammersmith and Fulham 002B"}},{"type":"Feature","geometry":{"type":"Polygon","coordinates":[[[-0.231760410757966,51.5134310550825],[-0.2335504722083,51.5124224206286],[-0.236147029570423,51.5143303701394],[-0.231879599122274,51.5146853148585],[-0.231760410757966,51.5134310550825]]]},"properties":{"LSOA21CD":"E01001958","LSOA21NM":"Hammersmith and Fulham 002C"}},{"type":"Feature","geometry":{"type":"Polygon","coordinates":[[[-0.241324750087742,51.5116818745868],[-0.245486966426474,51.5079122961622],[-0.24897294961434,51.513881157948],[-0.239055039054621,51.5142659504485],[-0.241324750087742,51.5116818745868]]]},"properties":{"LSOA21CD":"E01001959","LSOA21NM":"Hammersmith and Fulham 003C"}},{"type":"Feature","geometry":{"type":"Polygon","coordinates":[[[-0.234563875073119,51.5069061407461],[-0.234568503704929,51.5064444436495],[-0.235417816101709,51.5064491947915],[-0.236608341238378,51.5064267755736],[-0.237928392341626,51.5094984637068],[-0.234553755749446,51.5097488016722],[-0.234563875073119,51.5069061407461]]]},"properties":{"LSOA21CD":"E01001960","LSOA21NM":"Hammersmith and Fulham 003D"}},{"type":"Feature","geometry":{"type":"Polygon","coordinates":[[[-0.23112368022869,51.5102248351676],[-0.231730914857527,51.5099661313686],[-0.233609531564526,51.5098110012863],[-0.2335504722083,51.5124224206286],[-0.231760410757966,51.5134310550825],[-0.23112368022869,51.5102248351676]]]},"properties":{"LSOA21CD":"E01001961","LSOA21NM":"Hammersmith and Fulham 002D"}},{"type":"Feature","geometry":{"type":"Polygon","coordinates":[[[-0.319981007229353,51.6009006726201],[-0.323642987858191,51.5999828438059],[-0.327688694611518,51.6040174857207],[-0.326357425570773,51.6047838607292],[-0.317388233097943,51.6048705819834],[-0.319981007229353,51.6009006726201]]]},"properties":{"LSOA21CD":"E01002106","LSOA21NM":"Harrow 008A"}},{"type":"Feature","geometry":{"type":"Polygon","coordinates":[[[-0.298732685519056,51.6041342120814],[-0.297676618559162,51.6029345115121],[-0.296709127607306,51.5996619855478],[-0.300430876451305,51.5991030813576],[-0.306771977087903,51.6010692673372],[-0.303843795292236,51.6050550159763],[-0.298732685519056,51.6041342120814]]]},"properties":{"LSOA21CD":"E01002107","LSOA21NM":"Harrow 012A"}},{"type":"Feature","geometry":{"type":"Polygon","coordinates":[[[-0.31064194840043,51.5987395237141],[-0.315070843816206,51.6022646550955],[-0.311578734979518,51.6046953379839],[-0.3077968748571,51.6053316553266],[-0.31064194840043,51.5987395237141]]]},"properties":{"LSOA21CD":"E01002108","LSOA21NM":"Harrow 008B"}},{"type":"Feature","geometry":{"type":"Polygon","coordinates":[[[-0.304465358318798,51.6121599992628],[-0.303481277452626,51.6108412981385],[-0.301150082171126,51.6072989037691],[-0.3077968748571,51.6053316553266],[-0.311578734979518,51.6046953379839],[-0.313660409366109,51.6067342656208],[-0.311832953682041,51.6120660541574],[-0.304919719947019,51.6127791809941],[-0.304465358318798,51.6121599992628]]]},"properties":{"LSOA21CD":"E01002109","LSOA21NM":"Harrow 008C"}},{"type":"Feature","geometry":{"type":"Polygon","coordinates":[[[-0.300190856625868,51.6061018447949],[-0.298732685519056,51.6041342120814],[-0.303843795292236,51.6050550159763],[-0.306771977087903,51.6010692673372],[-0.306826832332241,51.6007606149009],[-0.310485138858517,51.5982643879688],[-0.31064194840043,51.5987395237141],[-0.3077968748571,51.6053316553266],[-0.301150082171126,51.6072989037691],[-0.300190856625868,51.6061018447949]]]},"properties":{"LSOA21CD":"E01002110","LSOA21NM":"Harrow 008D"}},{"type":"Feature","geometry":{"type":"Polygon","coordinates":[[[-0.311578734979518,51.6046953379839],[-0.315070843816206,51.6022646550955],[-0.31064194840043,51.5987395237141],[-0.310485138858517,51.5982643879688],[-0.312476453566502,51.5976555485318],[-0.31342986768205,51.5978590785931],[-0.319640914012223,51.6009667205402],[-0.319981007229353,51.6009006726201],[-0.317388233097943,51.6048705819834],[-0.317007726817296,51.6048799526792],[-0.313660409366109,51.6067342656208],[-0.311578734979518,51.6046953379839]]]},"properties":{"LSOA21CD":"E01002111","LSOA21NM":"Harrow 008E"}},{"type":"Feature","geometry":{"type":"Polygon","coordinates":[[[-0.291942344552351,51.6211456595369],[-0.289089444611132,51.6187505247113],[-0.294839675979666,51.6179434833716],[-0.294632293576699,51.6207378532465],[-0.298491786454826,51.6179719937181],[-0.300101397745561,51.6199254177522],[-0.303570525351374,51.6178975247897],[-0.308136621233755,51.6253981613835],[-0.299847983782804,51.6279532912011],[-0.291942344552351,51.6211456595369]]]},"properties":{"LSOA21CD":"E01002112","LSOA21NM":"Harrow 001A"}},{"type":"Feature","geometry":{"type":"Polygon","coordinates":[[[-0.289089444611132,51.6187505247113],[-0.288706023895728,51.6184250608859],[-0.286316989299851,51.61618076665],[-0.291867720719078,51.614871330384],[-0.289702145347482,51.6118357544128],[-0.294293344258825,51.6082161365743],[-0.29623113287478,51.6107747621126],[-0.298491786454826,51.6179719937181],[-0.294632293576699,51.6207378532465],[-0.294839675979666,51.6179434833716],[-0.289089444611132,51.6187505247113]]]},"properties":{"LSOA21CD":"E01002113","LSOA21NM":"Harrow 002A"}},{"type":"Feature","geometry":{"type":"Polygon","coordinates":[[[-0.304458329769862,51.6363506843813],[-0.299847983782804,51.6279532912011],[-0.308136621233755,51.6253981613835],[-0.303570525351374,51.6178975247897],[-0.304465358318798,51.6121599992628],[-0.304919719947019,51.6127791809941],[-0.306420620580971,51.6151818706054],[-0.317655590393072,51.6257040325469],[-0.331930719357265,51.6298085492574],[-0.332463755084216,51.6338218805265],[-0.316672785047011,51.6405355393266],[-0.304458329769862,51.6363506843813]]]},"properties":{"LSOA21CD":"E01002114","LSOA21NM":"Harrow 001B"}},{"type":"Feature","geometry":{"type":"Polygon","coordinates":[[[-0.298491786454826,51.6179719937181],[-0.29623113287478,51.6107747621126],[-0.299462975893203,51.6131698786664],[-0.303481277452626,51.6108412981385],[-0.304465358318798,51.6121599992628],[-0.303570525351374,51.6178975247897],[-0.300101397745561,51.6199254177522],[-0.298491786454826,51.6179719937181]]]},"properties":{"LSOA21CD":"E01002115","LSOA21NM":"Harrow 002B"}},{"type":"Feature","geometry":{"type":"Polygon","coordinates":[[[-0.283939741205207,51.614649871971],[-0.281227959208997,51.6124832749526],[-0.28099633700371,51.61226382657],[-0.286656657604059,51.6087009477822],[-0.289702145347482,51.6118357544128],[-0.291867720719078,51.614871330384],[-0.286316989299851,51.61618076665],[-0.283939741205207,51.614649871971]]]},"properties":{"LSOA21CD":"E01002116","LSOA21NM":"Harrow 002C"}},{"type":"Feature","geometry":{"type":"Polygon","coordinates":[[[-0.279317098064422,51.610721772163],[-0.285150523892553,51.607861940664],[-0.29180247049826,51.6070949935509],[-0.294393692476688,51.6069637205755],[-0.294293344258825,51.6082161365743],[-0.289702145347482,51.6118357544128],[-0.286656657604059,51.6087009477822],[-0.28099633700371,51.61226382657],[-0.279317098064422,51.610721772163]]]},"properties":{"LSOA21CD":"E01002118","LSOA21NM":"Harrow 002E"}},{"type":"Feature","geometry":{"type":"Polygon","coordinates":[[[-0.274868869288059,51.6069355180547],[-0.27391791741925,51.6058647976561],[-0.279581297119887,51.6045501633728],[-0.281428406878207,51.607568706869],[-0.2847013060848,51.6067600471717],[-0.285150523892553,51.607861940664],[-0.279317098064422,51.610721772163],[-0.274868869288059,51.6069355180547]]]},"properties":{"LSOA21CD":"E01002119","LSOA21NM":"Harrow 007A"}},{"type":"Feature","geometry":{"type":"Polygon","coordinates":[[[-0.2847013060848,51.6067600471717],[-0.289451312805631,51.6039658238629],[-0.290507848124367,51.605264858918],[-0.29180247049826,51.6070949935509],[-0.285150523892553,51.607861940664],[-0.2847013060848,51.6067600471717]]]},"properties":{"LSOA21CD":"E01002120","LSOA21NM":"Harrow 007B"}},{"type":"Feature","geometry":{"type":"Polygon","coordinates":[[[-0.279581297119887,51.6045501633728],[-0.280647136248898,51.6021382912876],[-0.285655121175048,51.6001558912267],[-0.286136666857615,51.5999783610877],[-0.289451312805631,51.6039658238629],[-0.2847013060848,51.6067600471717],[-0.281428406878207,51.607568706869],[-0.279581297119887,51.6045501633728]]]},"properties":{"LSOA21CD":"E01002121","LSOA21NM":"Harrow 007C"}},{"type":"Feature","geometry":{"type":"Polygon","coordinates":[[[-0.272045631161128,51.6043248958929],[-0.274711667513006,51.6001227209568],[-0.275978747207237,51.5997777587876],[-0.280647136248898,51.6021382912876],[-0.279581297119887,51.6045501633728],[-0.27391791741925,51.6058647976561],[-0.272045631161128,51.6043248958929]]]},"properties":{"LSOA21CD":"E01002122","LSOA21NM":"Harrow 007D"}},{"type":"Feature","geometry":{"type":"Polygon","coordinates":[[[-0.269216471829141,51.6021149537991],[-0.267131596069509,51.6003722606619],[-0.267620082519414,51.6001312988873],[-0.274711667513006,51.6001227209568],[-0.272045631161128,51.6043248958929],[-0.269216471829141,51.6021149537991]]]},"properties":{"LSOA21CD":"E01002123","LSOA21NM":"Harrow 007E"}},{"type":"Feature","geometry":{"type":"Polygon","coordinates":[[[-0.275978747207237,51.5997777587876],[-0.280111254840428,51.5979636524439],[-0.285655121175048,51.6001558912267],[-0.280647136248898,51.6021382912876],[-0.275978747207237,51.5997777587876]]]},"properties":{"LSOA21CD":"E01002124","LSOA21NM":"Harrow 010A"}},{"type":"Feature","geometry":{"type":"Polygon","coordinates":[[[-0.271283348061829,51.5982785889327],[-0.27932900014726,51.5962310977565],[-0.280111254840428,51.5979636524439],[-0.275978747207237,51.5997777587876],[-0.274711667513006,51.6001227209568],[-0.267620082519414,51.6001312988873],[-0.271283348061829,51.5982785889327]]]},"properties":{"LSOA21CD":"E01002125","LSOA21NM":"Harrow 010B"}},{"type":"Feature","geometry":{"type":"Polygon","coordinates":[[[-0.317067671242581,51.5821055841842],[-0.326680121234733,51.5786933650026],[-0.327255285614526,51.5812474575606],[-0.326082469154889,51.5825256285454],[-0.320593674496602,51.5848065963338],[-0.317067671242581,51.5821055841842]]]},"properties":{"LSOA21CD":"E01002127","LSOA21NM":"Harrow 023B"}},{"type":"Feature","geometry":{"type":"Polygon","coordinates":[[[-0.335872344467506,51.5832133449604],[-0.341659951356798,51.5832440683565],[-0.341934311088494,51.5804511344191],[-0.344355419381438,51.5841676390088],[-0.341508420747323,51.584605062674],[-0.33911794848135,51.5852331888292],[-0.335251753484366,51.585413356977],[-0.335872344467506,51.5832133449604]]]},"properties":{"LSOA21CD":"E01002128","LSOA21NM":"Harrow 020A"}},{"type":"Feature","geometry":{"type":"Polygon","coordinates":[[[-0.334083031867063,51.5800142274041],[-0.337398949319873,51.5799128449354],[-0.335260223288695,51.5771701910223],[-0.338126001886205,51.5741829004903],[-0.343547570890674,51.5746727624282],[-0.342978594851325,51.5771898888264],[-0.341913138170451,51.579804368303],[-0.341934311088494,51.5804511344191],[-0.341659951356798,51.5832440683565],[-0.335872344467506,51.5832133449604],[-0.334083031867063,51.5800142274041]]]},"properties":{"LSOA21CD":"E01002129","LSOA21NM":"Harrow 023C"}},{"type":"Feature","geometry":{"type":"Polygon","coordinates":[[[-0.327227773605031,51.5885427582609],[-0.328310495452718,51.5863654609903],[-0.332464190943616,51.5822723321378],[-0.332915939691699,51.5795659793273],[-0.334083031867063,51.5800142274041],[-0.335872344467506,51.5832133449604],[-0.335251753484366,51.585413356977],[-0.332670816508169,51.5891087195747],[-0.331774708806354,51.590744405647],[-0.327227773605031,51.5885427582609]]]},"properties":{"LSOA21CD":"E01002130","LSOA21NM":"Harrow 020B"}},{"type":"Feature","geometry":{"type":"Polygon","coordinates":[[[-0.323338785147152,51.5865077130995],[-0.320593674496602,51.5848065963338],[-0.326082469154889,51.5825256285454],[-0.328310495452718,51.5863654609903],[-0.327227773605031,51.5885427582609],[-0.323338785147152,51.5865077130995]]]},"properties":{"LSOA21CD":"E01002131","LSOA21NM":"Harrow 023D"}},{"type":"Feature","geometry":{"type":"Polygon","coordinates":[[[-0.343755309295341,51.5739996223766],[-0.339196768409192,51.5698549400383],[-0.337988843239838,51.5657574811591],[-0.343668755364738,51.5662622831034],[-0.347473367425855,51.5688765113935],[-0.34961419309672,51.5753200062869],[-0.343755309295341,51.5739996223766]]]},"properties":{"LSOA21CD":"E01002132","LSOA21NM":"Harrow 029A"}},{"type":"Feature","geometry":{"type":"Polygon","coordinates":[[[-0.347473367425855,51.5688765113935],[-0.343668755364738,51.5662622831034],[-0.348098806842253,51.5623066502532],[-0.341818118979312,51.5621686395747],[-0.347489348013404,51.559825290876],[-0.352637510931642,51.5649563883867],[-0.349276034052631,51.5675932969411],[-0.353491293316569,51.5688264520218],[-0.351852163871881,51.5704312071673],[-0.347473367425855,51.5688765113935]]]},"properties":{"LSOA21CD":"E01002133","LSOA21NM":"Harrow 027A"}},{"type":"Feature","geometry":{"type":"Polygon","coordinates":[[[-0.324054871463788,51.5722677460201],[-0.322133879884819,51.56965532218],[-0.329609468289288,51.5662093645756],[-0.337755891767139,51.5628545056703],[-0.337045493771211,51.5592734170077],[-0.345477489546154,51.558375324678],[-0.347534819778429,51.5596850992286],[-0.347489348013404,51.559825290876],[-0.341818118979312,51.5621686395747],[-0.348098806842253,51.5623066502532],[-0.343668755364738,51.5662622831034],[-0.337988843239838,51.5657574811591],[-0.339196768409192,51.5698549400383],[-0.325300220568765,51.5756041840011],[-0.324054871463788,51.5722677460201]]]},"properties":{"LSOA21CD":"E01002134","LSOA21NM":"Harrow 029B"}},{"type":"Feature","geometry":{"type":"Polygon","coordinates":[[[-0.331194819166749,51.5614606426773],[-0.335562417274307,51.5565848062994],[-0.337454380996687,51.5570015162143],[-0.339804306865273,51.5573039212618],[-0.345477489546154,51.558375324678],[-0.337045493771211,51.5592734170077],[-0.337755891767139,51.5628545056703],[-0.329609468289288,51.5662093645756],[-0.331194819166749,51.5614606426773]]]},"properties":{"LSOA21CD":"E01002135","LSOA21NM":"Harrow 029C"}},{"type":"Feature","geometry":{"type":"Polygon","coordinates":[[[-0.34961419309672,51.5753200062869],[-0.347473367425855,51.5688765113935],[-0.351852163871881,51.5704312071673],[-0.356872629368054,51.573880078973],[-0.358261135228523,51.5751116516848],[-0.35574782155141,51.575630177181],[-0.351825640600726,51.5757745184127],[-0.34961419309672,51.5753200062869]]]},"properties":{"LSOA21CD":"E01002136","LSOA21NM":"Harrow 027B"}},{"type":"Feature","geometry":{"type":"Polygon","coordinates":[[[-0.325300220568765,51.5756041840011],[-0.339196768409192,51.5698549400383],[-0.343755309295341,51.5739996223766],[-0.343547570890674,51.5746727624282],[-0.338126001886205,51.5741829004903],[-0.335260223288695,51.5771701910223],[-0.332897200995581,51.5773000668131],[-0.326563194004934,51.578235458871],[-0.325300220568765,51.5756041840011]]]},"properties":{"LSOA21CD":"E01002137","LSOA21NM":"Harrow 029D"}},{"type":"Feature","geometry":{"type":"Polygon","coordinates":[[[-0.351852163871881,51.5704312071673],[-0.353491293316569,51.5688264520218],[-0.356772582619497,51.5681556381103],[-0.358113061132065,51.5692910402768],[-0.356872629368054,51.573880078973],[-0.351852163871881,51.5704312071673]]]},"properties":{"LSOA21CD":"E01002138","LSOA21NM":"Harrow 027C"}},{"type":"Feature","geometry":{"type":"Polygon","coordinates":[[[-0.34808138968952,51.6087895691458],[-0.351331991223871,51.6077315566892],[-0.348282975966804,51.6055643263747],[-0.351542102366895,51.6014124833028],[-0.35449500616067,51.6077741243604],[-0.35519749181358,51.6093933558509],[-0.34808138968952,51.6087895691458]]]},"properties":{"LSOA21CD":"E01002139","LSOA21NM":"Harrow 006A"}},{"type":"Feature","geometry":{"type":"Polygon","coordinates":[[[-0.34270495380444,51.6083423796833],[-0.339750243801851,51.6043713723087],[-0.344962835387176,51.6041805940657],[-0.348282975966804,51.6055643263747],[-0.351331991223871,51.6077315566892],[-0.34808138968952,51.6087895691458],[-0.34270495380444,51.6083423796833]]]},"properties":{"LSOA21CD":"E01002140","LSOA21NM":"Harrow 005A"}},{"type":"Feature","geometry":{"type":"Polygon","coordinates":[[[-0.326357425570773,51.6047838607292],[-0.327688694611518,51.6040174857207],[-0.332051086395706,51.6032979462727],[-0.332877242219403,51.6033024432679],[-0.334741114693236,51.6034149182561],[-0.338360673161656,51.6079690881551],[-0.329093722630228,51.6086620479032],[-0.326357425570773,51.6047838607292]]]},"properties":{"LSOA21CD":"E01002141","LSOA21NM":"Harrow 005B"}},{"type":"Feature","geometry":{"type":"Polygon","coordinates":[[[-0.336805315667631,51.6103938591428],[-0.338360673161656,51.6079690881551],[-0.334741114693236,51.6034149182561],[-0.337804067768479,51.6027071983605],[-0.339750243801851,51.6043713723087],[-0.34270495380444,51.6083423796833],[-0.34550471554965,51.6100843768319],[-0.342012491639412,51.613109822145],[-0.336805315667631,51.6103938591428]]]},"properties":{"LSOA21CD":"E01002142","LSOA21NM":"Harrow 005C"}},{"type":"Feature","geometry":{"type":"Polygon","coordinates":[[[-0.344962835387176,51.6041805940657],[-0.346212847156173,51.6012171311718],[-0.349738422891542,51.5993178547697],[-0.350860752193669,51.599847070003],[-0.351542102366895,51.6014124833028],[-0.348282975966804,51.6055643263747],[-0.344962835387176,51.6041805940657]]]},"properties":{"LSOA21CD":"E01002143","LSOA21NM":"Harrow 005D"}},{"type":"Feature","geometry":{"type":"Polygon","coordinates":[[[-0.337234574963244,51.6163447644726],[-0.336201951144679,51.6157519790047],[-0.336805315667631,51.6103938591428],[-0.342012491639412,51.613109822145],[-0.34550471554965,51.6100843768319],[-0.34270495380444,51.6083423796833],[-0.34808138968952,51.6087895691458],[-0.35519749181358,51.6093933558509],[-0.358615045088809,51.6131074353981],[-0.368172707375328,51.6206525187363],[-0.36259575664931,51.623536679801],[-0.343464715726915,51.629060302205],[-0.339884239370944,51.6307261566295],[-0.343333500792703,51.6240648775386],[-0.337234574963244,51.6163447644726]]]},"properties":{"LSOA21CD":"E01002144","LSOA21NM":"Harrow 004A"}},{"type":"Feature","geometry":{"type":"Polygon","coordinates":[[[-0.329308505937503,51.6106669754886],[-0.329093722630228,51.6086620479032],[-0.338360673161656,51.6079690881551],[-0.336805315667631,51.6103938591428],[-0.336201951144679,51.6157519790047],[-0.329308505937503,51.6106669754886]]]},"properties":{"LSOA21CD":"E01002145","LSOA21NM":"Harrow 005E"}},{"type":"Feature","geometry":{"type":"Polygon","coordinates":[[[-0.370243394524579,51.6121888614373],[-0.374102353155944,51.6084606033492],[-0.385464578196705,51.6107821950634],[-0.384566443142229,51.6161711893598],[-0.378511762006037,51.6177795049303],[-0.373067110934006,51.6189857599423],[-0.370243394524579,51.6121888614373]]]},"properties":{"LSOA21CD":"E01002146","LSOA21NM":"Harrow 004B"}},{"type":"Feature","geometry":{"type":"Polygon","coordinates":[[[-0.358615045088809,51.6131074353981],[-0.367519880239344,51.6109423694781],[-0.370243394524579,51.6121888614373],[-0.373067110934006,51.6189857599423],[-0.368172707375328,51.6206525187363],[-0.358615045088809,51.6131074353981]]]},"properties":{"LSOA21CD":"E01002147","LSOA21NM":"Harrow 004C"}},{"type":"Feature","geometry":{"type":"Polygon","coordinates":[[[-0.35519749181358,51.6093933558509],[-0.35449500616067,51.6077741243604],[-0.363208368484945,51.6063222525687],[-0.359775142219352,51.6084465153675],[-0.367519880239344,51.6109423694781],[-0.358615045088809,51.6131074353981],[-0.35519749181358,51.6093933558509]]]},"properties":{"LSOA21CD":"E01002148","LSOA21NM":"Harrow 006B"}},{"type":"Feature","geometry":{"type":"Polygon","coordinates":[[[-0.374102353155944,51.6084606033492],[-0.375517140429018,51.60834337031],[-0.387523697420516,51.6055947485501],[-0.389335912645643,51.6052938263834],[-0.385464578196705,51.6107821950634],[-0.374102353155944,51.6084606033492]]]},"properties":{"LSOA21CD":"E01002149","LSOA21NM":"Harrow 004D"}},{"type":"Feature","geometry":{"type":"Polygon","coordinates":[[[-0.367519880239344,51.6109423694781],[-0.359775142219352,51.6084465153675],[-0.363208368484945,51.6063222525687],[-0.363328997024458,51.6061195627728],[-0.371569374522438,51.6038198721976],[-0.375517140429018,51.60834337031],[-0.374102353155944,51.6084606033492],[-0.370243394524579,51.6121888614373],[-0.367519880239344,51.6109423694781]]]},"properties":{"LSOA21CD":"E01002150","LSOA21NM":"Harrow 006C"}},{"type":"Feature","geometry":{"type":"Polygon","coordinates":[[[-0.351542102366895,51.6014124833028],[-0.350860752193669,51.599847070003],[-0.354422944220193,51.6015009273182],[-0.363328997024458,51.6061195627728],[-0.363208368484945,51.6063222525687],[-0.35449500616067,51.6077741243604],[-0.351542102366895,51.6014124833028]]]},"properties":{"LSOA21CD":"E01002151","LSOA21NM":"Harrow 006D"}},{"type":"Feature","geometry":{"type":"Polygon","coordinates":[[[-0.371569374522438,51.6038198721976],[-0.373036532213204,51.6009190767161],[-0.375195905369669,51.5999415741853],[-0.383043190371709,51.6037224343678],[-0.387523697420516,51.6055947485501],[-0.375517140429018,51.60834337031],[-0.371569374522438,51.6038198721976]]]},"properties":{"LSOA21CD":"E01002152","LSOA21NM":"Harrow 006E"}},{"type":"Feature","geometry":{"type":"Polygon","coordinates":[[[-0.363705572780663,51.582871232391],[-0.368186254768719,51.5781402587837],[-0.371968681434554,51.581868222906],[-0.37311303415611,51.5838388826026],[-0.373393183154356,51.5843620558202],[-0.365750479780767,51.5850014841976],[-0.363705572780663,51.582871232391]]]},"properties":{"LSOA21CD":"E01002153","LSOA21NM":"Harrow 019A"}},{"type":"Feature","geometry":{"type":"Polygon","coordinates":[[[-0.35812452985751,51.5958510246269],[-0.365640108658966,51.595546939093],[-0.361593156274398,51.5938160429856],[-0.365795530777245,51.5936243272706],[-0.365226082549957,51.5904565098103],[-0.367544682894519,51.5897115696587],[-0.37302001404681,51.5893643136673],[-0.373725609842653,51.5896784374558],[-0.370096243958638,51.5946339604597],[-0.374016871724974,51.5966673426799],[-0.375195905369669,51.5999415741853],[-0.373036532213204,51.6009190767161],[-0.368823915239344,51.5981623299559],[-0.362402443291722,51.5994368593034],[-0.35812452985751,51.5958510246269]]]},"properties":{"LSOA21CD":"E01002155","LSOA21NM":"Harrow 019B"}},{"type":"Feature","geometry":{"type":"Polygon","coordinates":[[[-0.354012723542097,51.5914606131349],[-0.358083492107469,51.589268503433],[-0.363349626906513,51.5897093972254],[-0.365226082549957,51.5904565098103],[-0.365795530777245,51.5936243272706],[-0.361593156274398,51.5938160429856],[-0.365640108658966,51.595546939093],[-0.35812452985751,51.5958510246269],[-0.354012723542097,51.5914606131349]]]},"properties":{"LSOA21CD":"E01002156","LSOA21NM":"Harrow 015B"}},{"type":"Feature","geometry":{"type":"Polygon","coordinates":[[[-0.363349626906513,51.5897093972254],[-0.362047787691532,51.5847616976739],[-0.363705572780663,51.582871232391],[-0.365750479780767,51.5850014841976],[-0.370030622826259,51.5882960991072],[-0.364935629915681,51.5866561035172],[-0.367544682894519,51.5897115696587],[-0.365226082549957,51.5904565098103],[-0.363349626906513,51.5897093972254]]]},"properties":{"LSOA21CD":"E01002157","LSOA21NM":"Harrow 019C"}},{"type":"Feature","geometry":{"type":"Polygon","coordinates":[[[-0.365750479780767,51.5850014841976],[-0.373393183154356,51.5843620558202],[-0.375568801519699,51.5876078872358],[-0.37302001404681,51.5893643136673],[-0.367544682894519,51.5897115696587],[-0.364935629915681,51.5866561035172],[-0.370030622826259,51.5882960991072],[-0.365750479780767,51.5850014841976]]]},"properties":{"LSOA21CD":"E01002158","LSOA21NM":"Harrow 019D"}},{"type":"Feature","geometry":{"type":"Polygon","coordinates":[[[-0.347645351938011,51.5839158768511],[-0.352609652434405,51.5845826306577],[-0.353987347875561,51.5819657712897],[-0.356442651084187,51.5828106628641],[-0.356063863558271,51.5872216263917],[-0.35313260030271,51.5876834085073],[-0.349893904288196,51.5883429376465],[-0.347645351938011,51.5839158768511]]]},"properties":{"LSOA21CD":"E01002159","LSOA21NM":"Harrow 021A"}},{"type":"Feature","geometry":{"type":"Polygon","coordinates":[[[-0.347645351938011,51.5839158768511],[-0.344355419381438,51.5841676390088],[-0.341934311088494,51.5804511344191],[-0.341913138170451,51.579804368303],[-0.348589303064837,51.5804773828009],[-0.353987347875561,51.5819657712897],[-0.352609652434405,51.5845826306577],[-0.347645351938011,51.5839158768511]]]},"properties":{"LSOA21CD":"E01002160","LSOA21NM":"Harrow 021B"}},{"type":"Feature","geometry":{"type":"Polygon","coordinates":[[[-0.358083492107469,51.589268503433],[-0.356063863558271,51.5872216263917],[-0.356442651084187,51.5828106628641],[-0.357085444315642,51.5830325324732],[-0.362047787691532,51.5847616976739],[-0.363349626906513,51.5897093972254],[-0.358083492107469,51.589268503433]]]},"properties":{"LSOA21CD":"E01002161","LSOA21NM":"Harrow 021C"}},{"type":"Feature","geometry":{"type":"Polygon","coordinates":[[[-0.344572208338671,51.5899547255793],[-0.349968575231995,51.5891841519041],[-0.345757835269166,51.5908550034271],[-0.349531094701997,51.5898173130393],[-0.347895425366814,51.5923758113423],[-0.35167323696573,51.5924871917151],[-0.350022717510588,51.5946727790167],[-0.348088516542513,51.5952970311282],[-0.344572208338671,51.5899547255793]]]},"properties":{"LSOA21CD":"E01002162","LSOA21NM":"Harrow 015C"}},{"type":"Feature","geometry":{"type":"Polygon","coordinates":[[[-0.349968575231995,51.5891841519041],[-0.35313260030271,51.5876834085073],[-0.356063863558271,51.5872216263917],[-0.358083492107469,51.589268503433],[-0.354012723542097,51.5914606131349],[-0.35167323696573,51.5924871917151],[-0.347895425366814,51.5923758113423],[-0.349531094701997,51.5898173130393],[-0.345757835269166,51.5908550034271],[-0.349968575231995,51.5891841519041]]]},"properties":{"LSOA21CD":"E01002163","LSOA21NM":"Harrow 015D"}},{"type":"Feature","geometry":{"type":"Polygon","coordinates":[[[-0.341508420747323,51.584605062674],[-0.344355419381438,51.5841676390088],[-0.347645351938011,51.5839158768511],[-0.349893904288196,51.5883429376465],[-0.35313260030271,51.5876834085073],[-0.349968575231995,51.5891841519041],[-0.344572208338671,51.5899547255793],[-0.341508420747323,51.584605062674]]]},"properties":{"LSOA21CD":"E01002164","LSOA21NM":"Harrow 021D"}},{"type":"Feature","geometry":{"type":"Polygon","coordinates":[[[-0.283300569127493,51.5887143066323],[-0.282525270714429,51.585066942583],[-0.285008612570804,51.5854488555005],[-0.287765617423601,51.5857869221698],[-0.291914025188091,51.5899197966817],[-0.283300569127493,51.5887143066323]]]},"properties":{"LSOA21CD":"E01002165","LSOA21NM":"Harrow 017A"}},{"type":"Feature","geometry":{"type":"Polygon","coordinates":[[[-0.29123577253903,51.5935183276113],[-0.291914025188091,51.5899197966817],[-0.287765617423601,51.5857869221698],[-0.295093635211565,51.5866522487636],[-0.296015506426919,51.5907051904702],[-0.292766808875462,51.594122037738],[-0.29123577253903,51.5935183276113]]]},"properties":{"LSOA21CD":"E01002166","LSOA21NM":"Harrow 017B"}},{"type":"Feature","geometry":{"type":"Polygon","coordinates":[[[-0.292766808875462,51.594122037738],[-0.296015506426919,51.5907051904702],[-0.298354360335033,51.5885671103805],[-0.30067806699397,51.5906546535702],[-0.300257318124649,51.5909906185245],[-0.30091213316397,51.5939614722338],[-0.297216210090606,51.5921279689775],[-0.294818617612283,51.5947181325835],[-0.292766808875462,51.594122037738]]]},"properties":{"LSOA21CD":"E01002167","LSOA21NM":"Harrow 017C"}},{"type":"Feature","geometry":{"type":"Polygon","coordinates":[[[-0.294818617612283,51.5947181325835],[-0.297216210090606,51.5921279689775],[-0.30091213316397,51.5939614722338],[-0.300257318124649,51.5909906185245],[-0.305777680611166,51.5938741450573],[-0.302501267783323,51.5944924427427],[-0.297823781887912,51.5950758191467],[-0.294818617612283,51.5947181325835]]]},"properties":{"LSOA21CD":"E01002168","LSOA21NM":"Harrow 017D"}},{"type":"Feature","geometry":{"type":"Polygon","coordinates":[[[-0.287254181483325,51.5924876061914],[-0.283529098907723,51.5892642625483],[-0.283300569127493,51.5887143066323],[-0.291914025188091,51.5899197966817],[-0.29123577253903,51.5935183276113],[-0.290403112006756,51.5935725716552],[-0.287254181483325,51.5924876061914]]]},"properties":{"LSOA21CD":"E01002169","LSOA21NM":"Harrow 017E"}},{"type":"Feature","geometry":{"type":"Polygon","coordinates":[[[-0.300257318124649,51.5909906185245],[-0.30067806699397,51.5906546535702],[-0.301224250153534,51.5904652226059],[-0.306131278443631,51.5902093977188],[-0.310932044355447,51.5929626717224],[-0.305777680611166,51.5938741450573],[-0.300257318124649,51.5909906185245]]]},"properties":{"LSOA21CD":"E01002170","LSOA21NM":"Harrow 033A"}},{"type":"Feature","geometry":{"type":"Polygon","coordinates":[[[-0.295093635211565,51.5866522487636],[-0.295679985560308,51.5867000181521],[-0.302034594204357,51.5872806840666],[-0.301224250153534,51.5904652226059],[-0.30067806699397,51.5906546535702],[-0.298354360335033,51.5885671103805],[-0.296015506426919,51.5907051904702],[-0.295093635211565,51.5866522487636]]]},"properties":{"LSOA21CD":"E01002171","LSOA21NM":"Harrow 033B"}},{"type":"Feature","geometry":{"type":"Polygon","coordinates":[[[-0.317240291272169,51.5930232392266],[-0.321842401353227,51.5910438379041],[-0.317864923802618,51.5881382250789],[-0.323338785147152,51.5865077130995],[-0.327227773605031,51.5885427582609],[-0.331774708806354,51.590744405647],[-0.331262352650352,51.590792056711],[-0.321851066649813,51.5942592648639],[-0.317240291272169,51.5930232392266]]]},"properties":{"LSOA21CD":"E01002172","LSOA21NM":"Harrow 033C"}},{"type":"Feature","geometry":{"type":"Polygon","coordinates":[[[-0.316167396308021,51.5922970432819],[-0.312006753116738,51.5881289585377],[-0.314841648697079,51.5869140656913],[-0.321842401353227,51.5910438379041],[-0.317240291272169,51.5930232392266],[-0.316167396308021,51.5922970432819]]]},"properties":{"LSOA21CD":"E01002173","LSOA21NM":"Harrow 033D"}},{"type":"Feature","geometry":{"type":"Polygon","coordinates":[[[-0.310932044355447,51.5929626717224],[-0.306131278443631,51.5902093977188],[-0.309060582809398,51.5880817777983],[-0.313146975704111,51.591607271224],[-0.311062195148106,51.5870574322842],[-0.312006753116738,51.5881289585377],[-0.316167396308021,51.5922970432819],[-0.314021429232756,51.5959268635211],[-0.31279591397899,51.5963073842173],[-0.310932044355447,51.5929626717224]]]},"properties":{"LSOA21CD":"E01002174","LSOA21NM":"Harrow 033E"}},{"type":"Feature","geometry":{"type":"Polygon","coordinates":[[[-0.306131278443631,51.5902093977188],[-0.301224250153534,51.5904652226059],[-0.302034594204357,51.5872806840666],[-0.307520363355425,51.5862964662777],[-0.311062195148106,51.5870574322842],[-0.313146975704111,51.591607271224],[-0.309060582809398,51.5880817777983],[-0.306131278443631,51.5902093977188]]]},"properties":{"LSOA21CD":"E01002175","LSOA21NM":"Harrow 033F"}},{"type":"Feature","geometry":{"type":"Polygon","coordinates":[[[-0.312006753116738,51.5881289585377],[-0.311062195148106,51.5870574322842],[-0.307520363355425,51.5862964662777],[-0.30989420223525,51.5854626163766],[-0.317067671242581,51.5821055841842],[-0.320593674496602,51.5848065963338],[-0.323338785147152,51.5865077130995],[-0.317864923802618,51.5881382250789],[-0.321842401353227,51.5910438379041],[-0.314841648697079,51.5869140656913],[-0.312006753116738,51.5881289585377]]]},"properties":{"LSOA21CD":"E01002176","LSOA21NM":"Harrow 033G"}},{"type":"Feature","geometry":{"type":"Polygon","coordinates":[[[-0.31342986768205,51.5978590785931],[-0.31279591397899,51.5963073842173],[-0.314021429232756,51.5959268635211],[-0.321288845987813,51.5975145597274],[-0.319640914012223,51.6009667205402],[-0.31342986768205,51.5978590785931]]]},"properties":{"LSOA21CD":"E01002177","LSOA21NM":"Harrow 033H"}},{"type":"Feature","geometry":{"type":"Polygon","coordinates":[[[-0.314021429232756,51.5959268635211],[-0.316167396308021,51.5922970432819],[-0.317240291272169,51.5930232392266],[-0.321851066649813,51.5942592648639],[-0.321782823704351,51.5954383887826],[-0.321288845987813,51.5975145597274],[-0.314021429232756,51.5959268635211]]]},"properties":{"LSOA21CD":"E01002178","LSOA21NM":"Harrow 033I"}},{"type":"Feature","geometry":{"type":"Polygon","coordinates":[[[-0.33004767749346,51.5940475034385],[-0.333225134454672,51.5924380606258],[-0.339455426853621,51.5898466432887],[-0.340022002439771,51.5895435025303],[-0.343068296669218,51.5924507185444],[-0.338161261878175,51.5938273513865],[-0.335858132591381,51.5943617446172],[-0.335236066599554,51.5955282444156],[-0.332247319509048,51.5958773031021],[-0.33004767749346,51.5940475034385]]]},"properties":{"LSOA21CD":"E01002179","LSOA21NM":"Harrow 013A"}},{"type":"Feature","geometry":{"type":"Polygon","coordinates":[[[-0.343884864638227,51.596510577642],[-0.338161261878175,51.5938273513865],[-0.343068296669218,51.5924507185444],[-0.340022002439771,51.5895435025303],[-0.33911794848135,51.5852331888292],[-0.341508420747323,51.584605062674],[-0.344572208338671,51.5899547255793],[-0.348088516542513,51.5952970311282],[-0.346138916762085,51.5976219273105],[-0.343884864638227,51.596510577642]]]},"properties":{"LSOA21CD":"E01002181","LSOA21NM":"Harrow 020C"}},{"type":"Feature","geometry":{"type":"Polygon","coordinates":[[[-0.332670816508169,51.5891087195747],[-0.335251753484366,51.585413356977],[-0.33911794848135,51.5852331888292],[-0.340022002439771,51.5895435025303],[-0.339455426853621,51.5898466432887],[-0.332670816508169,51.5891087195747]]]},"properties":{"LSOA21CD":"E01002182","LSOA21NM":"Harrow 020D"}},{"type":"Feature","geometry":{"type":"Polygon","coordinates":[[[-0.332247319509048,51.5958773031021],[-0.335236066599554,51.5955282444156],[-0.334189675289071,51.596946784767],[-0.329329787936654,51.5980769040616],[-0.325875985062182,51.5991051538834],[-0.322984009716887,51.5995426201243],[-0.322999297886443,51.5956915146518],[-0.332247319509048,51.5958773031021]]]},"properties":{"LSOA21CD":"E01002183","LSOA21NM":"Harrow 013C"}},{"type":"Feature","geometry":{"type":"Polygon","coordinates":[[[-0.321288845987813,51.5975145597274],[-0.321782823704351,51.5954383887826],[-0.33004767749346,51.5940475034385],[-0.332247319509048,51.5958773031021],[-0.322999297886443,51.5956915146518],[-0.322984009716887,51.5995426201243],[-0.325875985062182,51.5991051538834],[-0.323642987858191,51.5999828438059],[-0.319981007229353,51.6009006726201],[-0.319640914012223,51.6009667205402],[-0.321288845987813,51.5975145597274]]]},"properties":{"LSOA21CD":"E01002184","LSOA21NM":"Harrow 013D"}},{"type":"Feature","geometry":{"type":"Polygon","coordinates":[[[-0.396130033660873,51.6017447523648],[-0.395700540816633,51.5988515659242],[-0.401337955862955,51.59981375826],[-0.402555249867394,51.6029181600311],[-0.398102995056853,51.6031196974555],[-0.396130033660873,51.6017447523648]]]},"properties":{"LSOA21CD":"E01002185","LSOA21NM":"Harrow 009A"}},{"type":"Feature","geometry":{"type":"Polygon","coordinates":[[[-0.389220157122821,51.5972238032332],[-0.387363390534604,51.5952308084369],[-0.397658473847783,51.5969454395611],[-0.400193773719446,51.5974350235339],[-0.401337955862955,51.59981375826],[-0.395700540816633,51.5988515659242],[-0.396130033660873,51.6017447523648],[-0.388893019836649,51.6028463386431],[-0.392478800107596,51.5989516517031],[-0.389220157122821,51.5972238032332]]]},"properties":{"LSOA21CD":"E01002186","LSOA21NM":"Harrow 009B"}},{"type":"Feature","geometry":{"type":"Polygon","coordinates":[[[-0.383043190371709,51.6037224343678],[-0.385347917593168,51.5957730416487],[-0.389220157122821,51.5972238032332],[-0.392478800107596,51.5989516517031],[-0.388893019836649,51.6028463386431],[-0.396130033660873,51.6017447523648],[-0.398102995056853,51.6031196974555],[-0.389335912645643,51.6052938263834],[-0.387523697420516,51.6055947485501],[-0.383043190371709,51.6037224343678]]]},"properties":{"LSOA21CD":"E01002187","LSOA21NM":"Harrow 009C"}},{"type":"Feature","geometry":{"type":"Polygon","coordinates":[[[-0.375195905369669,51.5999415741853],[-0.374016871724974,51.5966673426799],[-0.385347917593168,51.5957730416487],[-0.383043190371709,51.6037224343678],[-0.375195905369669,51.5999415741853]]]},"properties":{"LSOA21CD":"E01002188","LSOA21NM":"Harrow 016A"}},{"type":"Feature","geometry":{"type":"Polygon","coordinates":[[[-0.385347917593168,51.5957730416487],[-0.374016871724974,51.5966673426799],[-0.370096243958638,51.5946339604597],[-0.373725609842653,51.5896784374558],[-0.379979218300354,51.5923844121904],[-0.387363390534604,51.5952308084369],[-0.389220157122821,51.5972238032332],[-0.385347917593168,51.5957730416487]]]},"properties":{"LSOA21CD":"E01002189","LSOA21NM":"Harrow 016B"}},{"type":"Feature","geometry":{"type":"Polygon","coordinates":[[[-0.385464578196705,51.6107821950634],[-0.389335912645643,51.6052938263834],[-0.398102995056853,51.6031196974555],[-0.402555249867394,51.6029181600311],[-0.402353313805787,51.6060986370835],[-0.404050085203542,51.613183949171],[-0.38498623486784,51.6160486099603],[-0.384566443142229,51.6161711893598],[-0.385464578196705,51.6107821950634]]]},"properties":{"LSOA21CD":"E01002190","LSOA21NM":"Harrow 009D"}},{"type":"Feature","geometry":{"type":"Polygon","coordinates":[[[-0.379585064556902,51.5804698786427],[-0.38023884182822,51.5757698895936],[-0.380965887562853,51.5738317498552],[-0.385871100375485,51.5709086706856],[-0.385913437988987,51.5709654457065],[-0.3883923272432,51.5772561295021],[-0.388970548949624,51.5781022453643],[-0.387979436103917,51.5810843474471],[-0.381212356990755,51.5819233918748],[-0.379585064556902,51.5804698786427]]]},"properties":{"LSOA21CD":"E01002191","LSOA21NM":"Harrow 022A"}},{"type":"Feature","geometry":{"type":"Polygon","coordinates":[[[-0.387363390534604,51.5952308084369],[-0.379979218300354,51.5923844121904],[-0.382070179404334,51.5914455057572],[-0.392236902749202,51.5927724275434],[-0.3940711932232,51.5901562870126],[-0.395469063164158,51.590202466072],[-0.397658473847783,51.5969454395611],[-0.387363390534604,51.5952308084369]]]},"properties":{"LSOA21CD":"E01002192","LSOA21NM":"Harrow 016C"}},{"type":"Feature","geometry":{"type":"Polygon","coordinates":[[[-0.373725609842653,51.5896784374558],[-0.37302001404681,51.5893643136673],[-0.375568801519699,51.5876078872358],[-0.38204914571254,51.5862360326498],[-0.3852455273594,51.5874464327022],[-0.382070179404334,51.5914455057572],[-0.379979218300354,51.5923844121904],[-0.373725609842653,51.5896784374558]]]},"properties":{"LSOA21CD":"E01002193","LSOA21NM":"Harrow 016D"}},{"type":"Feature","geometry":{"type":"Polygon","coordinates":[[[-0.382070179404334,51.5914455057572],[-0.3852455273594,51.5874464327022],[-0.38204914571254,51.5862360326498],[-0.382662414508733,51.5858880663312],[-0.391500959084708,51.5852661446855],[-0.3940711932232,51.5901562870126],[-0.392236902749202,51.5927724275434],[-0.382070179404334,51.5914455057572]]]},"properties":{"LSOA21CD":"E01002194","LSOA21NM":"Harrow 022B"}},{"type":"Feature","geometry":{"type":"Polygon","coordinates":[[[-0.373393183154356,51.5843620558202],[-0.37311303415611,51.5838388826026],[-0.379585064556902,51.5804698786427],[-0.381212356990755,51.5819233918748],[-0.382662414508733,51.5858880663312],[-0.38204914571254,51.5862360326498],[-0.375568801519699,51.5876078872358],[-0.373393183154356,51.5843620558202]]]},"properties":{"LSOA21CD":"E01002195","LSOA21NM":"Harrow 022C"}},{"type":"Feature","geometry":{"type":"Polygon","coordinates":[[[-0.381212356990755,51.5819233918748],[-0.387979436103917,51.5810843474471],[-0.388970548949624,51.5781022453643],[-0.39117035029804,51.5839966389931],[-0.391500959084708,51.5852661446855],[-0.382662414508733,51.5858880663312],[-0.381212356990755,51.5819233918748]]]},"properties":{"LSOA21CD":"E01002196","LSOA21NM":"Harrow 022D"}},{"type":"Feature","geometry":{"type":"Polygon","coordinates":[[[-0.304550513231136,51.5967131300994],[-0.311329114674234,51.5951481443265],[-0.312476453566502,51.5976555485318],[-0.310485138858517,51.5982643879688],[-0.306826832332241,51.6007606149009],[-0.304550513231136,51.5967131300994]]]},"properties":{"LSOA21CD":"E01002197","LSOA21NM":"Harrow 012B"}},{"type":"Feature","geometry":{"type":"Polygon","coordinates":[[[-0.280111254840428,51.5979636524439],[-0.27932900014726,51.5962310977565],[-0.28604754680531,51.5948599702622],[-0.286136666857615,51.5999783610877],[-0.285655121175048,51.6001558912267],[-0.280111254840428,51.5979636524439]]]},"properties":{"LSOA21CD":"E01002198","LSOA21NM":"Harrow 010C"}},{"type":"Feature","geometry":{"type":"Polygon","coordinates":[[[-0.312476453566502,51.5976555485318],[-0.311329114674234,51.5951481443265],[-0.304550513231136,51.5967131300994],[-0.302501267783323,51.5944924427427],[-0.305777680611166,51.5938741450573],[-0.310932044355447,51.5929626717224],[-0.31279591397899,51.5963073842173],[-0.31342986768205,51.5978590785931],[-0.312476453566502,51.5976555485318]]]},"properties":{"LSOA21CD":"E01002199","LSOA21NM":"Harrow 012C"}},{"type":"Feature","geometry":{"type":"Polygon","coordinates":[[[-0.289451312805631,51.6039658238629],[-0.286136666857615,51.5999783610877],[-0.28604754680531,51.5948599702622],[-0.287054763830594,51.5945944855357],[-0.292195057116355,51.6002228501716],[-0.290507848124367,51.605264858918],[-0.289451312805631,51.6039658238629]]]},"properties":{"LSOA21CD":"E01002200","LSOA21NM":"Harrow 010D"}},{"type":"Feature","geometry":{"type":"Polygon","coordinates":[[[-0.300430876451305,51.5991030813576],[-0.296447520546715,51.5973883515655],[-0.297823781887912,51.5950758191467],[-0.302501267783323,51.5944924427427],[-0.304550513231136,51.5967131300994],[-0.306826832332241,51.6007606149009],[-0.306771977087903,51.6010692673372],[-0.300430876451305,51.5991030813576]]]},"properties":{"LSOA21CD":"E01002201","LSOA21NM":"Harrow 012D"}},{"type":"Feature","geometry":{"type":"Polygon","coordinates":[[[-0.287054763830594,51.5945944855357],[-0.290403112006756,51.5935725716552],[-0.29123577253903,51.5935183276113],[-0.292766808875462,51.594122037738],[-0.294818617612283,51.5947181325835],[-0.297823781887912,51.5950758191467],[-0.296447520546715,51.5973883515655],[-0.293122953970187,51.5965647193527],[-0.292195057116355,51.6002228501716],[-0.287054763830594,51.5945944855357]]]},"properties":{"LSOA21CD":"E01002202","LSOA21NM":"Harrow 012E"}},{"type":"Feature","geometry":{"type":"Polygon","coordinates":[[[-0.290507848124367,51.605264858918],[-0.292195057116355,51.6002228501716],[-0.293122953970187,51.5965647193527],[-0.296447520546715,51.5973883515655],[-0.300430876451305,51.5991030813576],[-0.296709127607306,51.5996619855478],[-0.297676618559162,51.6029345115121],[-0.293327065993507,51.6036129433453],[-0.294179310272454,51.6062290536072],[-0.294393692476688,51.6069637205755],[-0.29180247049826,51.6070949935509],[-0.290507848124367,51.605264858918]]]},"properties":{"LSOA21CD":"E01002203","LSOA21NM":"Harrow 010E"}},{"type":"Feature","geometry":{"type":"Polygon","coordinates":[[[-0.369837963584584,51.5749468647815],[-0.369368745434429,51.5748366674314],[-0.369466900859616,51.569617997256],[-0.372510176395581,51.569601691164],[-0.376376364975225,51.5694902846298],[-0.376366850357882,51.5702540006632],[-0.375581370880298,51.571629155923],[-0.372435404150215,51.5744409932461],[-0.370598607490735,51.5751020377705],[-0.369837963584584,51.5749468647815]]]},"properties":{"LSOA21CD":"E01002204","LSOA21NM":"Harrow 032A"}},{"type":"Feature","geometry":{"type":"Polygon","coordinates":[[[-0.365127357287229,51.573382632988],[-0.366015182070418,51.5694769348906],[-0.366904987195774,51.5694870191382],[-0.369466900859616,51.569617997256],[-0.369368745434429,51.5748366674314],[-0.365127357287229,51.573382632988]]]},"properties":{"LSOA21CD":"E01002206","LSOA21NM":"Harrow 032B"}},{"type":"Feature","geometry":{"type":"Polygon","coordinates":[[[-0.376376364975225,51.5694902846298],[-0.377917595027684,51.5648789399287],[-0.38194845866674,51.5630732740679],[-0.382413752769071,51.5641992597931],[-0.383351735879754,51.5673613554648],[-0.376366850357882,51.5702540006632],[-0.376376364975225,51.5694902846298]]]},"properties":{"LSOA21CD":"E01002207","LSOA21NM":"Harrow 032C"}},{"type":"Feature","geometry":{"type":"Polygon","coordinates":[[[-0.371968681434554,51.581868222906],[-0.377153683230384,51.5752748285722],[-0.38023884182822,51.5757698895936],[-0.379585064556902,51.5804698786427],[-0.37311303415611,51.5838388826026],[-0.371968681434554,51.581868222906]]]},"properties":{"LSOA21CD":"E01002208","LSOA21NM":"Harrow 025A"}},{"type":"Feature","geometry":{"type":"Polygon","coordinates":[[[-0.368186254768719,51.5781402587837],[-0.368285593351898,51.5780343327356],[-0.370598607490735,51.5751020377705],[-0.372435404150215,51.5744409932461],[-0.377153683230384,51.5752748285722],[-0.371968681434554,51.581868222906],[-0.368186254768719,51.5781402587837]]]},"properties":{"LSOA21CD":"E01002209","LSOA21NM":"Harrow 025B"}},{"type":"Feature","geometry":{"type":"Polygon","coordinates":[[[-0.377153683230384,51.5752748285722],[-0.372435404150215,51.5744409932461],[-0.375581370880298,51.571629155923],[-0.382889856740056,51.5704540781822],[-0.380965887562853,51.5738317498552],[-0.38023884182822,51.5757698895936],[-0.377153683230384,51.5752748285722]]]},"properties":{"LSOA21CD":"E01002210","LSOA21NM":"Harrow 032D"}},{"type":"Feature","geometry":{"type":"Polygon","coordinates":[[[-0.361762188121922,51.5679690484082],[-0.361545926458455,51.5652929917255],[-0.366334852613054,51.5658225565461],[-0.366904987195774,51.5694870191382],[-0.366015182070418,51.5694769348906],[-0.361762188121922,51.5679690484082]]]},"properties":{"LSOA21CD":"E01002211","LSOA21NM":"Harrow 028A"}},{"type":"Feature","geometry":{"type":"Polygon","coordinates":[[[-0.366904987195774,51.5694870191382],[-0.366334852613054,51.5658225565461],[-0.361545926458455,51.5652929917255],[-0.361526584372134,51.5651082522191],[-0.365114377595216,51.5633446895131],[-0.37254897801543,51.5614013893863],[-0.370855097976615,51.5647813970973],[-0.367758178632248,51.5657795442474],[-0.372510176395581,51.569601691164],[-0.369466900859616,51.569617997256],[-0.366904987195774,51.5694870191382]]]},"properties":{"LSOA21CD":"E01002212","LSOA21NM":"Harrow 028B"}},{"type":"Feature","geometry":{"type":"Polygon","coordinates":[[[-0.374796388213997,51.5637826400426],[-0.377008013391249,51.5600392702966],[-0.380087941195278,51.5595831951364],[-0.38194845866674,51.5630732740679],[-0.377917595027684,51.5648789399287],[-0.374796388213997,51.5637826400426]]]},"properties":{"LSOA21CD":"E01002214","LSOA21NM":"Harrow 031A"}},{"type":"Feature","geometry":{"type":"Polygon","coordinates":[[[-0.37254897801543,51.5614013893863],[-0.372625816386369,51.5613777332763],[-0.377008013391249,51.5600392702966],[-0.374796388213997,51.5637826400426],[-0.370855097976615,51.5647813970973],[-0.37254897801543,51.5614013893863]]]},"properties":{"LSOA21CD":"E01002215","LSOA21NM":"Harrow 031B"}},{"type":"Feature","geometry":{"type":"Polygon","coordinates":[[[-0.370855097976615,51.5647813970973],[-0.374796388213997,51.5637826400426],[-0.377917595027684,51.5648789399287],[-0.376376364975225,51.5694902846298],[-0.372510176395581,51.569601691164],[-0.367758178632248,51.5657795442474],[-0.370855097976615,51.5647813970973]]]},"properties":{"LSOA21CD":"E01002216","LSOA21NM":"Harrow 028C"}},{"type":"Feature","geometry":{"type":"Polygon","coordinates":[[[-0.358519063393894,51.5695914298833],[-0.361762188121922,51.5679690484082],[-0.366015182070418,51.5694769348906],[-0.365127357287229,51.573382632988],[-0.358519063393894,51.5695914298833]]]},"properties":{"LSOA21CD":"E01002217","LSOA21NM":"Harrow 028D"}},{"type":"Feature","geometry":{"type":"Polygon","coordinates":[[[-0.355611433493069,51.5648594945276],[-0.356717338982423,51.5619156863151],[-0.362658827872163,51.5579107489347],[-0.365068589651316,51.559869099925],[-0.365114377595216,51.5633446895131],[-0.361526584372134,51.5651082522191],[-0.355611433493069,51.5648594945276]]]},"properties":{"LSOA21CD":"E01002218","LSOA21NM":"Harrow 030A"}},{"type":"Feature","geometry":{"type":"Polygon","coordinates":[[[-0.347489348013404,51.559825290876],[-0.347534819778429,51.5596850992286],[-0.352475322926402,51.5588645405473],[-0.356717338982423,51.5619156863151],[-0.355611433493069,51.5648594945276],[-0.354358409084524,51.5643003553132],[-0.352637510931642,51.5649563883867],[-0.347489348013404,51.559825290876]]]},"properties":{"LSOA21CD":"E01002219","LSOA21NM":"Harrow 030B"}},{"type":"Feature","geometry":{"type":"Polygon","coordinates":[[[-0.365068589651316,51.559869099925],[-0.370445285301097,51.5592331945536],[-0.373682844249273,51.5584054488744],[-0.372625816386369,51.5613777332763],[-0.37254897801543,51.5614013893863],[-0.365114377595216,51.5633446895131],[-0.365068589651316,51.559869099925]]]},"properties":{"LSOA21CD":"E01002220","LSOA21NM":"Harrow 031C"}},{"type":"Feature","geometry":{"type":"Polygon","coordinates":[[[-0.352475322926402,51.5588645405473],[-0.353430802574017,51.5587317105312],[-0.362114744077404,51.5565687458444],[-0.364298022300983,51.5556217603142],[-0.362658827872163,51.5579107489347],[-0.356717338982423,51.5619156863151],[-0.352475322926402,51.5588645405473]]]},"properties":{"LSOA21CD":"E01002221","LSOA21NM":"Harrow 030C"}},{"type":"Feature","geometry":{"type":"Polygon","coordinates":[[[-0.362658827872163,51.5579107489347],[-0.364298022300983,51.5556217603142],[-0.366675231238289,51.5550874686256],[-0.369578804820006,51.5546264658343],[-0.370922323560698,51.556973966438],[-0.370445285301097,51.5592331945536],[-0.365068589651316,51.559869099925],[-0.362658827872163,51.5579107489347]]]},"properties":{"LSOA21CD":"E01002222","LSOA21NM":"Harrow 030D"}},{"type":"Feature","geometry":{"type":"Polygon","coordinates":[[[-0.370445285301097,51.5592331945536],[-0.370922323560698,51.556973966438],[-0.378230978594598,51.5558230655423],[-0.380087941195278,51.5595831951364],[-0.377008013391249,51.5600392702966],[-0.372625816386369,51.5613777332763],[-0.373682844249273,51.5584054488744],[-0.370445285301097,51.5592331945536]]]},"properties":{"LSOA21CD":"E01002223","LSOA21NM":"Harrow 031D"}},{"type":"Feature","geometry":{"type":"Polygon","coordinates":[[[-0.369578804820006,51.5546264658343],[-0.370611786730131,51.5543332515381],[-0.377873639896889,51.5549454781476],[-0.378230978594598,51.5558230655423],[-0.370922323560698,51.556973966438],[-0.369578804820006,51.5546264658343]]]},"properties":{"LSOA21CD":"E01002224","LSOA21NM":"Harrow 031E"}},{"type":"Feature","geometry":{"type":"Polygon","coordinates":[[[-0.317655590393072,51.6257040325469],[-0.321063436800449,51.6218686087541],[-0.316506566415161,51.6169326755027],[-0.319846714870866,51.6166315847305],[-0.325871994229507,51.6181342232364],[-0.337234574963244,51.6163447644726],[-0.343333500792703,51.6240648775386],[-0.339884239370944,51.6307261566295],[-0.332463755084216,51.6338218805265],[-0.331930719357265,51.6298085492574],[-0.317655590393072,51.6257040325469]]]},"properties":{"LSOA21CD":"E01002225","LSOA21NM":"Harrow 001C"}},{"type":"Feature","geometry":{"type":"Polygon","coordinates":[[[-0.306420620580971,51.6151818706054],[-0.312440657530108,51.6172781272294],[-0.312753572547314,51.613557595604],[-0.319846714870866,51.6166315847305],[-0.316506566415161,51.6169326755027],[-0.321063436800449,51.6218686087541],[-0.317655590393072,51.6257040325469],[-0.306420620580971,51.6151818706054]]]},"properties":{"LSOA21CD":"E01002226","LSOA21NM":"Harrow 001D"}},{"type":"Feature","geometry":{"type":"Polygon","coordinates":[[[-0.328081385960396,51.614532828017],[-0.329308505937503,51.6106669754886],[-0.336201951144679,51.6157519790047],[-0.337234574963244,51.6163447644726],[-0.325871994229507,51.6181342232364],[-0.323185380035157,51.6157629519423],[-0.328081385960396,51.614532828017]]]},"properties":{"LSOA21CD":"E01002227","LSOA21NM":"Harrow 003A"}},{"type":"Feature","geometry":{"type":"Polygon","coordinates":[[[-0.319846714870866,51.6166315847305],[-0.312753572547314,51.613557595604],[-0.315785271260456,51.6107675700713],[-0.322737333420891,51.6108512390162],[-0.322504987365692,51.6133985830819],[-0.328081385960396,51.614532828017],[-0.323185380035157,51.6157629519423],[-0.325871994229507,51.6181342232364],[-0.319846714870866,51.6166315847305]]]},"properties":{"LSOA21CD":"E01002228","LSOA21NM":"Harrow 003B"}},{"type":"Feature","geometry":{"type":"Polygon","coordinates":[[[-0.306420620580971,51.6151818706054],[-0.304919719947019,51.6127791809941],[-0.311832953682041,51.6120660541574],[-0.313660409366109,51.6067342656208],[-0.317007726817296,51.6048799526792],[-0.322423738925474,51.6082362488096],[-0.326596173415875,51.6060062003429],[-0.322737333420891,51.6108512390162],[-0.315785271260456,51.6107675700713],[-0.312753572547314,51.613557595604],[-0.312440657530108,51.6172781272294],[-0.306420620580971,51.6151818706054]]]},"properties":{"LSOA21CD":"E01002229","LSOA21NM":"Harrow 003C"}},{"type":"Feature","geometry":{"type":"Polygon","coordinates":[[[-0.322737333420891,51.6108512390162],[-0.326596173415875,51.6060062003429],[-0.322423738925474,51.6082362488096],[-0.317007726817296,51.6048799526792],[-0.317388233097943,51.6048705819834],[-0.326357425570773,51.6047838607292],[-0.329093722630228,51.6086620479032],[-0.329308505937503,51.6106669754886],[-0.328081385960396,51.614532828017],[-0.322504987365692,51.6133985830819],[-0.322737333420891,51.6108512390162]]]},"properties":{"LSOA21CD":"E01002230","LSOA21NM":"Harrow 003D"}},{"type":"Feature","geometry":{"type":"Polygon","coordinates":[[[-0.323642987858191,51.5999828438059],[-0.325875985062182,51.5991051538834],[-0.329329787936654,51.5980769040616],[-0.332051086395706,51.6032979462727],[-0.327688694611518,51.6040174857207],[-0.323642987858191,51.5999828438059]]]},"properties":{"LSOA21CD":"E01002231","LSOA21NM":"Harrow 013E"}},{"type":"Feature","geometry":{"type":"Polygon","coordinates":[[[-0.337804067768479,51.6027071983605],[-0.337684573623094,51.6001243252185],[-0.341661100639991,51.5996819007992],[-0.346212847156173,51.6012171311718],[-0.344962835387176,51.6041805940657],[-0.339750243801851,51.6043713723087],[-0.337804067768479,51.6027071983605]]]},"properties":{"LSOA21CD":"E01002232","LSOA21NM":"Harrow 011A"}},{"type":"Feature","geometry":{"type":"Polygon","coordinates":[[[-0.332877242219403,51.6033024432679],[-0.334189675289071,51.596946784767],[-0.335236066599554,51.5955282444156],[-0.335858132591381,51.5943617446172],[-0.339815075440755,51.5968071569719],[-0.337684573623094,51.6001243252185],[-0.337804067768479,51.6027071983605],[-0.334741114693236,51.6034149182561],[-0.332877242219403,51.6033024432679]]]},"properties":{"LSOA21CD":"E01002233","LSOA21NM":"Harrow 011B"}},{"type":"Feature","geometry":{"type":"Polygon","coordinates":[[[-0.341661100639991,51.5996819007992],[-0.343884864638227,51.596510577642],[-0.346138916762085,51.5976219273105],[-0.349738422891542,51.5993178547697],[-0.346212847156173,51.6012171311718],[-0.341661100639991,51.5996819007992]]]},"properties":{"LSOA21CD":"E01002234","LSOA21NM":"Harrow 011C"}},{"type":"Feature","geometry":{"type":"Polygon","coordinates":[[[-0.329329787936654,51.5980769040616],[-0.334189675289071,51.596946784767],[-0.332877242219403,51.6033024432679],[-0.332051086395706,51.6032979462727],[-0.329329787936654,51.5980769040616]]]},"properties":{"LSOA21CD":"E01002235","LSOA21NM":"Harrow 011D"}},{"type":"Feature","geometry":{"type":"Polygon","coordinates":[[[-0.335858132591381,51.5943617446172],[-0.338161261878175,51.5938273513865],[-0.343884864638227,51.596510577642],[-0.341661100639991,51.5996819007992],[-0.337684573623094,51.6001243252185],[-0.339815075440755,51.5968071569719],[-0.335858132591381,51.5943617446172]]]},"properties":{"LSOA21CD":"E01002236","LSOA21NM":"Harrow 011E"}},{"type":"Feature","geometry":{"type":"Polygon","coordinates":[[[-0.341913138170451,51.579804368303],[-0.342978594851325,51.5771898888264],[-0.349990412754099,51.5787457653184],[-0.348589303064837,51.5804773828009],[-0.341913138170451,51.579804368303]]]},"properties":{"LSOA21CD":"E01002237","LSOA21NM":"Harrow 024A"}},{"type":"Feature","geometry":{"type":"Polygon","coordinates":[[[-0.356442651084187,51.5828106628641],[-0.353987347875561,51.5819657712897],[-0.348589303064837,51.5804773828009],[-0.349990412754099,51.5787457653184],[-0.351825640600726,51.5757745184127],[-0.35574782155141,51.575630177181],[-0.359610654005191,51.5786976969537],[-0.357085444315642,51.5830325324732],[-0.356442651084187,51.5828106628641]]]},"properties":{"LSOA21CD":"E01002238","LSOA21NM":"Harrow 024B"}},{"type":"Feature","geometry":{"type":"Polygon","coordinates":[[[-0.35574782155141,51.575630177181],[-0.358261135228523,51.5751116516848],[-0.369837963584584,51.5749468647815],[-0.370598607490735,51.5751020377705],[-0.368285593351898,51.5780343327356],[-0.359610654005191,51.5786976969537],[-0.35574782155141,51.575630177181]]]},"properties":{"LSOA21CD":"E01002239","LSOA21NM":"Harrow 025C"}},{"type":"Feature","geometry":{"type":"Polygon","coordinates":[[[-0.342978594851325,51.5771898888264],[-0.343547570890674,51.5746727624282],[-0.343755309295341,51.5739996223766],[-0.34961419309672,51.5753200062869],[-0.351825640600726,51.5757745184127],[-0.349990412754099,51.5787457653184],[-0.342978594851325,51.5771898888264]]]},"properties":{"LSOA21CD":"E01002240","LSOA21NM":"Harrow 024C"}},{"type":"Feature","geometry":{"type":"Polygon","coordinates":[[[-0.356872629368054,51.573880078973],[-0.358113061132065,51.5692910402768],[-0.358519063393894,51.5695914298833],[-0.365127357287229,51.573382632988],[-0.369368745434429,51.5748366674314],[-0.369837963584584,51.5749468647815],[-0.358261135228523,51.5751116516848],[-0.356872629368054,51.573880078973]]]},"properties":{"LSOA21CD":"E01002241","LSOA21NM":"Harrow 025D"}},{"type":"Feature","geometry":{"type":"Polygon","coordinates":[[[-0.357085444315642,51.5830325324732],[-0.359610654005191,51.5786976969537],[-0.368285593351898,51.5780343327356],[-0.368186254768719,51.5781402587837],[-0.363705572780663,51.582871232391],[-0.362047787691532,51.5847616976739],[-0.357085444315642,51.5830325324732]]]},"properties":{"LSOA21CD":"E01002242","LSOA21NM":"Harrow 024D"}},{"type":"Feature","geometry":{"type":"Polygon","coordinates":[[[-0.405051935520222,51.5332368430298],[-0.40344498575043,51.5262951569873],[-0.411642777700821,51.5287021312404],[-0.414257747021506,51.5246034091714],[-0.416634684155761,51.5253728372406],[-0.418881096031428,51.526126184094],[-0.414705499616294,51.5259486285572],[-0.411837318292861,51.5341289756945],[-0.405051935520222,51.5332368430298]]]},"properties":{"LSOA21CD":"E01002392","LSOA21NM":"Hillingdon 020A"}},{"type":"Feature","geometry":{"type":"Polygon","coordinates":[[[-0.404343805082343,51.5331294480167],[-0.399311265663637,51.532456978431],[-0.396957501456018,51.5320782404615],[-0.397696191042817,51.5303026123128],[-0.399162477095079,51.5266754527103],[-0.40344498575043,51.5262951569873],[-0.405051935520222,51.5332368430298],[-0.404343805082343,51.5331294480167]]]},"properties":{"LSOA21CD":"E01002393","LSOA21NM":"Hillingdon 020B"}},{"type":"Feature","geometry":{"type":"Polygon","coordinates":[[[-0.40344498575043,51.5262951569873],[-0.406558843508867,51.5233883206675],[-0.410017575990572,51.5218298615662],[-0.414257747021506,51.5246034091714],[-0.411642777700821,51.5287021312404],[-0.40344498575043,51.5262951569873]]]},"properties":{"LSOA21CD":"E01002394","LSOA21NM":"Hillingdon 021A"}},{"type":"Feature","geometry":{"type":"Polygon","coordinates":[[[-0.399317310709678,51.5245617912537],[-0.400580883453891,51.5235165950686],[-0.405246311016971,51.5212615654827],[-0.406558843508867,51.5233883206675],[-0.40344498575043,51.5262951569873],[-0.399162477095079,51.5266754527103],[-0.399317310709678,51.5245617912537]]]},"properties":{"LSOA21CD":"E01002395","LSOA21NM":"Hillingdon 021B"}},{"type":"Feature","geometry":{"type":"Polygon","coordinates":[[[-0.398041440305148,51.5236238373102],[-0.395451635133803,51.5217001851019],[-0.401221283508235,51.5161120741043],[-0.407622684202537,51.5179388495086],[-0.408076134739505,51.5180406294909],[-0.409276369333235,51.5192597179704],[-0.400580883453891,51.5235165950686],[-0.399317310709678,51.5245617912537],[-0.398041440305148,51.5236238373102]]]},"properties":{"LSOA21CD":"E01002396","LSOA21NM":"Hillingdon 026A"}},{"type":"Feature","geometry":{"type":"Polygon","coordinates":[[[-0.416634684155761,51.5253728372406],[-0.417353812218416,51.5218895713838],[-0.4112729318617,51.5195498247172],[-0.409276369333235,51.5192597179704],[-0.408076134739505,51.5180406294909],[-0.421401300986879,51.5227275354296],[-0.42206316689557,51.5229162219878],[-0.418881096031428,51.526126184094],[-0.416634684155761,51.5253728372406]]]},"properties":{"LSOA21CD":"E01002397","LSOA21NM":"Hillingdon 021C"}},{"type":"Feature","geometry":{"type":"Polygon","coordinates":[[[-0.414257747021506,51.5246034091714],[-0.410017575990572,51.5218298615662],[-0.4112729318617,51.5195498247172],[-0.417353812218416,51.5218895713838],[-0.416634684155761,51.5253728372406],[-0.414257747021506,51.5246034091714]]]},"properties":{"LSOA21CD":"E01002398","LSOA21NM":"Hillingdon 021D"}},{"type":"Feature","geometry":{"type":"Polygon","coordinates":[[[-0.409276369333235,51.5192597179704],[-0.4112729318617,51.5195498247172],[-0.410017575990572,51.5218298615662],[-0.406558843508867,51.5233883206675],[-0.405246311016971,51.5212615654827],[-0.400580883453891,51.5235165950686],[-0.409276369333235,51.5192597179704]]]},"properties":{"LSOA21CD":"E01002399","LSOA21NM":"Hillingdon 021E"}},{"type":"Feature","geometry":{"type":"Polygon","coordinates":[[[-0.436370285977631,51.5256659124873],[-0.437139033316593,51.5248707115341],[-0.441278132085135,51.5178052183385],[-0.446005727770658,51.5116128403842],[-0.450377066510248,51.5084134692715],[-0.450964739581151,51.5157190087103],[-0.443745277690125,51.5189673453528],[-0.447536442162979,51.522898793957],[-0.438346561302745,51.5264423812788],[-0.436370285977631,51.5256659124873]]]},"properties":{"LSOA21CD":"E01002400","LSOA21NM":"Hillingdon 024A"}},{"type":"Feature","geometry":{"type":"Polygon","coordinates":[[[-0.432189120619284,51.5249205677024],[-0.428073430938586,51.5240635161014],[-0.424029157811969,51.5233779856188],[-0.424839994703739,51.5221405862383],[-0.429146053844793,51.5194613526197],[-0.434866792616948,51.5197110700359],[-0.435543272786313,51.5225487868014],[-0.437139033316593,51.5248707115341],[-0.436370285977631,51.5256659124873],[-0.432189120619284,51.5249205677024]]]},"properties":{"LSOA21CD":"E01002401","LSOA21NM":"Hillingdon 024B"}},{"type":"Feature","geometry":{"type":"Polygon","coordinates":[[[-0.435543272786313,51.5225487868014],[-0.43774492329419,51.5169205211779],[-0.441278132085135,51.5178052183385],[-0.437139033316593,51.5248707115341],[-0.435543272786313,51.5225487868014]]]},"properties":{"LSOA21CD":"E01002402","LSOA21NM":"Hillingdon 024C"}},{"type":"Feature","geometry":{"type":"Polygon","coordinates":[[[-0.429146053844793,51.5194613526197],[-0.433080097079774,51.5174675416851],[-0.43774492329419,51.5169205211779],[-0.435543272786313,51.5225487868014],[-0.434866792616948,51.5197110700359],[-0.429146053844793,51.5194613526197]]]},"properties":{"LSOA21CD":"E01002403","LSOA21NM":"Hillingdon 024D"}},{"type":"Feature","geometry":{"type":"Polygon","coordinates":[[[-0.425644038634105,51.5196151464402],[-0.426454925970628,51.5159512456364],[-0.434079364848195,51.514734077487],[-0.433080097079774,51.5174675416851],[-0.429146053844793,51.5194613526197],[-0.424839994703739,51.5221405862383],[-0.425644038634105,51.5196151464402]]]},"properties":{"LSOA21CD":"E01002404","LSOA21NM":"Hillingdon 024E"}},{"type":"Feature","geometry":{"type":"Polygon","coordinates":[[[-0.43774492329419,51.5169205211779],[-0.433080097079774,51.5174675416851],[-0.434079364848195,51.514734077487],[-0.426454925970628,51.5159512456364],[-0.422678327015977,51.5131982385093],[-0.426744765004343,51.5059912958688],[-0.434258832124844,51.5129350261542],[-0.435490801366014,51.5097862082231],[-0.443928319658115,51.5087205032904],[-0.446005727770658,51.5116128403842],[-0.441278132085135,51.5178052183385],[-0.43774492329419,51.5169205211779]]]},"properties":{"LSOA21CD":"E01002405","LSOA21NM":"Hillingdon 027A"}},{"type":"Feature","geometry":{"type":"Polygon","coordinates":[[[-0.444028951063572,51.5285572910315],[-0.449409850712253,51.5248480403623],[-0.451204639889819,51.5265608045716],[-0.455011341890518,51.5236931398349],[-0.453944176649072,51.5283203539575],[-0.444842366730356,51.5289246299678],[-0.444028951063572,51.5285572910315]]]},"properties":{"LSOA21CD":"E01002408","LSOA21NM":"Hillingdon 019A"}},{"type":"Feature","geometry":{"type":"Polygon","coordinates":[[[-0.438346561302745,51.5264423812788],[-0.447536442162979,51.522898793957],[-0.449409850712253,51.5248480403623],[-0.444028951063572,51.5285572910315],[-0.438346561302745,51.5264423812788]]]},"properties":{"LSOA21CD":"E01002409","LSOA21NM":"Hillingdon 019B"}},{"type":"Feature","geometry":{"type":"Polygon","coordinates":[[[-0.452739409780232,51.5327185608086],[-0.451941554329601,51.5324183622468],[-0.446350632839165,51.5296147644535],[-0.444842366730356,51.5289246299678],[-0.453944176649072,51.5283203539575],[-0.45917820262325,51.5303836787415],[-0.459450686061944,51.5353582492332],[-0.452739409780232,51.5327185608086]]]},"properties":{"LSOA21CD":"E01002410","LSOA21NM":"Hillingdon 017A"}},{"type":"Feature","geometry":{"type":"Polygon","coordinates":[[[-0.468774906071576,51.5292443682795],[-0.471872326072999,51.5218328703686],[-0.473259396953104,51.5207189329583],[-0.480248363474882,51.5238239305272],[-0.478481443628557,51.5266266520549],[-0.475903467138446,51.5300887688664],[-0.468774906071576,51.5292443682795]]]},"properties":{"LSOA21CD":"E01002411","LSOA21NM":"Hillingdon 022A"}},{"type":"Feature","geometry":{"type":"Polygon","coordinates":[[[-0.453944176649072,51.5283203539575],[-0.455011341890518,51.5236931398349],[-0.456616538306946,51.5228147794674],[-0.465609943155144,51.5235358177166],[-0.471872326072999,51.5218328703686],[-0.468774906071576,51.5292443682795],[-0.45917820262325,51.5303836787415],[-0.453944176649072,51.5283203539575]]]},"properties":{"LSOA21CD":"E01002412","LSOA21NM":"Hillingdon 017B"}},{"type":"Feature","geometry":{"type":"Polygon","coordinates":[[[-0.473259396953104,51.5207189329583],[-0.475018837857164,51.5188427214931],[-0.478961542228037,51.5168032898878],[-0.482938045938801,51.5201589688821],[-0.480248363474882,51.5238239305272],[-0.473259396953104,51.5207189329583]]]},"properties":{"LSOA21CD":"E01002413","LSOA21NM":"Hillingdon 022B"}},{"type":"Feature","geometry":{"type":"Polygon","coordinates":[[[-0.468131283250669,51.5356794214712],[-0.465001408330938,51.5353363464362],[-0.459450686061944,51.5353582492332],[-0.45917820262325,51.5303836787415],[-0.468774906071576,51.5292443682795],[-0.475903467138446,51.5300887688664],[-0.476164217636893,51.5325491147547],[-0.47627941680275,51.5376266023779],[-0.476200616304871,51.5392001273104],[-0.468131283250669,51.5356794214712]]]},"properties":{"LSOA21CD":"E01002414","LSOA21NM":"Hillingdon 015A"}},{"type":"Feature","geometry":{"type":"Polygon","coordinates":[[[-0.398079556901003,51.5673343359005],[-0.39597625027537,51.5671017509848],[-0.399264559166281,51.5605140279238],[-0.404229161897534,51.5633579261738],[-0.40082187027944,51.5652868145409],[-0.403764758506305,51.5681853892916],[-0.398079556901003,51.5673343359005]]]},"properties":{"LSOA21CD":"E01002415","LSOA21NM":"Hillingdon 010A"}},{"type":"Feature","geometry":{"type":"Polygon","coordinates":[[[-0.389458025428882,51.5643931565049],[-0.392669553104632,51.5628246215176],[-0.39871612812825,51.5603595877675],[-0.399264559166281,51.5605140279238],[-0.39597625027537,51.5671017509848],[-0.389458025428882,51.5643931565049]]]},"properties":{"LSOA21CD":"E01002416","LSOA21NM":"Hillingdon 008A"}},{"type":"Feature","geometry":{"type":"Polygon","coordinates":[[[-0.398527634721457,51.5731969015268],[-0.406471587205981,51.5730308670728],[-0.40821277452708,51.576540856999],[-0.407450480874673,51.5767822100947],[-0.399500480940808,51.5787328305772],[-0.3974319010183,51.5765236218184],[-0.396046451038058,51.5767409061638],[-0.398527634721457,51.5731969015268]]]},"properties":{"LSOA21CD":"E01002417","LSOA21NM":"Hillingdon 008B"}},{"type":"Feature","geometry":{"type":"Polygon","coordinates":[[[-0.385913437988987,51.5709654457065],[-0.388054594173657,51.5695633545699],[-0.390984009221541,51.5702907845895],[-0.392958291170931,51.5770898523568],[-0.3883923272432,51.5772561295021],[-0.385913437988987,51.5709654457065]]]},"properties":{"LSOA21CD":"E01002418","LSOA21NM":"Hillingdon 006A"}},{"type":"Feature","geometry":{"type":"Polygon","coordinates":[[[-0.390984009221541,51.5702907845895],[-0.397602554730223,51.569985947786],[-0.398527634721457,51.5731969015268],[-0.396046451038058,51.5767409061638],[-0.392958291170931,51.5770898523568],[-0.390984009221541,51.5702907845895]]]},"properties":{"LSOA21CD":"E01002419","LSOA21NM":"Hillingdon 006B"}},{"type":"Feature","geometry":{"type":"Polygon","coordinates":[[[-0.397602554730223,51.569985947786],[-0.398079556901003,51.5673343359005],[-0.403764758506305,51.5681853892916],[-0.403791946997394,51.5682129847266],[-0.405296598704246,51.5703254385248],[-0.406471587205981,51.5730308670728],[-0.398527634721457,51.5731969015268],[-0.397602554730223,51.569985947786]]]},"properties":{"LSOA21CD":"E01002420","LSOA21NM":"Hillingdon 008C"}},{"type":"Feature","geometry":{"type":"Polygon","coordinates":[[[-0.388054594173657,51.5695633545699],[-0.385929471634255,51.565888953837],[-0.389458025428882,51.5643931565049],[-0.39597625027537,51.5671017509848],[-0.398079556901003,51.5673343359005],[-0.397602554730223,51.569985947786],[-0.390984009221541,51.5702907845895],[-0.388054594173657,51.5695633545699]]]},"properties":{"LSOA21CD":"E01002421","LSOA21NM":"Hillingdon 008D"}},{"type":"Feature","geometry":{"type":"Polygon","coordinates":[[[-0.41961822357565,51.5332947302744],[-0.420043748514617,51.529735281242],[-0.421650213498083,51.5264498848044],[-0.425136634367539,51.5287727277477],[-0.425645488896841,51.530811674414],[-0.426401647613747,51.5333290458332],[-0.420634712072379,51.5335258875027],[-0.41961822357565,51.5332947302744]]]},"properties":{"LSOA21CD":"E01002422","LSOA21NM":"Hillingdon 018A"}},{"type":"Feature","geometry":{"type":"Polygon","coordinates":[[[-0.425645488896841,51.530811674414],[-0.425136634367539,51.5287727277477],[-0.432189120619284,51.5249205677024],[-0.436370285977631,51.5256659124873],[-0.438346561302745,51.5264423812788],[-0.440384609896383,51.5324627960906],[-0.434250404049414,51.5327984755995],[-0.425645488896841,51.530811674414]]]},"properties":{"LSOA21CD":"E01002423","LSOA21NM":"Hillingdon 018B"}},{"type":"Feature","geometry":{"type":"Polygon","coordinates":[[[-0.411837318292861,51.5341289756945],[-0.414705499616294,51.5259486285572],[-0.420043748514617,51.529735281242],[-0.41961822357565,51.5332947302744],[-0.413899125367057,51.5358365415275],[-0.411837318292861,51.5341289756945]]]},"properties":{"LSOA21CD":"E01002424","LSOA21NM":"Hillingdon 018C"}},{"type":"Feature","geometry":{"type":"Polygon","coordinates":[[[-0.420634712072379,51.5335258875027],[-0.426401647613747,51.5333290458332],[-0.425645488896841,51.530811674414],[-0.434250404049414,51.5327984755995],[-0.431388200960048,51.5374191218496],[-0.420634712072379,51.5335258875027]]]},"properties":{"LSOA21CD":"E01002425","LSOA21NM":"Hillingdon 018D"}},{"type":"Feature","geometry":{"type":"Polygon","coordinates":[[[-0.414705499616294,51.5259486285572],[-0.418881096031428,51.526126184094],[-0.42206316689557,51.5229162219878],[-0.424029157811969,51.5233779856188],[-0.428073430938586,51.5240635161014],[-0.421650213498083,51.5264498848044],[-0.420043748514617,51.529735281242],[-0.414705499616294,51.5259486285572]]]},"properties":{"LSOA21CD":"E01002426","LSOA21NM":"Hillingdon 021F"}},{"type":"Feature","geometry":{"type":"Polygon","coordinates":[[[-0.421650213498083,51.5264498848044],[-0.428073430938586,51.5240635161014],[-0.432189120619284,51.5249205677024],[-0.425136634367539,51.5287727277477],[-0.421650213498083,51.5264498848044]]]},"properties":{"LSOA21CD":"E01002427","LSOA21NM":"Hillingdon 018E"}},{"type":"Feature","geometry":{"type":"Polygon","coordinates":[[[-0.418514386046424,51.5402493802395],[-0.413899125367057,51.5358365415275],[-0.41961822357565,51.5332947302744],[-0.420634712072379,51.5335258875027],[-0.431388200960048,51.5374191218496],[-0.431009955021657,51.5391800818545],[-0.418114589947516,51.5417351282263],[-0.418514386046424,51.5402493802395]]]},"properties":{"LSOA21CD":"E01002428","LSOA21NM":"Hillingdon 018F"}},{"type":"Feature","geometry":{"type":"Polygon","coordinates":[[[-0.431388200960048,51.5374191218496],[-0.434250404049414,51.5327984755995],[-0.440384609896383,51.5324627960906],[-0.441458792155194,51.5365822670473],[-0.437500398711504,51.5374730599897],[-0.431009955021657,51.5391800818545],[-0.431388200960048,51.5374191218496]]]},"properties":{"LSOA21CD":"E01002429","LSOA21NM":"Hillingdon 019C"}},{"type":"Feature","geometry":{"type":"Polygon","coordinates":[[[-0.413008041083674,51.5891902687237],[-0.415640481749232,51.5868941884004],[-0.411108522517155,51.5818013464453],[-0.412521347415482,51.5806064656644],[-0.422216453923053,51.5782018471955],[-0.429431788586953,51.5830473702188],[-0.423293431235895,51.5884069978392],[-0.413560261928381,51.5901221135126],[-0.413008041083674,51.5891902687237]]]},"properties":{"LSOA21CD":"E01002430","LSOA21NM":"Hillingdon 007A"}},{"type":"Feature","geometry":{"type":"Polygon","coordinates":[[[-0.3883923272432,51.5772561295021],[-0.392958291170931,51.5770898523568],[-0.397182238776097,51.5773959400995],[-0.397596889640347,51.5774258646151],[-0.397574240769579,51.5776220094808],[-0.397049722206683,51.5821638137313],[-0.39117035029804,51.5839966389931],[-0.388970548949624,51.5781022453643],[-0.3883923272432,51.5772561295021]]]},"properties":{"LSOA21CD":"E01002431","LSOA21NM":"Hillingdon 006C"}},{"type":"Feature","geometry":{"type":"Polygon","coordinates":[[[-0.397049722206683,51.5821638137313],[-0.397574240769579,51.5776220094808],[-0.397596889640347,51.5774258646151],[-0.397182238776097,51.5773959400995],[-0.392958291170931,51.5770898523568],[-0.396046451038058,51.5767409061638],[-0.3974319010183,51.5765236218184],[-0.399500480940808,51.5787328305772],[-0.407450480874673,51.5767822100947],[-0.407213426282814,51.5789365323381],[-0.400928353631083,51.5826249141314],[-0.397049722206683,51.5821638137313]]]},"properties":{"LSOA21CD":"E01002432","LSOA21NM":"Hillingdon 006D"}},{"type":"Feature","geometry":{"type":"Polygon","coordinates":[[[-0.400928353631083,51.5826249141314],[-0.407213426282814,51.5789365323381],[-0.412521347415482,51.5806064656644],[-0.411108522517155,51.5818013464453],[-0.403667177233249,51.5876960649935],[-0.399808272775252,51.5888244451548],[-0.397226103264495,51.5866485018179],[-0.402007478260868,51.5853437250366],[-0.400928353631083,51.5826249141314]]]},"properties":{"LSOA21CD":"E01002433","LSOA21NM":"Hillingdon 004A"}},{"type":"Feature","geometry":{"type":"Polygon","coordinates":[[[-0.423293431235895,51.5884069978392],[-0.429431788586953,51.5830473702188],[-0.422216453923053,51.5782018471955],[-0.420437011055701,51.5755587247171],[-0.427940471038788,51.5770883693772],[-0.433122213849572,51.5844222470709],[-0.436048588086666,51.5877842195478],[-0.428637229703199,51.5886414225732],[-0.426247899033039,51.5936469806318],[-0.423293431235895,51.5884069978392]]]},"properties":{"LSOA21CD":"E01002434","LSOA21NM":"Hillingdon 007B"}},{"type":"Feature","geometry":{"type":"Polygon","coordinates":[[[-0.407213426282814,51.5789365323381],[-0.407450480874673,51.5767822100947],[-0.40821277452708,51.576540856999],[-0.409562086404822,51.5783974792684],[-0.411736390962272,51.5764988623971],[-0.418895303669345,51.5753055576756],[-0.420437011055701,51.5755587247171],[-0.422216453923053,51.5782018471955],[-0.412521347415482,51.5806064656644],[-0.407213426282814,51.5789365323381]]]},"properties":{"LSOA21CD":"E01002435","LSOA21NM":"Hillingdon 007C"}},{"type":"Feature","geometry":{"type":"Polygon","coordinates":[[[-0.403667177233249,51.5876960649935],[-0.411108522517155,51.5818013464453],[-0.415640481749232,51.5868941884004],[-0.413008041083674,51.5891902687237],[-0.405014516427617,51.5907415106589],[-0.403667177233249,51.5876960649935]]]},"properties":{"LSOA21CD":"E01002436","LSOA21NM":"Hillingdon 004B"}},{"type":"Feature","geometry":{"type":"Polygon","coordinates":[[[-0.3940711932232,51.5901562870126],[-0.391500959084708,51.5852661446855],[-0.39117035029804,51.5839966389931],[-0.397049722206683,51.5821638137313],[-0.400928353631083,51.5826249141314],[-0.402007478260868,51.5853437250366],[-0.397226103264495,51.5866485018179],[-0.399808272775252,51.5888244451548],[-0.395469063164158,51.590202466072],[-0.3940711932232,51.5901562870126]]]},"properties":{"LSOA21CD":"E01002437","LSOA21NM":"Hillingdon 006E"}},{"type":"Feature","geometry":{"type":"Polygon","coordinates":[[[-0.462026617997963,51.6139308064087],[-0.463040416006765,51.6119958800236],[-0.472734365230214,51.613428387411],[-0.478325471749414,51.6100375161946],[-0.480955591136454,51.6081356794579],[-0.480751744563725,51.6100709467628],[-0.490563532468629,51.609570580443],[-0.493696497722255,51.6062072445198],[-0.497208455354782,51.6034162504609],[-0.495388799480836,51.6187930354812],[-0.50015467696603,51.6220676835153],[-0.500308113825146,51.6288054388402],[-0.497226042903049,51.6316570675009],[-0.462026617997963,51.6139308064087]]]},"properties":{"LSOA21CD":"E01002438","LSOA21NM":"Hillingdon 003A"}},{"type":"Feature","geometry":{"type":"Polygon","coordinates":[[[-0.478325471749414,51.6100375161946],[-0.474179844927084,51.6082520163277],[-0.477385722441726,51.6048039160788],[-0.48543604258794,51.6005708459164],[-0.493696497722255,51.6062072445198],[-0.490563532468629,51.609570580443],[-0.480751744563725,51.6100709467628],[-0.480955591136454,51.6081356794579],[-0.478325471749414,51.6100375161946]]]},"properties":{"LSOA21CD":"E01002439","LSOA21NM":"Hillingdon 003B"}},{"type":"Feature","geometry":{"type":"Polygon","coordinates":[[[-0.457130588449111,51.6122939165486],[-0.451583802241822,51.6102582728082],[-0.458801531377223,51.6071741411157],[-0.456785768205065,51.6029308963862],[-0.473564349746433,51.6006323489733],[-0.477385722441726,51.6048039160788],[-0.474179844927084,51.6082520163277],[-0.478325471749414,51.6100375161946],[-0.472734365230214,51.613428387411],[-0.463040416006765,51.6119958800236],[-0.462026617997963,51.6139308064087],[-0.457130588449111,51.6122939165486]]]},"properties":{"LSOA21CD":"E01002440","LSOA21NM":"Hillingdon 003C"}},{"type":"Feature","geometry":{"type":"Polygon","coordinates":[[[-0.477385722441726,51.6048039160788],[-0.473564349746433,51.6006323489733],[-0.456785768205065,51.6029308963862],[-0.463100477803364,51.5955873253142],[-0.453664898876057,51.590785024918],[-0.448254767653454,51.5775902220534],[-0.442034653585492,51.5755595932381],[-0.441121187252862,51.5739203587232],[-0.442983280366505,51.5713443760399],[-0.447902776256402,51.5724466353314],[-0.454631296693766,51.573456398862],[-0.469735953336499,51.5753591077386],[-0.489210682935888,51.5777613907281],[-0.493378061065249,51.5838160189206],[-0.490234869425391,51.5854955022372],[-0.482899328793114,51.582487847717],[-0.475975564706484,51.5869057902351],[-0.48407788189796,51.5921206135368],[-0.483932482546799,51.5966726788201],[-0.496651069372336,51.6014695954272],[-0.497208455354782,51.6034162504609],[-0.493696497722255,51.6062072445198],[-0.48543604258794,51.6005708459164],[-0.477385722441726,51.6048039160788]]]},"properties":{"LSOA21CD":"E01002441","LSOA21NM":"Hillingdon 003D"}},{"type":"Feature","geometry":{"type":"Polygon","coordinates":[[[-0.493378061065249,51.5838160189206],[-0.49952815609518,51.592118943562],[-0.500596102913018,51.5996902179289],[-0.496651069372336,51.6014695954272],[-0.483932482546799,51.5966726788201],[-0.48407788189796,51.5921206135368],[-0.475975564706484,51.5869057902351],[-0.482899328793114,51.582487847717],[-0.490234869425391,51.5854955022372],[-0.493378061065249,51.5838160189206]]]},"properties":{"LSOA21CD":"E01002442","LSOA21NM":"Hillingdon 003E"}},{"type":"Feature","geometry":{"type":"Polygon","coordinates":[[[-0.427733746739399,51.4935673564786],[-0.423658460497978,51.4932752712144],[-0.417380341025436,51.4928358828402],[-0.411869883995934,51.4924461279594],[-0.411884421020568,51.4923635308886],[-0.411926839079286,51.4921239481458],[-0.415119724557388,51.4848984979514],[-0.415339143227207,51.4753699773741],[-0.411203797940133,51.4699777791478],[-0.411169975141906,51.4698745603185],[-0.422015795213948,51.4665762056344],[-0.422004133280508,51.4762185824311],[-0.426358296655419,51.4762029938589],[-0.427515879529464,51.4793929039385],[-0.439190775147404,51.4795221046315],[-0.440519767929412,51.4809394543163],[-0.432351893716171,51.4807346672393],[-0.431693807770708,51.4851959864309],[-0.428636385026603,51.4936326994751],[-0.427733746739399,51.4935673564786]]]},"properties":{"LSOA21CD":"E01002443","LSOA21NM":"Hillingdon 032A"}},{"type":"Feature","geometry":{"type":"Polygon","coordinates":[[[-0.460005299667316,51.4857787504685],[-0.459321955307717,51.4799955402415],[-0.439190775147404,51.4795221046315],[-0.427515879529464,51.4793929039385],[-0.426358296655419,51.4762029938589],[-0.422004133280508,51.4762185824311],[-0.422015795213948,51.4665762056344],[-0.422078891034698,51.466554672875],[-0.433578168926464,51.4617377582972],[-0.434903322018106,51.4568405247791],[-0.441457027423451,51.4568059637797],[-0.444316494455462,51.4532897709398],[-0.458641641597762,51.4563150755366],[-0.46607933783247,51.4577575608037],[-0.473877095519519,51.4587545784359],[-0.477122071514941,51.4613369281242],[-0.488875250977376,51.4618073517101],[-0.509700539047286,51.4691768116944],[-0.499173886501693,51.4885695177079],[-0.490116795981514,51.4945783118783],[-0.479504226828599,51.4944727105487],[-0.477330820607471,51.4946257435772],[-0.476234696408729,51.4837146746163],[-0.465238323893882,51.4870986264439],[-0.460005299667316,51.4857787504685]]]},"properties":{"LSOA21CD":"E01002444","LSOA21NM":"Hillingdon 031A"}},{"type":"Feature","geometry":{"type":"Polygon","coordinates":[[[-0.465466014186866,51.5013184816434],[-0.46346526827832,51.4992537374927],[-0.464132761243545,51.4957197967312],[-0.468955902337142,51.4954555254465],[-0.467702072407007,51.5001770991268],[-0.466749967063004,51.5028254221246],[-0.465466014186866,51.5013184816434]]]},"properties":{"LSOA21CD":"E01002445","LSOA21NM":"Hillingdon 029A"}},{"type":"Feature","geometry":{"type":"Polygon","coordinates":[[[-0.453074850232107,51.4977636379569],[-0.453216986878187,51.4963801568557],[-0.453071752327036,51.488027931971],[-0.460005299667316,51.4857787504685],[-0.465238323893882,51.4870986264439],[-0.476234696408729,51.4837146746163],[-0.477330820607471,51.4946257435772],[-0.468955902337142,51.4954555254465],[-0.464132761243545,51.4957197967312],[-0.46346526827832,51.4992537374927],[-0.453074850232107,51.4977636379569]]]},"properties":{"LSOA21CD":"E01002446","LSOA21NM":"Hillingdon 031B"}},{"type":"Feature","geometry":{"type":"Polygon","coordinates":[[[-0.442826105297955,51.4948159727016],[-0.438111248800071,51.4863957463109],[-0.444456402503595,51.4837871035964],[-0.440519767929412,51.4809394543163],[-0.439190775147404,51.4795221046315],[-0.459321955307717,51.4799955402415],[-0.460005299667316,51.4857787504685],[-0.453071752327036,51.488027931971],[-0.453216986878187,51.4963801568557],[-0.442826105297955,51.4948159727016]]]},"properties":{"LSOA21CD":"E01002447","LSOA21NM":"Hillingdon 031C"}},{"type":"Feature","geometry":{"type":"Polygon","coordinates":[[[-0.440743430355717,51.4946340950757],[-0.437390500096583,51.4943591352803],[-0.428636385026603,51.4936326994751],[-0.431693807770708,51.4851959864309],[-0.435989788003243,51.4832093263126],[-0.438111248800071,51.4863957463109],[-0.442826105297955,51.4948159727016],[-0.440743430355717,51.4946340950757]]]},"properties":{"LSOA21CD":"E01002448","LSOA21NM":"Hillingdon 032B"}},{"type":"Feature","geometry":{"type":"Polygon","coordinates":[[[-0.431693807770708,51.4851959864309],[-0.432351893716171,51.4807346672393],[-0.440519767929412,51.4809394543163],[-0.444456402503595,51.4837871035964],[-0.438111248800071,51.4863957463109],[-0.435989788003243,51.4832093263126],[-0.431693807770708,51.4851959864309]]]},"properties":{"LSOA21CD":"E01002449","LSOA21NM":"Hillingdon 032C"}},{"type":"Feature","geometry":{"type":"Polygon","coordinates":[[[-0.442624054480902,51.5456207465468],[-0.44227504186394,51.5461166320114],[-0.438496610340043,51.5499593848169],[-0.434208508114026,51.5476662609666],[-0.439067624394478,51.5437479411962],[-0.442624054480902,51.5456207465468]]]},"properties":{"LSOA21CD":"E01002450","LSOA21NM":"Hillingdon 014A"}},{"type":"Feature","geometry":{"type":"Polygon","coordinates":[[[-0.44227504186394,51.5461166320114],[-0.442624054480902,51.5456207465468],[-0.443748081299814,51.5450150309482],[-0.447598333729866,51.5460428865318],[-0.44529720393781,51.5427760639474],[-0.448667393447426,51.5410113262801],[-0.450282513612419,51.5418958540369],[-0.449020283925299,51.5484028721659],[-0.447621852161566,51.5500200776224],[-0.44227504186394,51.5461166320114]]]},"properties":{"LSOA21CD":"E01002451","LSOA21NM":"Hillingdon 014B"}},{"type":"Feature","geometry":{"type":"Polygon","coordinates":[[[-0.438377234869013,51.5507006193194],[-0.438496610340043,51.5499593848169],[-0.44227504186394,51.5461166320114],[-0.447621852161566,51.5500200776224],[-0.449020283925299,51.5484028721659],[-0.448926378869897,51.5503002867466],[-0.447820941920276,51.5540096029292],[-0.438377234869013,51.5507006193194]]]},"properties":{"LSOA21CD":"E01002452","LSOA21NM":"Hillingdon 014C"}},{"type":"Feature","geometry":{"type":"Polygon","coordinates":[[[-0.443748081299814,51.5450150309482],[-0.440488280061005,51.539413396988],[-0.443588234551871,51.5380244150073],[-0.448667393447426,51.5410113262801],[-0.44529720393781,51.5427760639474],[-0.447598333729866,51.5460428865318],[-0.443748081299814,51.5450150309482]]]},"properties":{"LSOA21CD":"E01002453","LSOA21NM":"Hillingdon 014D"}},{"type":"Feature","geometry":{"type":"Polygon","coordinates":[[[-0.41578201940366,51.5483318063685],[-0.411343243017739,51.5473554494732],[-0.418114589947516,51.5417351282263],[-0.431009955021657,51.5391800818545],[-0.437500398711504,51.5374730599897],[-0.440488280061005,51.539413396988],[-0.443748081299814,51.5450150309482],[-0.442624054480902,51.5456207465468],[-0.439067624394478,51.5437479411962],[-0.434208508114026,51.5476662609666],[-0.438496610340043,51.5499593848169],[-0.438377234869013,51.5507006193194],[-0.41578201940366,51.5483318063685]]]},"properties":{"LSOA21CD":"E01002454","LSOA21NM":"Hillingdon 014E"}},{"type":"Feature","geometry":{"type":"Polygon","coordinates":[[[-0.437500398711504,51.5374730599897],[-0.441458792155194,51.5365822670473],[-0.440384609896383,51.5324627960906],[-0.438346561302745,51.5264423812788],[-0.444028951063572,51.5285572910315],[-0.444842366730356,51.5289246299678],[-0.446350632839165,51.5296147644535],[-0.443603701963464,51.5379439322025],[-0.443588234551871,51.5380244150073],[-0.440488280061005,51.539413396988],[-0.437500398711504,51.5374730599897]]]},"properties":{"LSOA21CD":"E01002455","LSOA21NM":"Hillingdon 019D"}},{"type":"Feature","geometry":{"type":"Polygon","coordinates":[[[-0.448667393447426,51.5410113262801],[-0.443588234551871,51.5380244150073],[-0.443603701963464,51.5379439322025],[-0.451941554329601,51.5324183622468],[-0.452739409780232,51.5327185608086],[-0.452427505951612,51.5381626684982],[-0.451582733957703,51.5396119267046],[-0.450282513612419,51.5418958540369],[-0.448667393447426,51.5410113262801]]]},"properties":{"LSOA21CD":"E01002456","LSOA21NM":"Hillingdon 017C"}},{"type":"Feature","geometry":{"type":"Polygon","coordinates":[[[-0.446350632839165,51.5296147644535],[-0.451941554329601,51.5324183622468],[-0.443603701963464,51.5379439322025],[-0.446350632839165,51.5296147644535]]]},"properties":{"LSOA21CD":"E01002457","LSOA21NM":"Hillingdon 019E"}},{"type":"Feature","geometry":{"type":"Polygon","coordinates":[[[-0.454631296693766,51.573456398862],[-0.456720261314442,51.5676440855699],[-0.445602610240474,51.5656507812391],[-0.452850042189916,51.5616545281102],[-0.465614328544598,51.5673245204014],[-0.469735953336499,51.5753591077386],[-0.454631296693766,51.573456398862]]]},"properties":{"LSOA21CD":"E01002458","LSOA21NM":"Hillingdon 011A"}},{"type":"Feature","geometry":{"type":"Polygon","coordinates":[[[-0.447902776256402,51.5724466353314],[-0.442695111586084,51.5660362995387],[-0.445602610240474,51.5656507812391],[-0.456720261314442,51.5676440855699],[-0.454631296693766,51.573456398862],[-0.447902776256402,51.5724466353314]]]},"properties":{"LSOA21CD":"E01002459","LSOA21NM":"Hillingdon 011B"}},{"type":"Feature","geometry":{"type":"Polygon","coordinates":[[[-0.440179179758174,51.5635701682863],[-0.44388599847003,51.558150240702],[-0.449883745675237,51.5621103688969],[-0.452644760111678,51.5602537221786],[-0.452850042189916,51.5616545281102],[-0.445602610240474,51.5656507812391],[-0.442695111586084,51.5660362995387],[-0.440179179758174,51.5635701682863]]]},"properties":{"LSOA21CD":"E01002460","LSOA21NM":"Hillingdon 011C"}},{"type":"Feature","geometry":{"type":"Polygon","coordinates":[[[-0.469735953336499,51.5753591077386],[-0.465614328544598,51.5673245204014],[-0.465288908266344,51.5613273768081],[-0.456933626163813,51.5594723225138],[-0.461420653700199,51.5564759515378],[-0.476986864652602,51.5596252541002],[-0.48279377284023,51.5628215406686],[-0.483994685397022,51.5750559253313],[-0.489210682935888,51.5777613907281],[-0.469735953336499,51.5753591077386]]]},"properties":{"LSOA21CD":"E01002461","LSOA21NM":"Hillingdon 013A"}},{"type":"Feature","geometry":{"type":"Polygon","coordinates":[[[-0.452850042189916,51.5616545281102],[-0.452644760111678,51.5602537221786],[-0.456933626163813,51.5594723225138],[-0.465288908266344,51.5613273768081],[-0.465614328544598,51.5673245204014],[-0.452850042189916,51.5616545281102]]]},"properties":{"LSOA21CD":"E01002462","LSOA21NM":"Hillingdon 011D"}},{"type":"Feature","geometry":{"type":"Polygon","coordinates":[[[-0.44388599847003,51.558150240702],[-0.447936638339572,51.5540270057827],[-0.457274617749249,51.5550156973624],[-0.461420653700199,51.5564759515378],[-0.456933626163813,51.5594723225138],[-0.452644760111678,51.5602537221786],[-0.449883745675237,51.5621103688969],[-0.44388599847003,51.558150240702]]]},"properties":{"LSOA21CD":"E01002463","LSOA21NM":"Hillingdon 013B"}},{"type":"Feature","geometry":{"type":"Polygon","coordinates":[[[-0.438377234869013,51.5507006193194],[-0.447820941920276,51.5540096029292],[-0.447936638339572,51.5540270057827],[-0.44388599847003,51.558150240702],[-0.440179179758174,51.5635701682863],[-0.432744027416062,51.5558499924968],[-0.438377234869013,51.5507006193194]]]},"properties":{"LSOA21CD":"E01002464","LSOA21NM":"Hillingdon 011E"}},{"type":"Feature","geometry":{"type":"Polygon","coordinates":[[[-0.410997708591071,51.5649102104879],[-0.408590698081834,51.5617973686055],[-0.412707804528718,51.5615772124383],[-0.420766893712135,51.5642193960074],[-0.415737823403113,51.5681079088709],[-0.415137125276028,51.5650229009452],[-0.410997708591071,51.5649102104879]]]},"properties":{"LSOA21CD":"E01002465","LSOA21NM":"Hillingdon 009A"}},{"type":"Feature","geometry":{"type":"Polygon","coordinates":[[[-0.403764758506305,51.5681853892916],[-0.40082187027944,51.5652868145409],[-0.404229161897534,51.5633579261738],[-0.408590698081834,51.5617973686055],[-0.410997708591071,51.5649102104879],[-0.403791946997394,51.5682129847266],[-0.403764758506305,51.5681853892916]]]},"properties":{"LSOA21CD":"E01002466","LSOA21NM":"Hillingdon 010B"}},{"type":"Feature","geometry":{"type":"Polygon","coordinates":[[[-0.416341648492964,51.5688269758106],[-0.415737823403113,51.5681079088709],[-0.420766893712135,51.5642193960074],[-0.431142178950272,51.5676472880061],[-0.426716918460445,51.5694593018536],[-0.422245164266179,51.5711809861394],[-0.421998653350914,51.5688038233872],[-0.416341648492964,51.5688269758106]]]},"properties":{"LSOA21CD":"E01002467","LSOA21NM":"Hillingdon 009B"}},{"type":"Feature","geometry":{"type":"Polygon","coordinates":[[[-0.405296598704246,51.5703254385248],[-0.403791946997394,51.5682129847266],[-0.410997708591071,51.5649102104879],[-0.410766985581134,51.5706073219468],[-0.410517678099606,51.5706777653985],[-0.405296598704246,51.5703254385248]]]},"properties":{"LSOA21CD":"E01002468","LSOA21NM":"Hillingdon 010C"}},{"type":"Feature","geometry":{"type":"Polygon","coordinates":[[[-0.410766985581134,51.5706073219468],[-0.410997708591071,51.5649102104879],[-0.415137125276028,51.5650229009452],[-0.415737823403113,51.5681079088709],[-0.416341648492964,51.5688269758106],[-0.414748481301316,51.5717016976884],[-0.410766985581134,51.5706073219468]]]},"properties":{"LSOA21CD":"E01002469","LSOA21NM":"Hillingdon 010D"}},{"type":"Feature","geometry":{"type":"Polygon","coordinates":[[[-0.410517678099606,51.5706777653985],[-0.410766985581134,51.5706073219468],[-0.414748481301316,51.5717016976884],[-0.416341648492964,51.5688269758106],[-0.421998653350914,51.5688038233872],[-0.422245164266179,51.5711809861394],[-0.418092894939433,51.572010013075],[-0.418895303669345,51.5753055576756],[-0.411736390962272,51.5764988623971],[-0.410517678099606,51.5706777653985]]]},"properties":{"LSOA21CD":"E01002470","LSOA21NM":"Hillingdon 007D"}},{"type":"Feature","geometry":{"type":"Polygon","coordinates":[[[-0.40821277452708,51.576540856999],[-0.406471587205981,51.5730308670728],[-0.405296598704246,51.5703254385248],[-0.410517678099606,51.5706777653985],[-0.411736390962272,51.5764988623971],[-0.409562086404822,51.5783974792684],[-0.40821277452708,51.576540856999]]]},"properties":{"LSOA21CD":"E01002471","LSOA21NM":"Hillingdon 008E"}},{"type":"Feature","geometry":{"type":"Polygon","coordinates":[[[-0.426983352357447,51.6125243685591],[-0.424423708577425,51.612274224319],[-0.42407243942922,51.6062017788757],[-0.429574014425783,51.6039947027418],[-0.436951933459675,51.6113143556978],[-0.433712193532851,51.6130876527247],[-0.426983352357447,51.6125243685591]]]},"properties":{"LSOA21CD":"E01002472","LSOA21NM":"Hillingdon 002A"}},{"type":"Feature","geometry":{"type":"Polygon","coordinates":[[[-0.436951933459675,51.6113143556978],[-0.429574014425783,51.6039947027418],[-0.423105629889823,51.6022756263607],[-0.427442361020508,51.5945148240366],[-0.43993045782341,51.5937743810488],[-0.443168789731548,51.5965481607158],[-0.448993405125818,51.5960313942408],[-0.453664898876057,51.590785024918],[-0.463100477803364,51.5955873253142],[-0.456785768205065,51.6029308963862],[-0.458801531377223,51.6071741411157],[-0.451583802241822,51.6102582728082],[-0.445798457217605,51.6139084687327],[-0.440331016936368,51.6134874975688],[-0.440250553596936,51.6083423970648],[-0.436058468068727,51.6088130768438],[-0.436951933459675,51.6113143556978]]]},"properties":{"LSOA21CD":"E01002473","LSOA21NM":"Hillingdon 001A"}},{"type":"Feature","geometry":{"type":"Polygon","coordinates":[[[-0.414009621728599,51.609438104687],[-0.417256024541458,51.6047657305649],[-0.412022547985085,51.6017369396283],[-0.418403904276085,51.5970169104938],[-0.425626791623829,51.5945838271205],[-0.427442361020508,51.5945148240366],[-0.423105629889823,51.6022756263607],[-0.429574014425783,51.6039947027418],[-0.42407243942922,51.6062017788757],[-0.414447257898784,51.6099768479721],[-0.414009621728599,51.609438104687]]]},"properties":{"LSOA21CD":"E01002474","LSOA21NM":"Hillingdon 002B"}},{"type":"Feature","geometry":{"type":"Polygon","coordinates":[[[-0.433712193532851,51.6130876527247],[-0.436951933459675,51.6113143556978],[-0.436058468068727,51.6088130768438],[-0.440250553596936,51.6083423970648],[-0.440331016936368,51.6134874975688],[-0.445798457217605,51.6139084687327],[-0.451583802241822,51.6102582728082],[-0.457130588449111,51.6122939165486],[-0.443526277758731,51.61953412466],[-0.44249050617496,51.6196057943994],[-0.433712193532851,51.6130876527247]]]},"properties":{"LSOA21CD":"E01002475","LSOA21NM":"Hillingdon 001B"}},{"type":"Feature","geometry":{"type":"Polygon","coordinates":[[[-0.420617376358009,51.6169083249536],[-0.419760374751309,51.6168390894936],[-0.419591156051783,51.6144362037107],[-0.424889850989501,51.6161515243674],[-0.426983352357447,51.6125243685591],[-0.433712193532851,51.6130876527247],[-0.44249050617496,51.6196057943994],[-0.437857110770553,51.619750671088],[-0.420617376358009,51.6169083249536]]]},"properties":{"LSOA21CD":"E01002476","LSOA21NM":"Hillingdon 001C"}},{"type":"Feature","geometry":{"type":"Polygon","coordinates":[[[-0.411907711109932,51.614167236757],[-0.416239496312337,51.6105677198778],[-0.418682512436876,51.6134853166382],[-0.424423708577425,51.612274224319],[-0.426983352357447,51.6125243685591],[-0.424889850989501,51.6161515243674],[-0.419591156051783,51.6144362037107],[-0.419760374751309,51.6168390894936],[-0.411907711109932,51.614167236757]]]},"properties":{"LSOA21CD":"E01002477","LSOA21NM":"Hillingdon 001D"}},{"type":"Feature","geometry":{"type":"Polygon","coordinates":[[[-0.416239496312337,51.6105677198778],[-0.414447257898784,51.6099768479721],[-0.42407243942922,51.6062017788757],[-0.424423708577425,51.612274224319],[-0.418682512436876,51.6134853166382],[-0.416239496312337,51.6105677198778]]]},"properties":{"LSOA21CD":"E01002478","LSOA21NM":"Hillingdon 002C"}},{"type":"Feature","geometry":{"type":"Polygon","coordinates":[[[-0.413560261928381,51.5901221135126],[-0.423293431235895,51.5884069978392],[-0.426247899033039,51.5936469806318],[-0.425626791623829,51.5945838271205],[-0.418403904276085,51.5970169104938],[-0.410215585311966,51.5976029901629],[-0.413560261928381,51.5901221135126]]]},"properties":{"LSOA21CD":"E01002479","LSOA21NM":"Hillingdon 004C"}},{"type":"Feature","geometry":{"type":"Polygon","coordinates":[[[-0.400193773719446,51.5974350235339],[-0.397658473847783,51.5969454395611],[-0.395469063164158,51.590202466072],[-0.399808272775252,51.5888244451548],[-0.403667177233249,51.5876960649935],[-0.405014516427617,51.5907415106589],[-0.400623796193442,51.5931691168135],[-0.408654913261366,51.5941059213478],[-0.407950132299519,51.5970455749484],[-0.405702993372441,51.598952965848],[-0.400193773719446,51.5974350235339]]]},"properties":{"LSOA21CD":"E01002480","LSOA21NM":"Hillingdon 004D"}},{"type":"Feature","geometry":{"type":"Polygon","coordinates":[[[-0.407950132299519,51.5970455749484],[-0.408654913261366,51.5941059213478],[-0.400623796193442,51.5931691168135],[-0.405014516427617,51.5907415106589],[-0.413008041083674,51.5891902687237],[-0.413560261928381,51.5901221135126],[-0.410215585311966,51.5976029901629],[-0.407950132299519,51.5970455749484]]]},"properties":{"LSOA21CD":"E01002481","LSOA21NM":"Hillingdon 004E"}},{"type":"Feature","geometry":{"type":"Polygon","coordinates":[[[-0.404050085203542,51.613183949171],[-0.402353313805787,51.6060986370835],[-0.408676166668721,51.6034461313591],[-0.414009621728599,51.609438104687],[-0.414447257898784,51.6099768479721],[-0.416239496312337,51.6105677198778],[-0.411907711109932,51.614167236757],[-0.404050085203542,51.613183949171]]]},"properties":{"LSOA21CD":"E01002482","LSOA21NM":"Hillingdon 001E"}},{"type":"Feature","geometry":{"type":"Polygon","coordinates":[[[-0.402555249867394,51.6029181600311],[-0.401337955862955,51.59981375826],[-0.400193773719446,51.5974350235339],[-0.405702993372441,51.598952965848],[-0.409219302285438,51.6031201369212],[-0.408676166668721,51.6034461313591],[-0.402353313805787,51.6060986370835],[-0.402555249867394,51.6029181600311]]]},"properties":{"LSOA21CD":"E01002483","LSOA21NM":"Hillingdon 002D"}},{"type":"Feature","geometry":{"type":"Polygon","coordinates":[[[-0.408676166668721,51.6034461313591],[-0.409219302285438,51.6031201369212],[-0.417256024541458,51.6047657305649],[-0.414009621728599,51.609438104687],[-0.408676166668721,51.6034461313591]]]},"properties":{"LSOA21CD":"E01002484","LSOA21NM":"Hillingdon 002E"}},{"type":"Feature","geometry":{"type":"Polygon","coordinates":[[[-0.409219302285438,51.6031201369212],[-0.405702993372441,51.598952965848],[-0.407950132299519,51.5970455749484],[-0.410215585311966,51.5976029901629],[-0.418403904276085,51.5970169104938],[-0.412022547985085,51.6017369396283],[-0.417256024541458,51.6047657305649],[-0.409219302285438,51.6031201369212]]]},"properties":{"LSOA21CD":"E01002485","LSOA21NM":"Hillingdon 002F"}},{"type":"Feature","geometry":{"type":"Polygon","coordinates":[[[-0.43680478916183,51.5046295226521],[-0.442168507813903,51.5028985385623],[-0.43693801989363,51.5006931677],[-0.440743430355717,51.4946340950757],[-0.442826105297955,51.4948159727016],[-0.453216986878187,51.4963801568557],[-0.453074850232107,51.4977636379569],[-0.45121014447501,51.5013162202229],[-0.442801082030802,51.5057268526426],[-0.43680478916183,51.5046295226521]]]},"properties":{"LSOA21CD":"E01002486","LSOA21NM":"Hillingdon 028A"}},{"type":"Feature","geometry":{"type":"Polygon","coordinates":[[[-0.429791553257623,51.5037069448786],[-0.430314463147514,51.5027479677908],[-0.43693801989363,51.5006931677],[-0.442168507813903,51.5028985385623],[-0.43680478916183,51.5046295226521],[-0.429791553257623,51.5037069448786]]]},"properties":{"LSOA21CD":"E01002487","LSOA21NM":"Hillingdon 028B"}},{"type":"Feature","geometry":{"type":"Polygon","coordinates":[[[-0.427349821511375,51.5001363864962],[-0.434758653895505,51.4986358238139],[-0.437390500096583,51.4943591352803],[-0.440743430355717,51.4946340950757],[-0.43693801989363,51.5006931677],[-0.430314463147514,51.5027479677908],[-0.427349821511375,51.5001363864962]]]},"properties":{"LSOA21CD":"E01002488","LSOA21NM":"Hillingdon 030B"}},{"type":"Feature","geometry":{"type":"Polygon","coordinates":[[[-0.42955375844534,51.5036813552305],[-0.417859620593428,51.4991017322934],[-0.421024860292856,51.4969287898107],[-0.426959293491258,51.4963403677861],[-0.427349821511375,51.5001363864962],[-0.430314463147514,51.5027479677908],[-0.429791553257623,51.5037069448786],[-0.42955375844534,51.5036813552305]]]},"properties":{"LSOA21CD":"E01002489","LSOA21NM":"Hillingdon 030C"}},{"type":"Feature","geometry":{"type":"Polygon","coordinates":[[[-0.426959293491258,51.4963403677861],[-0.427733746739399,51.4935673564786],[-0.428636385026603,51.4936326994751],[-0.437390500096583,51.4943591352803],[-0.434758653895505,51.4986358238139],[-0.427349821511375,51.5001363864962],[-0.426959293491258,51.4963403677861]]]},"properties":{"LSOA21CD":"E01002490","LSOA21NM":"Hillingdon 030D"}},{"type":"Feature","geometry":{"type":"Polygon","coordinates":[[[-0.416882622808425,51.4987526497194],[-0.417380341025436,51.4928358828402],[-0.423658460497978,51.4932752712144],[-0.421024860292856,51.4969287898107],[-0.417859620593428,51.4991017322934],[-0.416882622808425,51.4987526497194]]]},"properties":{"LSOA21CD":"E01002491","LSOA21NM":"Hillingdon 032D"}},{"type":"Feature","geometry":{"type":"Polygon","coordinates":[[[-0.410640210653468,51.4981999968227],[-0.411869883995934,51.4924461279594],[-0.417380341025436,51.4928358828402],[-0.416882622808425,51.4987526497194],[-0.410640210653468,51.4981999968227]]]},"properties":{"LSOA21CD":"E01002492","LSOA21NM":"Hillingdon 030E"}},{"type":"Feature","geometry":{"type":"Polygon","coordinates":[[[-0.423658460497978,51.4932752712144],[-0.427733746739399,51.4935673564786],[-0.426959293491258,51.4963403677861],[-0.421024860292856,51.4969287898107],[-0.423658460497978,51.4932752712144]]]},"properties":{"LSOA21CD":"E01002493","LSOA21NM":"Hillingdon 032E"}},{"type":"Feature","geometry":{"type":"Polygon","coordinates":[[[-0.420766893712135,51.5642193960074],[-0.412707804528718,51.5615772124383],[-0.416208719342278,51.5588008339846],[-0.413578751721322,51.5574362320124],[-0.41578201940366,51.5483318063685],[-0.438377234869013,51.5507006193194],[-0.432744027416062,51.5558499924968],[-0.440179179758174,51.5635701682863],[-0.434684443566538,51.5660747108334],[-0.431142178950272,51.5676472880061],[-0.420766893712135,51.5642193960074]]]},"properties":{"LSOA21CD":"E01002494","LSOA21NM":"Hillingdon 009C"}},{"type":"Feature","geometry":{"type":"Polygon","coordinates":[[[-0.399264559166281,51.5605140279238],[-0.406530907326951,51.5595377905318],[-0.400780185741774,51.5521836188202],[-0.409020153323319,51.5586051318836],[-0.413578751721322,51.5574362320124],[-0.416208719342278,51.5588008339846],[-0.412707804528718,51.5615772124383],[-0.408590698081834,51.5617973686055],[-0.404229161897534,51.5633579261738],[-0.399264559166281,51.5605140279238]]]},"properties":{"LSOA21CD":"E01002495","LSOA21NM":"Hillingdon 010E"}},{"type":"Feature","geometry":{"type":"Polygon","coordinates":[[[-0.38194845866674,51.5630732740679],[-0.380087941195278,51.5595831951364],[-0.378230978594598,51.5558230655423],[-0.377873639896889,51.5549454781476],[-0.380752543087865,51.5533810396091],[-0.38831283181534,51.5502449049512],[-0.388539631972066,51.5518805999609],[-0.387157297578824,51.5575186675016],[-0.385512774237429,51.5598509014741],[-0.382413752769071,51.5641992597931],[-0.38194845866674,51.5630732740679]]]},"properties":{"LSOA21CD":"E01002496","LSOA21NM":"Hillingdon 033A"}},{"type":"Feature","geometry":{"type":"Polygon","coordinates":[[[-0.39871612812825,51.5603595877675],[-0.393544346144503,51.5563923483086],[-0.387157297578824,51.5575186675016],[-0.388539631972066,51.5518805999609],[-0.394754569905905,51.5547628584016],[-0.400780185741774,51.5521836188202],[-0.406530907326951,51.5595377905318],[-0.399264559166281,51.5605140279238],[-0.39871612812825,51.5603595877675]]]},"properties":{"LSOA21CD":"E01002497","LSOA21NM":"Hillingdon 033B"}},{"type":"Feature","geometry":{"type":"Polygon","coordinates":[[[-0.385512774237429,51.5598509014741],[-0.387157297578824,51.5575186675016],[-0.393544346144503,51.5563923483086],[-0.39871612812825,51.5603595877675],[-0.392669553104632,51.5628246215176],[-0.385512774237429,51.5598509014741]]]},"properties":{"LSOA21CD":"E01002498","LSOA21NM":"Hillingdon 033C"}},{"type":"Feature","geometry":{"type":"Polygon","coordinates":[[[-0.400780185741774,51.5521836188202],[-0.394754569905905,51.5547628584016],[-0.388539631972066,51.5518805999609],[-0.38831283181534,51.5502449049512],[-0.394984487400555,51.5480086119012],[-0.398708472479649,51.5479645452427],[-0.397507002079356,51.5423686366075],[-0.418514386046424,51.5402493802395],[-0.418114589947516,51.5417351282263],[-0.411343243017739,51.5473554494732],[-0.41578201940366,51.5483318063685],[-0.413578751721322,51.5574362320124],[-0.409020153323319,51.5586051318836],[-0.400780185741774,51.5521836188202]]]},"properties":{"LSOA21CD":"E01002499","LSOA21NM":"Hillingdon 033D"}},{"type":"Feature","geometry":{"type":"Polygon","coordinates":[[[-0.409638294543397,51.5106536628034],[-0.41279463681156,51.512576980637],[-0.412467635296024,51.5156150680107],[-0.410836212828761,51.5158289689598],[-0.404245244945765,51.5141497943349],[-0.409638294543397,51.5106536628034]]]},"properties":{"LSOA21CD":"E01002501","LSOA21NM":"Hillingdon 026B"}},{"type":"Feature","geometry":{"type":"Polygon","coordinates":[[[-0.412467635296024,51.5156150680107],[-0.41279463681156,51.512576980637],[-0.415959639247808,51.5140201833236],[-0.418207516721065,51.5105050757281],[-0.419826656021178,51.5131811152452],[-0.418526343527784,51.5173172644795],[-0.412467635296024,51.5156150680107]]]},"properties":{"LSOA21CD":"E01002502","LSOA21NM":"Hillingdon 026C"}},{"type":"Feature","geometry":{"type":"Polygon","coordinates":[[[-0.41279463681156,51.512576980637],[-0.409638294543397,51.5106536628034],[-0.409042360037279,51.5103362952923],[-0.411661355950137,51.5089502437759],[-0.419522501374974,51.508764027417],[-0.418207516721065,51.5105050757281],[-0.415959639247808,51.5140201833236],[-0.41279463681156,51.512576980637]]]},"properties":{"LSOA21CD":"E01002503","LSOA21NM":"Hillingdon 027C"}},{"type":"Feature","geometry":{"type":"Polygon","coordinates":[[[-0.401221283508235,51.5161120741043],[-0.396252605464963,51.5150041302774],[-0.390552275546681,51.5132183330665],[-0.390656969439604,51.5130048273115],[-0.392580680401704,51.5085146456384],[-0.402864103313679,51.512928947911],[-0.404835419846133,51.508426549434],[-0.409042360037279,51.5103362952923],[-0.409638294543397,51.5106536628034],[-0.404245244945765,51.5141497943349],[-0.410836212828761,51.5158289689598],[-0.407622684202537,51.5179388495086],[-0.401221283508235,51.5161120741043]]]},"properties":{"LSOA21CD":"E01002505","LSOA21NM":"Hillingdon 026D"}},{"type":"Feature","geometry":{"type":"Polygon","coordinates":[[[-0.412443859965687,51.5015129809779],[-0.418630720481007,51.5042034520644],[-0.419075150372445,51.5052833681247],[-0.419522501374974,51.508764027417],[-0.411661355950137,51.5089502437759],[-0.416601577138021,51.5075203556372],[-0.412443859965687,51.5015129809779]]]},"properties":{"LSOA21CD":"E01002506","LSOA21NM":"Hillingdon 027E"}},{"type":"Feature","geometry":{"type":"Polygon","coordinates":[[[-0.392580680401704,51.5085146456384],[-0.403868370437712,51.5029223698304],[-0.406885319056024,51.4996945293367],[-0.409265567335545,51.5003167712645],[-0.412443859965687,51.5015129809779],[-0.416601577138021,51.5075203556372],[-0.411661355950137,51.5089502437759],[-0.409042360037279,51.5103362952923],[-0.404835419846133,51.508426549434],[-0.402864103313679,51.512928947911],[-0.392580680401704,51.5085146456384]]]},"properties":{"LSOA21CD":"E01002507","LSOA21NM":"Hillingdon 027F"}},{"type":"Feature","geometry":{"type":"Polygon","coordinates":[[[-0.408076134739505,51.5180406294909],[-0.407622684202537,51.5179388495086],[-0.410836212828761,51.5158289689598],[-0.412467635296024,51.5156150680107],[-0.418526343527784,51.5173172644795],[-0.424085681472662,51.5204151108205],[-0.421401300986879,51.5227275354296],[-0.408076134739505,51.5180406294909]]]},"properties":{"LSOA21CD":"E01002508","LSOA21NM":"Hillingdon 026E"}},{"type":"Feature","geometry":{"type":"Polygon","coordinates":[[[-0.451582733957703,51.5396119267046],[-0.452427505951612,51.5381626684982],[-0.456564366278378,51.5403152387479],[-0.457007814657092,51.5368376996845],[-0.465001408330938,51.5353363464362],[-0.468131283250669,51.5356794214712],[-0.466546711318931,51.539590723819],[-0.466611146192716,51.5417150059588],[-0.462373307981808,51.5395283068017],[-0.455271648451551,51.5418439436695],[-0.451582733957703,51.5396119267046]]]},"properties":{"LSOA21CD":"E01002509","LSOA21NM":"Hillingdon 017D"}},{"type":"Feature","geometry":{"type":"Polygon","coordinates":[[[-0.452427505951612,51.5381626684982],[-0.452739409780232,51.5327185608086],[-0.459450686061944,51.5353582492332],[-0.465001408330938,51.5353363464362],[-0.457007814657092,51.5368376996845],[-0.456564366278378,51.5403152387479],[-0.452427505951612,51.5381626684982]]]},"properties":{"LSOA21CD":"E01002511","LSOA21NM":"Hillingdon 017E"}},{"type":"Feature","geometry":{"type":"Polygon","coordinates":[[[-0.461420653700199,51.5564759515378],[-0.457274617749249,51.5550156973624],[-0.462676206069693,51.549763411564],[-0.470793613387748,51.5507259406845],[-0.471266997610415,51.5481110460932],[-0.476148046620776,51.5488982839884],[-0.477921356024268,51.5548504856748],[-0.476986864652602,51.5596252541002],[-0.461420653700199,51.5564759515378]]]},"properties":{"LSOA21CD":"E01002512","LSOA21NM":"Hillingdon 013C"}},{"type":"Feature","geometry":{"type":"Polygon","coordinates":[[[-0.447936638339572,51.5540270057827],[-0.447820941920276,51.5540096029292],[-0.448926378869897,51.5503002867466],[-0.457933743709572,51.5470413202509],[-0.461729440068751,51.5483503097056],[-0.462676206069693,51.549763411564],[-0.457274617749249,51.5550156973624],[-0.447936638339572,51.5540270057827]]]},"properties":{"LSOA21CD":"E01002513","LSOA21NM":"Hillingdon 013D"}},{"type":"Feature","geometry":{"type":"Polygon","coordinates":[[[-0.476148046620776,51.5488982839884],[-0.479494614177177,51.5463050503505],[-0.485347061731755,51.5507355399139],[-0.484356284591355,51.5513792306363],[-0.477921356024268,51.5548504856748],[-0.476148046620776,51.5488982839884]]]},"properties":{"LSOA21CD":"E01002514","LSOA21NM":"Hillingdon 015C"}},{"type":"Feature","geometry":{"type":"Polygon","coordinates":[[[-0.449020283925299,51.5484028721659],[-0.450282513612419,51.5418958540369],[-0.451582733957703,51.5396119267046],[-0.455271648451551,51.5418439436695],[-0.462149558597836,51.544128281779],[-0.461729440068751,51.5483503097056],[-0.457933743709572,51.5470413202509],[-0.448926378869897,51.5503002867466],[-0.449020283925299,51.5484028721659]]]},"properties":{"LSOA21CD":"E01002516","LSOA21NM":"Hillingdon 013E"}},{"type":"Feature","geometry":{"type":"Polygon","coordinates":[[[-0.475903467138446,51.5300887688664],[-0.478481443628557,51.5266266520549],[-0.484696639124955,51.5274370017093],[-0.478835309045191,51.5315536253402],[-0.476164217636893,51.5325491147547],[-0.475903467138446,51.5300887688664]]]},"properties":{"LSOA21CD":"E01002518","LSOA21NM":"Hillingdon 022C"}},{"type":"Feature","geometry":{"type":"Polygon","coordinates":[[[-0.484696639124955,51.5274370017093],[-0.478481443628557,51.5266266520549],[-0.480248363474882,51.5238239305272],[-0.482938045938801,51.5201589688821],[-0.491645158535548,51.5188605272242],[-0.48897547234571,51.5290998438066],[-0.484696639124955,51.5274370017093]]]},"properties":{"LSOA21CD":"E01002519","LSOA21NM":"Hillingdon 022D"}},{"type":"Feature","geometry":{"type":"Polygon","coordinates":[[[-0.485456426599736,51.5423551841293],[-0.486623502123551,51.5386019704073],[-0.483185823515675,51.5380729542766],[-0.491143764562827,51.5363771533535],[-0.490442250547269,51.5323537912174],[-0.493585918807718,51.5410042804185],[-0.489039283962889,51.5420151564276],[-0.489801799262725,51.5451182986677],[-0.485456426599736,51.5423551841293]]]},"properties":{"LSOA21CD":"E01002520","LSOA21NM":"Hillingdon 016B"}},{"type":"Feature","geometry":{"type":"Polygon","coordinates":[[[-0.479494614177177,51.5463050503505],[-0.477052480618427,51.5450490902821],[-0.479220037796038,51.5430967265386],[-0.482343327974195,51.5408586369814],[-0.485456426599736,51.5423551841293],[-0.489801799262725,51.5451182986677],[-0.489039283962889,51.5420151564276],[-0.493585918807718,51.5410042804185],[-0.491074762851203,51.5445312947483],[-0.485347061731755,51.5507355399139],[-0.479494614177177,51.5463050503505]]]},"properties":{"LSOA21CD":"E01002521","LSOA21NM":"Hillingdon 016C"}},{"type":"Feature","geometry":{"type":"Polygon","coordinates":[[[-0.481979955512792,51.5389526414177],[-0.483185823515675,51.5380729542766],[-0.486623502123551,51.5386019704073],[-0.485456426599736,51.5423551841293],[-0.482343327974195,51.5408586369814],[-0.479220037796038,51.5430967265386],[-0.481979955512792,51.5389526414177]]]},"properties":{"LSOA21CD":"E01002523","LSOA21NM":"Hillingdon 016D"}},{"type":"Feature","geometry":{"type":"Polygon","coordinates":[[[-0.46776812485185,51.5045534453557],[-0.466749967063004,51.5028254221246],[-0.467702072407007,51.5001770991268],[-0.47454925053738,51.4983191108099],[-0.480323483460106,51.5015646728648],[-0.476206213035152,51.5039918738061],[-0.473847369926071,51.5079243983046],[-0.46776812485185,51.5045534453557]]]},"properties":{"LSOA21CD":"E01002525","LSOA21NM":"Hillingdon 029B"}},{"type":"Feature","geometry":{"type":"Polygon","coordinates":[[[-0.455946803558717,51.5015526768001],[-0.465466014186866,51.5013184816434],[-0.466749967063004,51.5028254221246],[-0.46776812485185,51.5045534453557],[-0.465478932546563,51.5055335246523],[-0.459983384010067,51.5054590877174],[-0.454016491075572,51.5054156767352],[-0.455946803558717,51.5015526768001]]]},"properties":{"LSOA21CD":"E01002526","LSOA21NM":"Hillingdon 028C"}},{"type":"Feature","geometry":{"type":"Polygon","coordinates":[[[-0.476206213035152,51.5039918738061],[-0.480323483460106,51.5015646728648],[-0.47454925053738,51.4983191108099],[-0.479504226828599,51.4944727105487],[-0.490116795981514,51.4945783118783],[-0.490030808596132,51.4947351945503],[-0.483254926519986,51.5066033076674],[-0.476206213035152,51.5039918738061]]]},"properties":{"LSOA21CD":"E01002527","LSOA21NM":"Hillingdon 031D"}},{"type":"Feature","geometry":{"type":"Polygon","coordinates":[[[-0.45121014447501,51.5013162202229],[-0.453074850232107,51.4977636379569],[-0.46346526827832,51.4992537374927],[-0.465466014186866,51.5013184816434],[-0.455946803558717,51.5015526768001],[-0.45121014447501,51.5013162202229]]]},"properties":{"LSOA21CD":"E01002528","LSOA21NM":"Hillingdon 028D"}},{"type":"Feature","geometry":{"type":"Polygon","coordinates":[[[-0.468905948578,51.5095616025641],[-0.464700462890702,51.5092113598763],[-0.465478932546563,51.5055335246523],[-0.46776812485185,51.5045534453557],[-0.473847369926071,51.5079243983046],[-0.474192764507565,51.5098867361834],[-0.468905948578,51.5095616025641]]]},"properties":{"LSOA21CD":"E01002529","LSOA21NM":"Hillingdon 029C"}},{"type":"Feature","geometry":{"type":"Polygon","coordinates":[[[-0.468955902337142,51.4954555254465],[-0.477330820607471,51.4946257435772],[-0.479504226828599,51.4944727105487],[-0.47454925053738,51.4983191108099],[-0.467702072407007,51.5001770991268],[-0.468955902337142,51.4954555254465]]]},"properties":{"LSOA21CD":"E01002530","LSOA21NM":"Hillingdon 029D"}},{"type":"Feature","geometry":{"type":"Polygon","coordinates":[[[-0.473847369926071,51.5079243983046],[-0.476206213035152,51.5039918738061],[-0.483254926519986,51.5066033076674],[-0.485536191893231,51.5100282495179],[-0.474192764507565,51.5098867361834],[-0.473847369926071,51.5079243983046]]]},"properties":{"LSOA21CD":"E01002531","LSOA21NM":"Hillingdon 029E"}},{"type":"Feature","geometry":{"type":"Polygon","coordinates":[[[-0.43993045782341,51.5937743810488],[-0.445738440252754,51.5874462924197],[-0.441321218674385,51.5819723570474],[-0.437516439807303,51.5781543405519],[-0.442034653585492,51.5755595932381],[-0.448254767653454,51.5775902220534],[-0.453664898876057,51.590785024918],[-0.448993405125818,51.5960313942408],[-0.443168789731548,51.5965481607158],[-0.43993045782341,51.5937743810488]]]},"properties":{"LSOA21CD":"E01002533","LSOA21NM":"Hillingdon 005A"}},{"type":"Feature","geometry":{"type":"Polygon","coordinates":[[[-0.428492823621005,51.5770316806941],[-0.426211449135652,51.5751945954321],[-0.431213781567316,51.5721711979262],[-0.441121187252862,51.5739203587232],[-0.442034653585492,51.5755595932381],[-0.437516439807303,51.5781543405519],[-0.428492823621005,51.5770316806941]]]},"properties":{"LSOA21CD":"E01002534","LSOA21NM":"Hillingdon 005B"}},{"type":"Feature","geometry":{"type":"Polygon","coordinates":[[[-0.420437011055701,51.5755587247171],[-0.418895303669345,51.5753055576756],[-0.418092894939433,51.572010013075],[-0.422245164266179,51.5711809861394],[-0.426716918460445,51.5694593018536],[-0.431213781567316,51.5721711979262],[-0.426211449135652,51.5751945954321],[-0.428492823621005,51.5770316806941],[-0.427940471038788,51.5770883693772],[-0.420437011055701,51.5755587247171]]]},"properties":{"LSOA21CD":"E01002535","LSOA21NM":"Hillingdon 007E"}},{"type":"Feature","geometry":{"type":"Polygon","coordinates":[[[-0.431213781567316,51.5721711979262],[-0.426716918460445,51.5694593018536],[-0.431142178950272,51.5676472880061],[-0.434684443566538,51.5660747108334],[-0.434582055533683,51.5707974681784],[-0.442983280366505,51.5713443760399],[-0.441121187252862,51.5739203587232],[-0.431213781567316,51.5721711979262]]]},"properties":{"LSOA21CD":"E01002536","LSOA21NM":"Hillingdon 009D"}},{"type":"Feature","geometry":{"type":"Polygon","coordinates":[[[-0.442983280366505,51.5713443760399],[-0.434582055533683,51.5707974681784],[-0.434684443566538,51.5660747108334],[-0.440179179758174,51.5635701682863],[-0.442695111586084,51.5660362995387],[-0.447902776256402,51.5724466353314],[-0.442983280366505,51.5713443760399]]]},"properties":{"LSOA21CD":"E01002537","LSOA21NM":"Hillingdon 009E"}},{"type":"Feature","geometry":{"type":"Polygon","coordinates":[[[-0.426247899033039,51.5936469806318],[-0.428637229703199,51.5886414225732],[-0.436048588086666,51.5877842195478],[-0.433122213849572,51.5844222470709],[-0.441321218674385,51.5819723570474],[-0.445738440252754,51.5874462924197],[-0.43993045782341,51.5937743810488],[-0.427442361020508,51.5945148240366],[-0.425626791623829,51.5945838271205],[-0.426247899033039,51.5936469806318]]]},"properties":{"LSOA21CD":"E01002538","LSOA21NM":"Hillingdon 005C"}},{"type":"Feature","geometry":{"type":"Polygon","coordinates":[[[-0.427940471038788,51.5770883693772],[-0.428492823621005,51.5770316806941],[-0.437516439807303,51.5781543405519],[-0.441321218674385,51.5819723570474],[-0.433122213849572,51.5844222470709],[-0.427940471038788,51.5770883693772]]]},"properties":{"LSOA21CD":"E01002539","LSOA21NM":"Hillingdon 005D"}},{"type":"Feature","geometry":{"type":"Polygon","coordinates":[[[-0.389842902719787,51.5309448796426],[-0.383624307660748,51.5275146074522],[-0.386903802121602,51.5252366821445],[-0.394430381692811,51.5290418216018],[-0.397696191042817,51.5303026123128],[-0.396957501456018,51.5320782404615],[-0.389842902719787,51.5309448796426]]]},"properties":{"LSOA21CD":"E01002540","LSOA21NM":"Hillingdon 020C"}},{"type":"Feature","geometry":{"type":"Polygon","coordinates":[[[-0.384177550878616,51.5299893182489],[-0.380980713315079,51.5294167877536],[-0.376359000878541,51.5288418539427],[-0.376040890387446,51.5266174588539],[-0.387041698380702,51.5234265538748],[-0.390115759399685,51.5251961266545],[-0.386903802121602,51.5252366821445],[-0.383624307660748,51.5275146074522],[-0.389842902719787,51.5309448796426],[-0.384177550878616,51.5299893182489]]]},"properties":{"LSOA21CD":"E01002541","LSOA21NM":"Hillingdon 023A"}},{"type":"Feature","geometry":{"type":"Polygon","coordinates":[[[-0.394430381692811,51.5290418216018],[-0.393472371183706,51.5257780027004],[-0.398041440305148,51.5236238373102],[-0.399317310709678,51.5245617912537],[-0.399162477095079,51.5266754527103],[-0.397696191042817,51.5303026123128],[-0.394430381692811,51.5290418216018]]]},"properties":{"LSOA21CD":"E01002542","LSOA21NM":"Hillingdon 020D"}},{"type":"Feature","geometry":{"type":"Polygon","coordinates":[[[-0.386903802121602,51.5252366821445],[-0.390115759399685,51.5251961266545],[-0.395412056617218,51.5217250555304],[-0.395451635133803,51.5217001851019],[-0.398041440305148,51.5236238373102],[-0.393472371183706,51.5257780027004],[-0.394430381692811,51.5290418216018],[-0.386903802121602,51.5252366821445]]]},"properties":{"LSOA21CD":"E01002543","LSOA21NM":"Hillingdon 020E"}},{"type":"Feature","geometry":{"type":"Polygon","coordinates":[[[-0.3783972373441,51.5224034638196],[-0.382905634601843,51.5179499449348],[-0.393874071430299,51.5168216745585],[-0.391293668645597,51.5206977598737],[-0.386955593390079,51.519651550618],[-0.387041698380702,51.5234265538748],[-0.376040890387446,51.5266174588539],[-0.3783972373441,51.5224034638196]]]},"properties":{"LSOA21CD":"E01002544","LSOA21NM":"Hillingdon 023B"}},{"type":"Feature","geometry":{"type":"Polygon","coordinates":[[[-0.387041698380702,51.5234265538748],[-0.386955593390079,51.519651550618],[-0.391293668645597,51.5206977598737],[-0.393874071430299,51.5168216745585],[-0.395918129900298,51.5153827066746],[-0.395412056617218,51.5217250555304],[-0.390115759399685,51.5251961266545],[-0.387041698380702,51.5234265538748]]]},"properties":{"LSOA21CD":"E01002545","LSOA21NM":"Hillingdon 023C"}},{"type":"Feature","geometry":{"type":"Polygon","coordinates":[[[-0.395918129900298,51.5153827066746],[-0.396252605464963,51.5150041302774],[-0.401221283508235,51.5161120741043],[-0.395451635133803,51.5217001851019],[-0.395412056617218,51.5217250555304],[-0.395918129900298,51.5153827066746]]]},"properties":{"LSOA21CD":"E01002546","LSOA21NM":"Hillingdon 023D"}},{"type":"Feature","geometry":{"type":"Polygon","coordinates":[[[-0.383435569621397,51.5175048996986],[-0.386515670532525,51.5157612340245],[-0.390552275546681,51.5132183330665],[-0.396252605464963,51.5150041302774],[-0.395918129900298,51.5153827066746],[-0.393874071430299,51.5168216745585],[-0.382905634601843,51.5179499449348],[-0.383435569621397,51.5175048996986]]]},"properties":{"LSOA21CD":"E01002547","LSOA21NM":"Hillingdon 023E"}},{"type":"Feature","geometry":{"type":"Polygon","coordinates":[[[-0.450964739581151,51.5157190087103],[-0.450377066510248,51.5084134692715],[-0.450732462487945,51.5073215795426],[-0.463384734113456,51.5090672843284],[-0.464700462890702,51.5092113598763],[-0.468905948578,51.5095616025641],[-0.469222496712915,51.5137383983235],[-0.464242089866963,51.5147422453469],[-0.460075663964458,51.515404854718],[-0.461354981964842,51.5180070538046],[-0.45686876002403,51.5185221566775],[-0.450964739581151,51.5157190087103]]]},"properties":{"LSOA21CD":"E01002548","LSOA21NM":"Hillingdon 025A"}},{"type":"Feature","geometry":{"type":"Polygon","coordinates":[[[-0.449409850712253,51.5248480403623],[-0.447536442162979,51.522898793957],[-0.443745277690125,51.5189673453528],[-0.450964739581151,51.5157190087103],[-0.45686876002403,51.5185221566775],[-0.456616538306946,51.5228147794674],[-0.455011341890518,51.5236931398349],[-0.451204639889819,51.5265608045716],[-0.449409850712253,51.5248480403623]]]},"properties":{"LSOA21CD":"E01002549","LSOA21NM":"Hillingdon 025B"}},{"type":"Feature","geometry":{"type":"Polygon","coordinates":[[[-0.466237975217071,51.5207500929348],[-0.467339391079766,51.5177023603819],[-0.47386528957123,51.5187888686152],[-0.475018837857164,51.5188427214931],[-0.473259396953104,51.5207189329583],[-0.471872326072999,51.5218328703686],[-0.465609943155144,51.5235358177166],[-0.466237975217071,51.5207500929348]]]},"properties":{"LSOA21CD":"E01002550","LSOA21NM":"Hillingdon 022E"}},{"type":"Feature","geometry":{"type":"Polygon","coordinates":[[[-0.456616538306946,51.5228147794674],[-0.45686876002403,51.5185221566775],[-0.461354981964842,51.5180070538046],[-0.466237975217071,51.5207500929348],[-0.465609943155144,51.5235358177166],[-0.456616538306946,51.5228147794674]]]},"properties":{"LSOA21CD":"E01002551","LSOA21NM":"Hillingdon 025C"}},{"type":"Feature","geometry":{"type":"Polygon","coordinates":[[[-0.467339391079766,51.5177023603819],[-0.463246317893259,51.5171485668884],[-0.464242089866963,51.5147422453469],[-0.469222496712915,51.5137383983235],[-0.468997056581562,51.5161893929771],[-0.473505814003982,51.5141082160481],[-0.47386528957123,51.5187888686152],[-0.467339391079766,51.5177023603819]]]},"properties":{"LSOA21CD":"E01002552","LSOA21NM":"Hillingdon 025D"}},{"type":"Feature","geometry":{"type":"Polygon","coordinates":[[[-0.461354981964842,51.5180070538046],[-0.460075663964458,51.515404854718],[-0.464242089866963,51.5147422453469],[-0.463246317893259,51.5171485668884],[-0.467339391079766,51.5177023603819],[-0.466237975217071,51.5207500929348],[-0.461354981964842,51.5180070538046]]]},"properties":{"LSOA21CD":"E01002553","LSOA21NM":"Hillingdon 025E"}},{"type":"Feature","geometry":{"type":"Polygon","coordinates":[[[-0.420472934960608,51.4568971667898],[-0.431275938961748,51.4551109416282],[-0.43553969628489,51.4562698437207],[-0.434903322018106,51.4568405247791],[-0.433578168926464,51.4617377582972],[-0.422078891034698,51.466554672875],[-0.4256397825557,51.4623848041592],[-0.420472934960608,51.4568971667898]]]},"properties":{"LSOA21CD":"E01002555","LSOA21NM":"Hounslow 022A"}},{"type":"Feature","geometry":{"type":"Polygon","coordinates":[[[-0.422478300223521,51.4551312793581],[-0.427448456082011,51.453951914912],[-0.431275938961748,51.4551109416282],[-0.420472934960608,51.4568971667898],[-0.419364230346106,51.4569114460172],[-0.422478300223521,51.4551312793581]]]},"properties":{"LSOA21CD":"E01002556","LSOA21NM":"Hounslow 022B"}},{"type":"Feature","geometry":{"type":"Polygon","coordinates":[[[-0.43553969628489,51.4562698437207],[-0.436335532936669,51.4510144711229],[-0.441120889360223,51.4492299058728],[-0.444316494455462,51.4532897709398],[-0.441457027423451,51.4568059637797],[-0.434903322018106,51.4568405247791],[-0.43553969628489,51.4562698437207]]]},"properties":{"LSOA21CD":"E01002557","LSOA21NM":"Hounslow 023A"}},{"type":"Feature","geometry":{"type":"Polygon","coordinates":[[[-0.431275938961748,51.4551109416282],[-0.427448456082011,51.453951914912],[-0.427234371732597,51.4538377050987],[-0.433460170523749,51.4503128581775],[-0.436335532936669,51.4510144711229],[-0.43553969628489,51.4562698437207],[-0.431275938961748,51.4551109416282]]]},"properties":{"LSOA21CD":"E01002558","LSOA21NM":"Hounslow 023B"}},{"type":"Feature","geometry":{"type":"Polygon","coordinates":[[[-0.444316494455462,51.4532897709398],[-0.441120889360223,51.4492299058728],[-0.436335532936669,51.4510144711229],[-0.433460170523749,51.4503128581775],[-0.433323018493995,51.4500263232991],[-0.430856336805034,51.4434325765614],[-0.437236073643078,51.4420578695038],[-0.446288388973112,51.4399966432714],[-0.456475111074692,51.4382245960948],[-0.461319702870062,51.4523912641462],[-0.458641641597762,51.4563150755366],[-0.444316494455462,51.4532897709398]]]},"properties":{"LSOA21CD":"E01002559","LSOA21NM":"Hounslow 023C"}},{"type":"Feature","geometry":{"type":"Polygon","coordinates":[[[-0.422081891429654,51.451154947203],[-0.425479562055031,51.4471313659843],[-0.427951822403142,51.4440477133082],[-0.427197767340015,51.4475823746215],[-0.433323018493995,51.4500263232991],[-0.433460170523749,51.4503128581775],[-0.427234371732597,51.4538377050987],[-0.422081891429654,51.451154947203]]]},"properties":{"LSOA21CD":"E01002560","LSOA21NM":"Hounslow 023D"}},{"type":"Feature","geometry":{"type":"Polygon","coordinates":[[[-0.427951822403142,51.4440477133082],[-0.430856336805034,51.4434325765614],[-0.433323018493995,51.4500263232991],[-0.427197767340015,51.4475823746215],[-0.427951822403142,51.4440477133082]]]},"properties":{"LSOA21CD":"E01002561","LSOA21NM":"Hounslow 023E"}},{"type":"Feature","geometry":{"type":"Polygon","coordinates":[[[-0.285094187459024,51.5009140938374],[-0.283237513781016,51.4936901639583],[-0.285721064087424,51.4927277949467],[-0.289739344044261,51.4957643202072],[-0.295647216941213,51.4940656562139],[-0.293668425831834,51.4914260769738],[-0.298139932831435,51.491538128941],[-0.300574385192736,51.4944862991464],[-0.297621957762656,51.4949282852254],[-0.300696382784293,51.4993483759127],[-0.300384926190012,51.4994512553351],[-0.294415899868569,51.5014660890294],[-0.2933956443973,51.5015860134582],[-0.285094187459024,51.5009140938374]]]},"properties":{"LSOA21CD":"E01002562","LSOA21NM":"Hounslow 030D"}},{"type":"Feature","geometry":{"type":"Polygon","coordinates":[[[-0.313712631516191,51.4934251631825],[-0.311922186753132,51.492029892091],[-0.315208539136729,51.4896726124747],[-0.31917944422337,51.4922240457952],[-0.321632659757459,51.4906769319389],[-0.331114193859504,51.4955144852399],[-0.324848857577433,51.4959300875065],[-0.324568845839191,51.4959562230202],[-0.315864612204332,51.4959057380007],[-0.313712631516191,51.4934251631825]]]},"properties":{"LSOA21CD":"E01002563","LSOA21NM":"Hounslow 006A"}},{"type":"Feature","geometry":{"type":"Polygon","coordinates":[[[-0.298139932831435,51.491538128941],[-0.298994688712594,51.4915284927228],[-0.303898802915039,51.4913566872159],[-0.309637700991873,51.4930872512378],[-0.305713305470017,51.4944923877769],[-0.300574385192736,51.4944862991464],[-0.298139932831435,51.491538128941]]]},"properties":{"LSOA21CD":"E01002564","LSOA21NM":"Hounslow 031E"}},{"type":"Feature","geometry":{"type":"Polygon","coordinates":[[[-0.303898802915039,51.4913566872159],[-0.303081683824997,51.4900858978167],[-0.308041364041341,51.4882663494219],[-0.317023055939004,51.4868201026706],[-0.320550897739799,51.4872853264551],[-0.321632659757459,51.4906769319389],[-0.31917944422337,51.4922240457952],[-0.315208539136729,51.4896726124747],[-0.311922186753132,51.492029892091],[-0.309637700991873,51.4930872512378],[-0.303898802915039,51.4913566872159]]]},"properties":{"LSOA21CD":"E01002565","LSOA21NM":"Hounslow 006B"}},{"type":"Feature","geometry":{"type":"Polygon","coordinates":[[[-0.302284989677732,51.4895442000993],[-0.299928065349989,51.4864829262959],[-0.304348199700806,51.4846546461514],[-0.306846934547362,51.4844209325367],[-0.308041364041341,51.4882663494219],[-0.303081683824997,51.4900858978167],[-0.302284989677732,51.4895442000993]]]},"properties":{"LSOA21CD":"E01002567","LSOA21NM":"Hounslow 006C"}},{"type":"Feature","geometry":{"type":"Polygon","coordinates":[[[-0.249705130679353,51.4895103413271],[-0.24958077521773,51.4860625777949],[-0.255693457914813,51.4846779899928],[-0.258724686839129,51.4876021994384],[-0.258617902670346,51.4876025515377],[-0.252724258750201,51.48722248384],[-0.255545176723308,51.4911610399654],[-0.249705130679353,51.4895103413271]]]},"properties":{"LSOA21CD":"E01002569","LSOA21NM":"Hounslow 001A"}},{"type":"Feature","geometry":{"type":"Polygon","coordinates":[[[-0.250657492537731,51.4932580613296],[-0.249705130679353,51.4895103413271],[-0.255545176723308,51.4911610399654],[-0.255736647507772,51.4915043870546],[-0.25529734558116,51.4949077166458],[-0.250657492537731,51.4932580613296]]]},"properties":{"LSOA21CD":"E01002570","LSOA21NM":"Hounslow 001B"}},{"type":"Feature","geometry":{"type":"MultiPolygon","coordinates":[[[[-0.248062577959218,51.4839183959377],[-0.248858893126777,51.4825817340367],[-0.248520909527052,51.4837346755605],[-0.248062577959218,51.4839183959377]]],[[[-0.249710507181286,51.4856921178267],[-0.251870023337708,51.4805444965571],[-0.257759933701439,51.4823375301407],[-0.257567283659627,51.4825747156303],[-0.255693457914813,51.4846779899928],[-0.24958077521773,51.4860625777949],[-0.245190664388952,51.4892175855772],[-0.244498735350271,51.4887098407001],[-0.244539277274199,51.4887029546299],[-0.249710507181286,51.4856921178267]]]]},"properties":{"LSOA21CD":"E01002571","LSOA21NM":"Hounslow 007A"}},{"type":"Feature","geometry":{"type":"MultiPolygon","coordinates":[[[[-0.256447131430982,51.4715292787594],[-0.257355836328551,51.4714018806282],[-0.255629058508785,51.4720585681203],[-0.256447131430982,51.4715292787594]]],[[[-0.255070802867928,51.4729124048944],[-0.25521169579162,51.4725763925752],[-0.255740940674504,51.4726138154967],[-0.269067295370567,51.4735883092232],[-0.264440709386457,51.4765300933914],[-0.257759933701439,51.4823375301407],[-0.251870023337708,51.4805444965571],[-0.255070802867928,51.4729124048944]]]]},"properties":{"LSOA21CD":"E01002572","LSOA21NM":"Hounslow 007B"}},{"type":"Feature","geometry":{"type":"Polygon","coordinates":[[[-0.252174586186242,51.5006354362457],[-0.249341868108824,51.496999032675],[-0.250657492537731,51.4932580613296],[-0.25529734558116,51.4949077166458],[-0.255413109506458,51.4949142554739],[-0.255585379790037,51.4962749854102],[-0.253352601594087,51.499088332934],[-0.253061009208261,51.5013997078001],[-0.252174586186242,51.5006354362457]]]},"properties":{"LSOA21CD":"E01002573","LSOA21NM":"Hounslow 001C"}},{"type":"Feature","geometry":{"type":"Polygon","coordinates":[[[-0.244675537370101,51.4957308468777],[-0.244874603643461,51.4951517878433],[-0.245207648156464,51.493401224747],[-0.250657492537731,51.4932580613296],[-0.249341868108824,51.496999032675],[-0.246027042103588,51.4981460305166],[-0.244675537370101,51.4957308468777]]]},"properties":{"LSOA21CD":"E01002574","LSOA21NM":"Hounslow 001D"}},{"type":"Feature","geometry":{"type":"Polygon","coordinates":[[[-0.245190664388952,51.4892175855772],[-0.24958077521773,51.4860625777949],[-0.249705130679353,51.4895103413271],[-0.250657492537731,51.4932580613296],[-0.245207648156464,51.493401224747],[-0.245190664388952,51.4892175855772]]]},"properties":{"LSOA21CD":"E01002575","LSOA21NM":"Hounslow 001E"}},{"type":"Feature","geometry":{"type":"Polygon","coordinates":[[[-0.270218066735079,51.488050114435],[-0.272842462428919,51.4862347511399],[-0.267508218209033,51.4856022286197],[-0.27043228144371,51.4816463542549],[-0.274268932811665,51.4830564718336],[-0.274040669199057,51.4885450166132],[-0.270218066735079,51.488050114435]]]},"properties":{"LSOA21CD":"E01002576","LSOA21NM":"Hounslow 008A"}},{"type":"Feature","geometry":{"type":"Polygon","coordinates":[[[-0.26716053918655,51.48761518023],[-0.258724686839129,51.4876021994384],[-0.255693457914813,51.4846779899928],[-0.257567283659627,51.4825747156303],[-0.267508218209033,51.4856022286197],[-0.272842462428919,51.4862347511399],[-0.270218066735079,51.488050114435],[-0.26716053918655,51.48761518023]]]},"properties":{"LSOA21CD":"E01002577","LSOA21NM":"Hounslow 007C"}},{"type":"Feature","geometry":{"type":"Polygon","coordinates":[[[-0.257567283659627,51.4825747156303],[-0.257759933701439,51.4823375301407],[-0.264440709386457,51.4765300933914],[-0.27043228144371,51.4816463542549],[-0.267508218209033,51.4856022286197],[-0.257567283659627,51.4825747156303]]]},"properties":{"LSOA21CD":"E01002578","LSOA21NM":"Hounslow 007D"}},{"type":"Feature","geometry":{"type":"Polygon","coordinates":[[[-0.274268932811665,51.4830564718336],[-0.27043228144371,51.4816463542549],[-0.264440709386457,51.4765300933914],[-0.269067295370567,51.4735883092232],[-0.269154104837155,51.4735946528108],[-0.273371229042023,51.4788616387658],[-0.276845131748043,51.4831994053495],[-0.274268932811665,51.4830564718336]]]},"properties":{"LSOA21CD":"E01002579","LSOA21NM":"Hounslow 008B"}},{"type":"Feature","geometry":{"type":"Polygon","coordinates":[[[-0.280213764626924,51.4905825779407],[-0.283785788974486,51.4872111037604],[-0.287115463098034,51.4893049511672],[-0.282102045974254,51.4914423984511],[-0.280213764626924,51.4905825779407]]]},"properties":{"LSOA21CD":"E01002580","LSOA21NM":"Hounslow 008C"}},{"type":"Feature","geometry":{"type":"Polygon","coordinates":[[[-0.276766616889822,51.4892580165432],[-0.279224576870264,51.484362963862],[-0.286871819688156,51.487451804713],[-0.287462838717738,51.4876811000504],[-0.287550165870686,51.4889101947048],[-0.287115463098034,51.4893049511672],[-0.283785788974486,51.4872111037604],[-0.280213764626924,51.4905825779407],[-0.276766616889822,51.4892580165432]]]},"properties":{"LSOA21CD":"E01002581","LSOA21NM":"Hounslow 008D"}},{"type":"Feature","geometry":{"type":"Polygon","coordinates":[[[-0.275636635262481,51.4889087055975],[-0.274040669199057,51.4885450166132],[-0.274268932811665,51.4830564718336],[-0.276845131748043,51.4831994053495],[-0.277084648927052,51.4834984502321],[-0.279224576870264,51.484362963862],[-0.276766616889822,51.4892580165432],[-0.275636635262481,51.4889087055975]]]},"properties":{"LSOA21CD":"E01002582","LSOA21NM":"Hounslow 008E"}},{"type":"Feature","geometry":{"type":"Polygon","coordinates":[[[-0.404154968956295,51.4812998096129],[-0.404010821971463,51.4810529294696],[-0.407563978421676,51.47640327086],[-0.411492418670299,51.4774411536303],[-0.409954917871267,51.4832995896767],[-0.415119724557388,51.4848984979514],[-0.411926839079286,51.4921239481458],[-0.404154968956295,51.4812998096129]]]},"properties":{"LSOA21CD":"E01002583","LSOA21NM":"Hounslow 013A"}},{"type":"Feature","geometry":{"type":"Polygon","coordinates":[[[-0.411492418670299,51.4774411536303],[-0.415339143227207,51.4753699773741],[-0.415119724557388,51.4848984979514],[-0.409954917871267,51.4832995896767],[-0.411492418670299,51.4774411536303]]]},"properties":{"LSOA21CD":"E01002584","LSOA21NM":"Hounslow 013B"}},{"type":"Feature","geometry":{"type":"Polygon","coordinates":[[[-0.401783700279088,51.4770840310943],[-0.403369942176901,51.4728644743496],[-0.405335606238539,51.4724388491556],[-0.40443762154384,51.477560064398],[-0.407563978421676,51.47640327086],[-0.404010821971463,51.4810529294696],[-0.401783700279088,51.4770840310943]]]},"properties":{"LSOA21CD":"E01002585","LSOA21NM":"Hounslow 013C"}},{"type":"Feature","geometry":{"type":"Polygon","coordinates":[[[-0.405335606238539,51.4724388491556],[-0.405429537804601,51.4720263371008],[-0.411203797940133,51.4699777791478],[-0.415339143227207,51.4753699773741],[-0.411492418670299,51.4774411536303],[-0.407563978421676,51.47640327086],[-0.40443762154384,51.477560064398],[-0.405335606238539,51.4724388491556]]]},"properties":{"LSOA21CD":"E01002586","LSOA21NM":"Hounslow 013D"}},{"type":"Feature","geometry":{"type":"Polygon","coordinates":[[[-0.393905707456044,51.4751382661325],[-0.392825296651617,51.4748570771371],[-0.39366341758328,51.471543007941],[-0.395870951852857,51.4708738901125],[-0.397996012958733,51.4735617809626],[-0.403369942176901,51.4728644743496],[-0.401783700279088,51.4770840310943],[-0.393905707456044,51.4751382661325]]]},"properties":{"LSOA21CD":"E01002587","LSOA21NM":"Hounslow 016A"}},{"type":"Feature","geometry":{"type":"Polygon","coordinates":[[[-0.395870951852857,51.4708738901125],[-0.398322288455972,51.4691778985368],[-0.405429537804601,51.4720263371008],[-0.405335606238539,51.4724388491556],[-0.403369942176901,51.4728644743496],[-0.397996012958733,51.4735617809626],[-0.395870951852857,51.4708738901125]]]},"properties":{"LSOA21CD":"E01002588","LSOA21NM":"Hounslow 016B"}},{"type":"Feature","geometry":{"type":"Polygon","coordinates":[[[-0.395870951852857,51.4708738901125],[-0.39366341758328,51.471543007941],[-0.393733937049364,51.4675431960595],[-0.393090242750963,51.4613074157052],[-0.401367865813466,51.4590125913633],[-0.411169975141906,51.4698745603185],[-0.411203797940133,51.4699777791478],[-0.405429537804601,51.4720263371008],[-0.398322288455972,51.4691778985368],[-0.395870951852857,51.4708738901125]]]},"properties":{"LSOA21CD":"E01002589","LSOA21NM":"Hounslow 013E"}},{"type":"Feature","geometry":{"type":"Polygon","coordinates":[[[-0.414232681789339,51.4517060135494],[-0.411440299437393,51.4477610629764],[-0.412166523890367,51.4481389580476],[-0.415281168627464,51.4493355379797],[-0.422081891429654,51.451154947203],[-0.427234371732597,51.4538377050987],[-0.427448456082011,51.453951914912],[-0.422478300223521,51.4551312793581],[-0.414232681789339,51.4517060135494]]]},"properties":{"LSOA21CD":"E01002590","LSOA21NM":"Hounslow 022C"}},{"type":"Feature","geometry":{"type":"Polygon","coordinates":[[[-0.390454166997592,51.4512408153103],[-0.398392990547654,51.4500165174479],[-0.402509969183456,51.4512294145886],[-0.399818563101632,51.4561894055298],[-0.390454166997592,51.4512408153103]]]},"properties":{"LSOA21CD":"E01002591","LSOA21NM":"Hounslow 024A"}},{"type":"Feature","geometry":{"type":"Polygon","coordinates":[[[-0.401367865813466,51.4590125913633],[-0.406910227150946,51.4534871586747],[-0.406844164540003,51.4574017889022],[-0.410162910317427,51.4574150336873],[-0.419364230346106,51.4569114460172],[-0.420472934960608,51.4568971667898],[-0.4256397825557,51.4623848041592],[-0.422078891034698,51.466554672875],[-0.422015795213948,51.4665762056344],[-0.411169975141906,51.4698745603185],[-0.401367865813466,51.4590125913633]]]},"properties":{"LSOA21CD":"E01002592","LSOA21NM":"Hounslow 022D"}},{"type":"Feature","geometry":{"type":"Polygon","coordinates":[[[-0.406910227150946,51.4534871586747],[-0.401624436611491,51.4495129851026],[-0.403294489582275,51.4492547169699],[-0.411217103012376,51.4476457313514],[-0.411440299437393,51.4477610629764],[-0.414232681789339,51.4517060135494],[-0.413098384184349,51.4540198183393],[-0.409973967534778,51.4527309027739],[-0.410162910317427,51.4574150336873],[-0.406844164540003,51.4574017889022],[-0.406910227150946,51.4534871586747]]]},"properties":{"LSOA21CD":"E01002593","LSOA21NM":"Hounslow 024B"}},{"type":"Feature","geometry":{"type":"Polygon","coordinates":[[[-0.399818563101632,51.4561894055298],[-0.402509969183456,51.4512294145886],[-0.398392990547654,51.4500165174479],[-0.401624436611491,51.4495129851026],[-0.406910227150946,51.4534871586747],[-0.401367865813466,51.4590125913633],[-0.399818563101632,51.4561894055298]]]},"properties":{"LSOA21CD":"E01002594","LSOA21NM":"Hounslow 024C"}},{"type":"Feature","geometry":{"type":"Polygon","coordinates":[[[-0.414232681789339,51.4517060135494],[-0.422478300223521,51.4551312793581],[-0.419364230346106,51.4569114460172],[-0.410162910317427,51.4574150336873],[-0.409973967534778,51.4527309027739],[-0.413098384184349,51.4540198183393],[-0.414232681789339,51.4517060135494]]]},"properties":{"LSOA21CD":"E01002595","LSOA21NM":"Hounslow 022E"}},{"type":"Feature","geometry":{"type":"Polygon","coordinates":[[[-0.421819557014108,51.4464272071176],[-0.42204923109351,51.4452621923348],[-0.42413572404887,51.4399154885752],[-0.431593703423357,51.4389420662007],[-0.437236073643078,51.4420578695038],[-0.430856336805034,51.4434325765614],[-0.427951822403142,51.4440477133082],[-0.425479562055031,51.4471313659843],[-0.421819557014108,51.4464272071176]]]},"properties":{"LSOA21CD":"E01002596","LSOA21NM":"Hounslow 027A"}},{"type":"Feature","geometry":{"type":"Polygon","coordinates":[[[-0.412302873075521,51.4444923749278],[-0.411179943572878,51.444123264727],[-0.417139020271365,51.43948706268],[-0.421323268905824,51.4381198698325],[-0.42413572404887,51.4399154885752],[-0.418010537049098,51.4420902169741],[-0.414921767493632,51.4467127293245],[-0.412302873075521,51.4444923749278]]]},"properties":{"LSOA21CD":"E01002598","LSOA21NM":"Hounslow 025B"}},{"type":"Feature","geometry":{"type":"Polygon","coordinates":[[[-0.414921767493632,51.4467127293245],[-0.418010537049098,51.4420902169741],[-0.42204923109351,51.4452621923348],[-0.421819557014108,51.4464272071176],[-0.416353197705426,51.448147527933],[-0.414921767493632,51.4467127293245]]]},"properties":{"LSOA21CD":"E01002599","LSOA21NM":"Hounslow 025C"}},{"type":"Feature","geometry":{"type":"Polygon","coordinates":[[[-0.418010537049098,51.4420902169741],[-0.42413572404887,51.4399154885752],[-0.42204923109351,51.4452621923348],[-0.418010537049098,51.4420902169741]]]},"properties":{"LSOA21CD":"E01002600","LSOA21NM":"Hounslow 025D"}},{"type":"Feature","geometry":{"type":"Polygon","coordinates":[[[-0.42413572404887,51.4399154885752],[-0.421323268905824,51.4381198698325],[-0.42260270568812,51.4354735611985],[-0.427410218514273,51.4308259764396],[-0.42771581740719,51.4300321379867],[-0.427831186015869,51.4292524091594],[-0.439984840809729,51.4306264315269],[-0.439753933995337,51.4346187623791],[-0.447717027483506,51.4350031616438],[-0.447068448790087,51.4373455256489],[-0.446288388973112,51.4399966432714],[-0.437236073643078,51.4420578695038],[-0.431593703423357,51.4389420662007],[-0.42413572404887,51.4399154885752]]]},"properties":{"LSOA21CD":"E01002601","LSOA21NM":"Hounslow 027B"}},{"type":"Feature","geometry":{"type":"Polygon","coordinates":[[[-0.417916469680177,51.432952348542],[-0.418582873448061,51.4321089642877],[-0.427410218514273,51.4308259764396],[-0.42260270568812,51.4354735611985],[-0.417916469680177,51.432952348542]]]},"properties":{"LSOA21CD":"E01002602","LSOA21NM":"Hounslow 027C"}},{"type":"Feature","geometry":{"type":"Polygon","coordinates":[[[-0.415281168627464,51.4493355379797],[-0.416353197705426,51.448147527933],[-0.421819557014108,51.4464272071176],[-0.425479562055031,51.4471313659843],[-0.422081891429654,51.451154947203],[-0.415281168627464,51.4493355379797]]]},"properties":{"LSOA21CD":"E01002603","LSOA21NM":"Hounslow 025E"}},{"type":"Feature","geometry":{"type":"Polygon","coordinates":[[[-0.367078214492015,51.4417117750481],[-0.374892356213487,51.4381160821449],[-0.379466916825879,51.4409541308824],[-0.383719787827986,51.4426076436113],[-0.379664898569854,51.4438493253352],[-0.367078214492015,51.4417117750481]]]},"properties":{"LSOA21CD":"E01002604","LSOA21NM":"Hounslow 026A"}},{"type":"Feature","geometry":{"type":"Polygon","coordinates":[[[-0.374892356213487,51.4381160821449],[-0.376117012671117,51.4355388854043],[-0.378865276793847,51.4343871505025],[-0.379380071110152,51.4340768946224],[-0.383917168544945,51.4354258438271],[-0.384989196691969,51.4374687325571],[-0.379466916825879,51.4409541308824],[-0.374892356213487,51.4381160821449]]]},"properties":{"LSOA21CD":"E01002605","LSOA21NM":"Hounslow 026B"}},{"type":"Feature","geometry":{"type":"Polygon","coordinates":[[[-0.384989196691969,51.4374687325571],[-0.383917168544945,51.4354258438271],[-0.385196242810321,51.4349254729009],[-0.390968947136523,51.4342592063625],[-0.391746921955733,51.4375771334161],[-0.390573294196498,51.4391891392647],[-0.38564417604962,51.4400865974766],[-0.384989196691969,51.4374687325571]]]},"properties":{"LSOA21CD":"E01002606","LSOA21NM":"Hounslow 026C"}},{"type":"Feature","geometry":{"type":"Polygon","coordinates":[[[-0.381400044908216,51.4448015509123],[-0.379664898569854,51.4438493253352],[-0.383719787827986,51.4426076436113],[-0.379466916825879,51.4409541308824],[-0.384989196691969,51.4374687325571],[-0.38564417604962,51.4400865974766],[-0.390573294196498,51.4391891392647],[-0.387464624075827,51.442351994579],[-0.385442910855709,51.4445366269771],[-0.384144355735098,51.4457375751336],[-0.381400044908216,51.4448015509123]]]},"properties":{"LSOA21CD":"E01002607","LSOA21NM":"Hounslow 026D"}},{"type":"Feature","geometry":{"type":"Polygon","coordinates":[[[-0.385196242810321,51.4349254729009],[-0.389798722763246,51.4297597804161],[-0.402385553081162,51.4304392977747],[-0.398269201775239,51.4317196875109],[-0.392464696885341,51.433478163759],[-0.391746921955733,51.4375771334161],[-0.390968947136523,51.4342592063625],[-0.385196242810321,51.4349254729009]]]},"properties":{"LSOA21CD":"E01002608","LSOA21NM":"Hounslow 028A"}},{"type":"Feature","geometry":{"type":"Polygon","coordinates":[[[-0.379380071110152,51.4340768946224],[-0.384722949767559,51.4311516541961],[-0.386818533903972,51.4297076483252],[-0.389798722763246,51.4297597804161],[-0.385196242810321,51.4349254729009],[-0.383917168544945,51.4354258438271],[-0.379380071110152,51.4340768946224]]]},"properties":{"LSOA21CD":"E01002609","LSOA21NM":"Hounslow 028B"}},{"type":"Feature","geometry":{"type":"Polygon","coordinates":[[[-0.410294450668958,51.4317320390623],[-0.402385553081162,51.4304392977747],[-0.389798722763246,51.4297597804161],[-0.386818533903972,51.4297076483252],[-0.385159066352008,51.423920324713],[-0.384908334874323,51.4212717528987],[-0.391351446077587,51.4223319263526],[-0.40782149156466,51.4235945339028],[-0.416603297865672,51.4306841613067],[-0.418582873448061,51.4321089642877],[-0.417916469680177,51.432952348542],[-0.417254529239199,51.433070843727],[-0.410294450668958,51.4317320390623]]]},"properties":{"LSOA21CD":"E01002610","LSOA21NM":"Hounslow 028C"}},{"type":"Feature","geometry":{"type":"Polygon","coordinates":[[[-0.387568910545612,51.4493041406511],[-0.384144355735098,51.4457375751336],[-0.385442910855709,51.4445366269771],[-0.393704606172902,51.4461373300771],[-0.396819388331523,51.4442666963128],[-0.393942832313199,51.4430010494336],[-0.397299152160169,51.4400497761569],[-0.404231472837582,51.4425783678012],[-0.399464597510745,51.4458653449099],[-0.404840581043483,51.4473541584108],[-0.403294489582275,51.4492547169699],[-0.401624436611491,51.4495129851026],[-0.398392990547654,51.4500165174479],[-0.390454166997592,51.4512408153103],[-0.387568910545612,51.4493041406511]]]},"properties":{"LSOA21CD":"E01002611","LSOA21NM":"Hounslow 024D"}},{"type":"Feature","geometry":{"type":"Polygon","coordinates":[[[-0.404231472837582,51.4425783678012],[-0.404829233520854,51.4425595194506],[-0.411179943572878,51.444123264727],[-0.411217103012376,51.4476457313514],[-0.403294489582275,51.4492547169699],[-0.404840581043483,51.4473541584108],[-0.399464597510745,51.4458653449099],[-0.404231472837582,51.4425783678012]]]},"properties":{"LSOA21CD":"E01002612","LSOA21NM":"Hounslow 024E"}},{"type":"Feature","geometry":{"type":"Polygon","coordinates":[[[-0.385442910855709,51.4445366269771],[-0.387464624075827,51.442351994579],[-0.393942832313199,51.4430010494336],[-0.396819388331523,51.4442666963128],[-0.393704606172902,51.4461373300771],[-0.385442910855709,51.4445366269771]]]},"properties":{"LSOA21CD":"E01002613","LSOA21NM":"Hounslow 024F"}},{"type":"Feature","geometry":{"type":"Polygon","coordinates":[[[-0.404829233520854,51.4425595194506],[-0.411483501833542,51.440096068551],[-0.41193576257532,51.4373137705682],[-0.407286141496869,51.4370807777478],[-0.410294450668958,51.4317320390623],[-0.417254529239199,51.433070843727],[-0.414072661632116,51.4367718036681],[-0.417139020271365,51.43948706268],[-0.411179943572878,51.444123264727],[-0.404829233520854,51.4425595194506]]]},"properties":{"LSOA21CD":"E01002614","LSOA21NM":"Hounslow 027D"}},{"type":"Feature","geometry":{"type":"Polygon","coordinates":[[[-0.387464624075827,51.442351994579],[-0.390573294196498,51.4391891392647],[-0.391746921955733,51.4375771334161],[-0.392464696885341,51.433478163759],[-0.398269201775239,51.4317196875109],[-0.403645844820378,51.4379125190583],[-0.407286141496869,51.4370807777478],[-0.41193576257532,51.4373137705682],[-0.411483501833542,51.440096068551],[-0.404829233520854,51.4425595194506],[-0.404231472837582,51.4425783678012],[-0.397299152160169,51.4400497761569],[-0.393942832313199,51.4430010494336],[-0.387464624075827,51.442351994579]]]},"properties":{"LSOA21CD":"E01002615","LSOA21NM":"Hounslow 026E"}},{"type":"Feature","geometry":{"type":"Polygon","coordinates":[[[-0.417254529239199,51.433070843727],[-0.417916469680177,51.432952348542],[-0.42260270568812,51.4354735611985],[-0.421323268905824,51.4381198698325],[-0.417139020271365,51.43948706268],[-0.414072661632116,51.4367718036681],[-0.417254529239199,51.433070843727]]]},"properties":{"LSOA21CD":"E01002616","LSOA21NM":"Hounslow 027E"}},{"type":"Feature","geometry":{"type":"Polygon","coordinates":[[[-0.398269201775239,51.4317196875109],[-0.402385553081162,51.4304392977747],[-0.410294450668958,51.4317320390623],[-0.407286141496869,51.4370807777478],[-0.403645844820378,51.4379125190583],[-0.398269201775239,51.4317196875109]]]},"properties":{"LSOA21CD":"E01002617","LSOA21NM":"Hounslow 028D"}},{"type":"Feature","geometry":{"type":"Polygon","coordinates":[[[-0.373278009378789,51.4807072185221],[-0.372551992749003,51.4782054194588],[-0.379067162921555,51.4803040643438],[-0.377859765087742,51.4772700122676],[-0.382593118509635,51.4791414468421],[-0.38002765817252,51.4815581516063],[-0.376936625925392,51.4836533578239],[-0.373278009378789,51.4807072185221]]]},"properties":{"LSOA21CD":"E01002618","LSOA21NM":"Hounslow 011A"}},{"type":"Feature","geometry":{"type":"Polygon","coordinates":[[[-0.38002765817252,51.4815581516063],[-0.382593118509635,51.4791414468421],[-0.385328339360111,51.478613651813],[-0.388700355277927,51.4804867819629],[-0.386271238275307,51.4836524107754],[-0.381107108844639,51.4836733606712],[-0.377926613036106,51.4842551388707],[-0.38002765817252,51.4815581516063]]]},"properties":{"LSOA21CD":"E01002619","LSOA21NM":"Hounslow 010A"}},{"type":"Feature","geometry":{"type":"Polygon","coordinates":[[[-0.374345213307617,51.4855123079279],[-0.373278009378789,51.4807072185221],[-0.376936625925392,51.4836533578239],[-0.38002765817252,51.4815581516063],[-0.377926613036106,51.4842551388707],[-0.381107108844639,51.4836733606712],[-0.381184649380586,51.4882129971928],[-0.376411259392228,51.4889863227659],[-0.374345213307617,51.4855123079279]]]},"properties":{"LSOA21CD":"E01002620","LSOA21NM":"Hounslow 004A"}},{"type":"Feature","geometry":{"type":"Polygon","coordinates":[[[-0.372551992749003,51.4782054194588],[-0.370998953868438,51.4771676415475],[-0.375649836470347,51.4746243180385],[-0.373018710128021,51.4715645115903],[-0.377365289755245,51.4731895685564],[-0.380088997413764,51.4754939056761],[-0.377859765087742,51.4772700122676],[-0.379067162921555,51.4803040643438],[-0.372551992749003,51.4782054194588]]]},"properties":{"LSOA21CD":"E01002621","LSOA21NM":"Hounslow 011B"}},{"type":"Feature","geometry":{"type":"Polygon","coordinates":[[[-0.385328339360111,51.478613651813],[-0.388550391506809,51.4780227477564],[-0.386808424271697,51.4739316740275],[-0.387805365263288,51.4734720671506],[-0.392825296651617,51.4748570771371],[-0.393905707456044,51.4751382661325],[-0.390192892893169,51.4786905023197],[-0.388700355277927,51.4804867819629],[-0.385328339360111,51.478613651813]]]},"properties":{"LSOA21CD":"E01002622","LSOA21NM":"Hounslow 010B"}},{"type":"Feature","geometry":{"type":"Polygon","coordinates":[[[-0.377859765087742,51.4772700122676],[-0.380088997413764,51.4754939056761],[-0.386808424271697,51.4739316740275],[-0.388550391506809,51.4780227477564],[-0.385328339360111,51.478613651813],[-0.382593118509635,51.4791414468421],[-0.377859765087742,51.4772700122676]]]},"properties":{"LSOA21CD":"E01002623","LSOA21NM":"Hounslow 011C"}},{"type":"Feature","geometry":{"type":"Polygon","coordinates":[[[-0.377365289755245,51.4731895685564],[-0.378702706200047,51.4703696508495],[-0.381083030974123,51.4712118474621],[-0.384921191597095,51.4725251061597],[-0.387805365263288,51.4734720671506],[-0.386808424271697,51.4739316740275],[-0.380088997413764,51.4754939056761],[-0.377365289755245,51.4731895685564]]]},"properties":{"LSOA21CD":"E01002624","LSOA21NM":"Hounslow 017A"}},{"type":"Feature","geometry":{"type":"Polygon","coordinates":[[[-0.374416208494295,51.4930198614507],[-0.378285389457869,51.4916950327136],[-0.376411259392228,51.4889863227659],[-0.381184649380586,51.4882129971928],[-0.381369435763255,51.489349733756],[-0.381328874227727,51.4898244794661],[-0.379319366140953,51.4960569056508],[-0.379077538601766,51.4961350937355],[-0.377633869909448,51.496631997286],[-0.374416208494295,51.4930198614507]]]},"properties":{"LSOA21CD":"E01002625","LSOA21NM":"Hounslow 004B"}},{"type":"Feature","geometry":{"type":"Polygon","coordinates":[[[-0.368286366340994,51.4922622526287],[-0.366994810347835,51.4927643027532],[-0.366081111079152,51.4892548182954],[-0.371511674676668,51.4855242588844],[-0.374345213307617,51.4855123079279],[-0.376411259392228,51.4889863227659],[-0.378285389457869,51.4916950327136],[-0.374416208494295,51.4930198614507],[-0.371821747515137,51.4904998720393],[-0.368286366340994,51.4922622526287]]]},"properties":{"LSOA21CD":"E01002626","LSOA21NM":"Hounslow 004C"}},{"type":"Feature","geometry":{"type":"Polygon","coordinates":[[[-0.366845072006515,51.4875262120604],[-0.367949607650802,51.4850722860255],[-0.371511674676668,51.4855242588844],[-0.366081111079152,51.4892548182954],[-0.366845072006515,51.4875262120604]]]},"properties":{"LSOA21CD":"E01002627","LSOA21NM":"Hounslow 004D"}},{"type":"Feature","geometry":{"type":"Polygon","coordinates":[[[-0.367949607650802,51.4850722860255],[-0.366487758351639,51.4815126794571],[-0.36719811420791,51.4775100475675],[-0.370998953868438,51.4771676415475],[-0.372551992749003,51.4782054194588],[-0.373278009378789,51.4807072185221],[-0.374345213307617,51.4855123079279],[-0.371511674676668,51.4855242588844],[-0.367949607650802,51.4850722860255]]]},"properties":{"LSOA21CD":"E01002628","LSOA21NM":"Hounslow 011D"}},{"type":"Feature","geometry":{"type":"Polygon","coordinates":[[[-0.362229236983776,51.4796499543877],[-0.363423954412116,51.4775808363382],[-0.364317130178172,51.476079044952],[-0.367094326253132,51.4712316007694],[-0.373018710128021,51.4715645115903],[-0.375649836470347,51.4746243180385],[-0.370998953868438,51.4771676415475],[-0.36719811420791,51.4775100475675],[-0.366487758351639,51.4815126794571],[-0.360746365492161,51.4815137581324],[-0.362229236983776,51.4796499543877]]]},"properties":{"LSOA21CD":"E01002629","LSOA21NM":"Hounslow 011E"}},{"type":"Feature","geometry":{"type":"Polygon","coordinates":[[[-0.353427052257941,51.4761283605093],[-0.360763854056858,51.4770589060484],[-0.363423954412116,51.4775808363382],[-0.362229236983776,51.4796499543877],[-0.352838754940886,51.4805276771795],[-0.353427052257941,51.4761283605093]]]},"properties":{"LSOA21CD":"E01002630","LSOA21NM":"Hounslow 012A"}},{"type":"Feature","geometry":{"type":"Polygon","coordinates":[[[-0.381328874227727,51.4898244794661],[-0.387532982557426,51.4948419401868],[-0.381539911943197,51.4953330320938],[-0.379319366140953,51.4960569056508],[-0.381328874227727,51.4898244794661]]]},"properties":{"LSOA21CD":"E01002631","LSOA21NM":"Hounslow 004E"}},{"type":"Feature","geometry":{"type":"Polygon","coordinates":[[[-0.381184649380586,51.4882129971928],[-0.381107108844639,51.4836733606712],[-0.386271238275307,51.4836524107754],[-0.389662902110811,51.4865431964625],[-0.389803785549589,51.4890784909059],[-0.381369435763255,51.489349733756],[-0.381184649380586,51.4882129971928]]]},"properties":{"LSOA21CD":"E01002632","LSOA21NM":"Hounslow 010C"}},{"type":"Feature","geometry":{"type":"Polygon","coordinates":[[[-0.396274166100596,51.4892037127668],[-0.402438729454191,51.4849789758666],[-0.398668942649078,51.4865224073595],[-0.395424413740718,51.4820155192072],[-0.399911185524606,51.4836279896111],[-0.404154968956295,51.4812998096129],[-0.411926839079286,51.4921239481458],[-0.411884421020568,51.4923635308886],[-0.403580719029027,51.4909574536392],[-0.401756734063653,51.4940862282261],[-0.396274166100596,51.4892037127668]]]},"properties":{"LSOA21CD":"E01002633","LSOA21NM":"Hounslow 005A"}},{"type":"Feature","geometry":{"type":"Polygon","coordinates":[[[-0.391804067695331,51.4846276944545],[-0.392728550112911,51.4803320163736],[-0.393766410319599,51.4841237484056],[-0.395424413740718,51.4820155192072],[-0.398668942649078,51.4865224073595],[-0.402438729454191,51.4849789758666],[-0.396274166100596,51.4892037127668],[-0.391804067695331,51.4846276944545]]]},"properties":{"LSOA21CD":"E01002634","LSOA21NM":"Hounslow 005B"}},{"type":"Feature","geometry":{"type":"Polygon","coordinates":[[[-0.392728550112911,51.4803320163736],[-0.390192892893169,51.4786905023197],[-0.393905707456044,51.4751382661325],[-0.401783700279088,51.4770840310943],[-0.404010821971463,51.4810529294696],[-0.404154968956295,51.4812998096129],[-0.399911185524606,51.4836279896111],[-0.395424413740718,51.4820155192072],[-0.393766410319599,51.4841237484056],[-0.392728550112911,51.4803320163736]]]},"properties":{"LSOA21CD":"E01002635","LSOA21NM":"Hounslow 010D"}},{"type":"Feature","geometry":{"type":"Polygon","coordinates":[[[-0.386271238275307,51.4836524107754],[-0.388700355277927,51.4804867819629],[-0.390192892893169,51.4786905023197],[-0.392728550112911,51.4803320163736],[-0.391804067695331,51.4846276944545],[-0.389662902110811,51.4865431964625],[-0.386271238275307,51.4836524107754]]]},"properties":{"LSOA21CD":"E01002636","LSOA21NM":"Hounslow 010E"}},{"type":"Feature","geometry":{"type":"Polygon","coordinates":[[[-0.406885319056024,51.4996945293367],[-0.390281035360036,51.4953854135856],[-0.387841345964274,51.4949074397786],[-0.401756734063653,51.4940862282261],[-0.403580719029027,51.4909574536392],[-0.411884421020568,51.4923635308886],[-0.411869883995934,51.4924461279594],[-0.410640210653468,51.4981999968227],[-0.409265567335545,51.5003167712645],[-0.406885319056024,51.4996945293367]]]},"properties":{"LSOA21CD":"E01002637","LSOA21NM":"Hounslow 005C"}},{"type":"Feature","geometry":{"type":"Polygon","coordinates":[[[-0.387532982557426,51.4948419401868],[-0.381328874227727,51.4898244794661],[-0.381369435763255,51.489349733756],[-0.389803785549589,51.4890784909059],[-0.389662902110811,51.4865431964625],[-0.391804067695331,51.4846276944545],[-0.396274166100596,51.4892037127668],[-0.401756734063653,51.4940862282261],[-0.387841345964274,51.4949074397786],[-0.387532982557426,51.4948419401868]]]},"properties":{"LSOA21CD":"E01002638","LSOA21NM":"Hounslow 005D"}},{"type":"Feature","geometry":{"type":"Polygon","coordinates":[[[-0.353427052257941,51.4761283605093],[-0.350195795992287,51.4761118749634],[-0.351032288222302,51.4733781168653],[-0.354488958208823,51.4729835473029],[-0.358333822203679,51.4745507000544],[-0.360763854056858,51.4770589060484],[-0.353427052257941,51.4761283605093]]]},"properties":{"LSOA21CD":"E01002639","LSOA21NM":"Hounslow 012B"}},{"type":"Feature","geometry":{"type":"Polygon","coordinates":[[[-0.360763854056858,51.4770589060484],[-0.358333822203679,51.4745507000544],[-0.358608357640543,51.4699603207369],[-0.362597053089218,51.4715500793624],[-0.36061158455418,51.4755143505246],[-0.364317130178172,51.476079044952],[-0.363423954412116,51.4775808363382],[-0.360763854056858,51.4770589060484]]]},"properties":{"LSOA21CD":"E01002640","LSOA21NM":"Hounslow 012C"}},{"type":"Feature","geometry":{"type":"Polygon","coordinates":[[[-0.362597053089218,51.4715500793624],[-0.366482705075228,51.4690369308132],[-0.367094326253132,51.4712316007694],[-0.364317130178172,51.476079044952],[-0.36061158455418,51.4755143505246],[-0.362597053089218,51.4715500793624]]]},"properties":{"LSOA21CD":"E01002641","LSOA21NM":"Hounslow 018A"}},{"type":"Feature","geometry":{"type":"Polygon","coordinates":[[[-0.341921198798825,51.4721843697191],[-0.347343611028915,51.4694314936163],[-0.348855043658162,51.4686438551899],[-0.351032288222302,51.4733781168653],[-0.350195795992287,51.4761118749634],[-0.349607197060653,51.4761244192267],[-0.341921198798825,51.4721843697191]]]},"properties":{"LSOA21CD":"E01002643","LSOA21NM":"Hounslow 015B"}},{"type":"Feature","geometry":{"type":"Polygon","coordinates":[[[-0.351216940973442,51.4674266355439],[-0.354464831829402,51.4657873831441],[-0.358908143557078,51.4635626261208],[-0.362117220969853,51.4663133603423],[-0.356843604708975,51.4699251064086],[-0.354132753277386,51.4702785455003],[-0.354526648780435,51.4669166425306],[-0.351216940973442,51.4674266355439]]]},"properties":{"LSOA21CD":"E01002645","LSOA21NM":"Hounslow 015C"}},{"type":"Feature","geometry":{"type":"Polygon","coordinates":[[[-0.371943413413225,51.4632434103866],[-0.371217185318435,51.4620575353012],[-0.37581527515712,51.4617079421025],[-0.378768652362019,51.4651239626781],[-0.374388071180851,51.4660787278847],[-0.371729700033295,51.4666533565304],[-0.371943413413225,51.4632434103866]]]},"properties":{"LSOA21CD":"E01002646","LSOA21NM":"Hounslow 017B"}},{"type":"Feature","geometry":{"type":"Polygon","coordinates":[[[-0.37581527515712,51.4617079421025],[-0.375735488478664,51.4609465045179],[-0.377841050361121,51.4595770912253],[-0.383644063427429,51.4617753646811],[-0.380699094953896,51.4646872465328],[-0.378768652362019,51.4651239626781],[-0.37581527515712,51.4617079421025]]]},"properties":{"LSOA21CD":"E01002647","LSOA21NM":"Hounslow 021A"}},{"type":"Feature","geometry":{"type":"Polygon","coordinates":[[[-0.362653348351949,51.4616626969223],[-0.368444422594691,51.4580183760158],[-0.370238029179585,51.4592807367214],[-0.367209392888763,51.4627509514733],[-0.366833848546523,51.4644980773905],[-0.364714665618524,51.4663426827712],[-0.362653348351949,51.4616626969223]]]},"properties":{"LSOA21CD":"E01002649","LSOA21NM":"Hounslow 018D"}},{"type":"Feature","geometry":{"type":"Polygon","coordinates":[[[-0.377841050361121,51.4595770912253],[-0.374735546844869,51.4565577348342],[-0.375305264406741,51.456158843546],[-0.380814592115663,51.4518293303716],[-0.387568910545612,51.4493041406511],[-0.390454166997592,51.4512408153103],[-0.399818563101632,51.4561894055298],[-0.401367865813466,51.4590125913633],[-0.393090242750963,51.4613074157052],[-0.388644941795042,51.4627380638866],[-0.384551487817408,51.4638340650852],[-0.380699094953896,51.4646872465328],[-0.383644063427429,51.4617753646811],[-0.377841050361121,51.4595770912253]]]},"properties":{"LSOA21CD":"E01002650","LSOA21NM":"Hounslow 021B"}},{"type":"Feature","geometry":{"type":"Polygon","coordinates":[[[-0.370238029179585,51.4592807367214],[-0.375735488478664,51.4609465045179],[-0.37581527515712,51.4617079421025],[-0.371217185318435,51.4620575353012],[-0.367209392888763,51.4627509514733],[-0.370238029179585,51.4592807367214]]]},"properties":{"LSOA21CD":"E01002651","LSOA21NM":"Hounslow 021C"}},{"type":"Feature","geometry":{"type":"Polygon","coordinates":[[[-0.370238029179585,51.4592807367214],[-0.368444422594691,51.4580183760158],[-0.369598133109079,51.4569416319212],[-0.374735546844869,51.4565577348342],[-0.377841050361121,51.4595770912253],[-0.375735488478664,51.4609465045179],[-0.370238029179585,51.4592807367214]]]},"properties":{"LSOA21CD":"E01002652","LSOA21NM":"Hounslow 021D"}},{"type":"Feature","geometry":{"type":"Polygon","coordinates":[[[-0.344147692889674,51.4636760183306],[-0.353633374379312,51.4619055936344],[-0.354464831829402,51.4657873831441],[-0.351216940973442,51.4674266355439],[-0.350309292376378,51.467883575522],[-0.344147692889674,51.4636760183306]]]},"properties":{"LSOA21CD":"E01002653","LSOA21NM":"Hounslow 019A"}},{"type":"Feature","geometry":{"type":"Polygon","coordinates":[[[-0.340045468451294,51.459292048547],[-0.341501354282824,51.4590882677361],[-0.353494486906032,51.4586653254723],[-0.353633374379312,51.4619055936344],[-0.344147692889674,51.4636760183306],[-0.34018506975207,51.4637576423171],[-0.340045468451294,51.459292048547]]]},"properties":{"LSOA21CD":"E01002654","LSOA21NM":"Hounslow 019B"}},{"type":"Feature","geometry":{"type":"Polygon","coordinates":[[[-0.353633374379312,51.4619055936344],[-0.353494486906032,51.4586653254723],[-0.353644477202319,51.4582066237734],[-0.356118587537037,51.4584016759202],[-0.356712455082596,51.4584111192705],[-0.361666664132107,51.4621651863479],[-0.358908143557078,51.4635626261208],[-0.354464831829402,51.4657873831441],[-0.353633374379312,51.4619055936344]]]},"properties":{"LSOA21CD":"E01002655","LSOA21NM":"Hounslow 019C"}},{"type":"Feature","geometry":{"type":"Polygon","coordinates":[[[-0.342659148921437,51.4581102863874],[-0.353644477202319,51.4582066237734],[-0.353494486906032,51.4586653254723],[-0.341501354282824,51.4590882677361],[-0.342659148921437,51.4581102863874]]]},"properties":{"LSOA21CD":"E01002656","LSOA21NM":"Hounslow 019D"}},{"type":"Feature","geometry":{"type":"Polygon","coordinates":[[[-0.356712455082596,51.4584111192705],[-0.36242812728185,51.4576806224043],[-0.368111787663714,51.4571692814875],[-0.369598133109079,51.4569416319212],[-0.368444422594691,51.4580183760158],[-0.362653348351949,51.4616626969223],[-0.361666664132107,51.4621651863479],[-0.356712455082596,51.4584111192705]]]},"properties":{"LSOA21CD":"E01002657","LSOA21NM":"Hounslow 018E"}},{"type":"Feature","geometry":{"type":"Polygon","coordinates":[[[-0.337618482434945,51.4732951134129],[-0.338069509976593,51.4727247080635],[-0.341337820716905,51.4669006476518],[-0.347343611028915,51.4694314936163],[-0.341921198798825,51.4721843697191],[-0.338210394679386,51.4740996616616],[-0.337618482434945,51.4732951134129]]]},"properties":{"LSOA21CD":"E01002658","LSOA21NM":"Hounslow 015D"}},{"type":"Feature","geometry":{"type":"Polygon","coordinates":[[[-0.341337820716905,51.4669006476518],[-0.340214785770506,51.4642672051909],[-0.34018506975207,51.4637576423171],[-0.344147692889674,51.4636760183306],[-0.350309292376378,51.467883575522],[-0.348855043658162,51.4686438551899],[-0.347343611028915,51.4694314936163],[-0.341337820716905,51.4669006476518]]]},"properties":{"LSOA21CD":"E01002659","LSOA21NM":"Hounslow 019E"}},{"type":"Feature","geometry":{"type":"Polygon","coordinates":[[[-0.381083030974123,51.4712118474621],[-0.385919920263347,51.4662217024113],[-0.386474429467092,51.4671566157016],[-0.389000904808464,51.4689633422808],[-0.384921191597095,51.4725251061597],[-0.381083030974123,51.4712118474621]]]},"properties":{"LSOA21CD":"E01002660","LSOA21NM":"Hounslow 016C"}},{"type":"Feature","geometry":{"type":"Polygon","coordinates":[[[-0.387805365263288,51.4734720671506],[-0.384921191597095,51.4725251061597],[-0.389000904808464,51.4689633422808],[-0.393733937049364,51.4675431960595],[-0.39366341758328,51.471543007941],[-0.392825296651617,51.4748570771371],[-0.387805365263288,51.4734720671506]]]},"properties":{"LSOA21CD":"E01002661","LSOA21NM":"Hounslow 016D"}},{"type":"Feature","geometry":{"type":"Polygon","coordinates":[[[-0.373018710128021,51.4715645115903],[-0.367094326253132,51.4712316007694],[-0.366482705075228,51.4690369308132],[-0.366049745749196,51.4679889829615],[-0.36826580986927,51.467415628001],[-0.36885961571546,51.4697436957727],[-0.375238669272489,51.4693269280092],[-0.378702706200047,51.4703696508495],[-0.377365289755245,51.4731895685564],[-0.373018710128021,51.4715645115903]]]},"properties":{"LSOA21CD":"E01002662","LSOA21NM":"Hounslow 017C"}},{"type":"Feature","geometry":{"type":"Polygon","coordinates":[[[-0.378702706200047,51.4703696508495],[-0.375238669272489,51.4693269280092],[-0.375575866963186,51.4691655729515],[-0.380867466724594,51.4655882079609],[-0.385919920263347,51.4662217024113],[-0.381083030974123,51.4712118474621],[-0.378702706200047,51.4703696508495]]]},"properties":{"LSOA21CD":"E01002663","LSOA21NM":"Hounslow 017D"}},{"type":"Feature","geometry":{"type":"Polygon","coordinates":[[[-0.385919920263347,51.4662217024113],[-0.380867466724594,51.4655882079609],[-0.384551487817408,51.4638340650852],[-0.388644941795042,51.4627380638866],[-0.386474429467092,51.4671566157016],[-0.385919920263347,51.4662217024113]]]},"properties":{"LSOA21CD":"E01002665","LSOA21NM":"Hounslow 016E"}},{"type":"Feature","geometry":{"type":"Polygon","coordinates":[[[-0.386474429467092,51.4671566157016],[-0.388644941795042,51.4627380638866],[-0.393090242750963,51.4613074157052],[-0.393733937049364,51.4675431960595],[-0.389000904808464,51.4689633422808],[-0.386474429467092,51.4671566157016]]]},"properties":{"LSOA21CD":"E01002666","LSOA21NM":"Hounslow 021E"}},{"type":"Feature","geometry":{"type":"Polygon","coordinates":[[[-0.319154545249288,51.4714076197518],[-0.320219875927036,51.4688804242641],[-0.321712316644831,51.4654065958495],[-0.321571675855022,51.4653040112448],[-0.324000494292913,51.4649967873905],[-0.32681389069577,51.4658590191913],[-0.326644340323062,51.4675564019282],[-0.32853917655656,51.4694716430434],[-0.324387251382085,51.470056589837],[-0.328452299371375,51.470890831077],[-0.328398229614285,51.471359523875],[-0.323670718260949,51.470886342832],[-0.322162810948158,51.4741823606254],[-0.321991400162938,51.474355451468],[-0.319154545249288,51.4714076197518]]]},"properties":{"LSOA21CD":"E01002667","LSOA21NM":"Hounslow 020A"}},{"type":"Feature","geometry":{"type":"Polygon","coordinates":[[[-0.328452299371375,51.470890831077],[-0.324387251382085,51.470056589837],[-0.32853917655656,51.4694716430434],[-0.326644340323062,51.4675564019282],[-0.333598723901566,51.4658158453405],[-0.338069509976593,51.4727247080635],[-0.337618482434945,51.4732951134129],[-0.328452299371375,51.470890831077]]]},"properties":{"LSOA21CD":"E01002668","LSOA21NM":"Hounslow 014A"}},{"type":"Feature","geometry":{"type":"Polygon","coordinates":[[[-0.333598723901566,51.4658158453405],[-0.340214785770506,51.4642672051909],[-0.341337820716905,51.4669006476518],[-0.338069509976593,51.4727247080635],[-0.333598723901566,51.4658158453405]]]},"properties":{"LSOA21CD":"E01002669","LSOA21NM":"Hounslow 014B"}},{"type":"Feature","geometry":{"type":"Polygon","coordinates":[[[-0.32681389069577,51.4658590191913],[-0.332019005931368,51.4605106977437],[-0.333466311786906,51.4602974740235],[-0.336328842937396,51.4599604560519],[-0.340045468451294,51.459292048547],[-0.34018506975207,51.4637576423171],[-0.340214785770506,51.4642672051909],[-0.333598723901566,51.4658158453405],[-0.326644340323062,51.4675564019282],[-0.32681389069577,51.4658590191913]]]},"properties":{"LSOA21CD":"E01002670","LSOA21NM":"Hounslow 020B"}},{"type":"Feature","geometry":{"type":"Polygon","coordinates":[[[-0.324000494292913,51.4649967873905],[-0.326262306099332,51.4598234938295],[-0.326888430531265,51.457041640982],[-0.329764656078378,51.4579682469729],[-0.332019005931368,51.4605106977437],[-0.32681389069577,51.4658590191913],[-0.324000494292913,51.4649967873905]]]},"properties":{"LSOA21CD":"E01002671","LSOA21NM":"Hounslow 020C"}},{"type":"Feature","geometry":{"type":"Polygon","coordinates":[[[-0.329764656078378,51.4579682469729],[-0.332603955758941,51.4557002494085],[-0.337400464766284,51.4547477038153],[-0.340045468451294,51.459292048547],[-0.336328842937396,51.4599604560519],[-0.334232214944416,51.4574487545282],[-0.333466311786906,51.4602974740235],[-0.332019005931368,51.4605106977437],[-0.329764656078378,51.4579682469729]]]},"properties":{"LSOA21CD":"E01002672","LSOA21NM":"Hounslow 020D"}},{"type":"Feature","geometry":{"type":"Polygon","coordinates":[[[-0.336328842937396,51.4599604560519],[-0.333466311786906,51.4602974740235],[-0.334232214944416,51.4574487545282],[-0.336328842937396,51.4599604560519]]]},"properties":{"LSOA21CD":"E01002673","LSOA21NM":"Hounslow 020E"}},{"type":"Feature","geometry":{"type":"Polygon","coordinates":[[[-0.345051140023964,51.477243130289],[-0.349607197060653,51.4761244192267],[-0.350195795992287,51.4761118749634],[-0.353427052257941,51.4761283605093],[-0.352838754940886,51.4805276771795],[-0.347835202640878,51.4815656965262],[-0.344022397216921,51.4805323296801],[-0.345051140023964,51.477243130289]]]},"properties":{"LSOA21CD":"E01002674","LSOA21NM":"Hounslow 012D"}},{"type":"Feature","geometry":{"type":"Polygon","coordinates":[[[-0.329895935975158,51.4788595917978],[-0.331700631624712,51.4778239343415],[-0.334128050394441,51.476435762897],[-0.338256390865161,51.4766508969054],[-0.341094182951436,51.481573232129],[-0.336865058424308,51.48283602965],[-0.329895935975158,51.4788595917978]]]},"properties":{"LSOA21CD":"E01002675","LSOA21NM":"Hounslow 009A"}},{"type":"Feature","geometry":{"type":"Polygon","coordinates":[[[-0.343160930193639,51.4851486299059],[-0.348807738042541,51.4838682764984],[-0.347835202640878,51.4815656965262],[-0.352838754940886,51.4805276771795],[-0.362229236983776,51.4796499543877],[-0.360746365492161,51.4815137581324],[-0.366487758351639,51.4815126794571],[-0.367949607650802,51.4850722860255],[-0.366845072006515,51.4875262120604],[-0.343160930193639,51.4851486299059]]]},"properties":{"LSOA21CD":"E01002676","LSOA21NM":"Hounslow 012E"}},{"type":"Feature","geometry":{"type":"Polygon","coordinates":[[[-0.338256390865161,51.4766508969054],[-0.334128050394441,51.476435762897],[-0.336977760943546,51.474807194846],[-0.338210394679386,51.4740996616616],[-0.341921198798825,51.4721843697191],[-0.349607197060653,51.4761244192267],[-0.345051140023964,51.477243130289],[-0.342454349660091,51.4748830174037],[-0.338256390865161,51.4766508969054]]]},"properties":{"LSOA21CD":"E01002677","LSOA21NM":"Hounslow 015E"}},{"type":"Feature","geometry":{"type":"Polygon","coordinates":[[[-0.335450680914507,51.4962128102972],[-0.331114193859504,51.4955144852399],[-0.321632659757459,51.4906769319389],[-0.320550897739799,51.4872853264551],[-0.324801129789765,51.4870167904225],[-0.327127014351921,51.4809747032184],[-0.331725619456566,51.4837469375175],[-0.336865058424308,51.48283602965],[-0.341094182951436,51.481573232129],[-0.343160930193639,51.4851486299059],[-0.366845072006515,51.4875262120604],[-0.366081111079152,51.4892548182954],[-0.366994810347835,51.4927643027532],[-0.357871659963904,51.4978075977176],[-0.356380426929124,51.4979669652626],[-0.335450680914507,51.4962128102972]]]},"properties":{"LSOA21CD":"E01002678","LSOA21NM":"Hounslow 009B"}},{"type":"Feature","geometry":{"type":"Polygon","coordinates":[[[-0.317023055939004,51.4868201026706],[-0.314376782967599,51.4860294166057],[-0.31543266055143,51.4856693559894],[-0.324507113291607,51.4819466315774],[-0.329895935975158,51.4788595917978],[-0.336865058424308,51.48283602965],[-0.331725619456566,51.4837469375175],[-0.327127014351921,51.4809747032184],[-0.324801129789765,51.4870167904225],[-0.320550897739799,51.4872853264551],[-0.317023055939004,51.4868201026706]]]},"properties":{"LSOA21CD":"E01002679","LSOA21NM":"Hounslow 009C"}},{"type":"Feature","geometry":{"type":"Polygon","coordinates":[[[-0.341094182951436,51.481573232129],[-0.338256390865161,51.4766508969054],[-0.342454349660091,51.4748830174037],[-0.345051140023964,51.477243130289],[-0.344022397216921,51.4805323296801],[-0.347835202640878,51.4815656965262],[-0.348807738042541,51.4838682764984],[-0.343160930193639,51.4851486299059],[-0.341094182951436,51.481573232129]]]},"properties":{"LSOA21CD":"E01002680","LSOA21NM":"Hounslow 009D"}},{"type":"Feature","geometry":{"type":"Polygon","coordinates":[[[-0.322162810948158,51.4741823606254],[-0.323670718260949,51.470886342832],[-0.328398229614285,51.471359523875],[-0.330666383738385,51.4734175267715],[-0.331879574086449,51.4761180157673],[-0.329654374827749,51.4779174706867],[-0.322162810948158,51.4741823606254]]]},"properties":{"LSOA21CD":"E01002681","LSOA21NM":"Hounslow 014C"}},{"type":"Feature","geometry":{"type":"Polygon","coordinates":[[[-0.321991400162938,51.474355451468],[-0.322162810948158,51.4741823606254],[-0.329654374827749,51.4779174706867],[-0.331879574086449,51.4761180157673],[-0.331700631624712,51.4778239343415],[-0.329895935975158,51.4788595917978],[-0.324507113291607,51.4819466315774],[-0.320390686769369,51.4824755760849],[-0.318682435909659,51.4794535624993],[-0.321991400162938,51.474355451468]]]},"properties":{"LSOA21CD":"E01002682","LSOA21NM":"Hounslow 014D"}},{"type":"Feature","geometry":{"type":"Polygon","coordinates":[[[-0.31295140066711,51.4808270928376],[-0.303814844805249,51.4797943867256],[-0.304398983515156,51.4791365693211],[-0.30545739544612,51.4779446024487],[-0.308703522547668,51.475571856442],[-0.319122499201497,51.4714836348411],[-0.319154545249288,51.4714076197518],[-0.321991400162938,51.474355451468],[-0.318682435909659,51.4794535624993],[-0.320390686769369,51.4824755760849],[-0.324507113291607,51.4819466315774],[-0.31543266055143,51.4856693559894],[-0.31295140066711,51.4808270928376]]]},"properties":{"LSOA21CD":"E01002686","LSOA21NM":"Hounslow 006E"}},{"type":"Feature","geometry":{"type":"Polygon","coordinates":[[[-0.266536789925187,51.4885714206355],[-0.26716053918655,51.48761518023],[-0.270218066735079,51.488050114435],[-0.274040669199057,51.4885450166132],[-0.275636635262481,51.4889087055975],[-0.269051428169186,51.4929160357853],[-0.266536789925187,51.4885714206355]]]},"properties":{"LSOA21CD":"E01002687","LSOA21NM":"Hounslow 029A"}},{"type":"Feature","geometry":{"type":"Polygon","coordinates":[[[-0.255545176723308,51.4911610399654],[-0.252724258750201,51.48722248384],[-0.258617902670346,51.4876025515377],[-0.25880873196858,51.4896025851271],[-0.255736647507772,51.4915043870546],[-0.255545176723308,51.4911610399654]]]},"properties":{"LSOA21CD":"E01002689","LSOA21NM":"Hounslow 007E"}},{"type":"Feature","geometry":{"type":"Polygon","coordinates":[[[-0.25880873196858,51.4896025851271],[-0.258617902670346,51.4876025515377],[-0.258724686839129,51.4876021994384],[-0.26716053918655,51.48761518023],[-0.266536789925187,51.4885714206355],[-0.263087706723794,51.4910491589501],[-0.25880873196858,51.4896025851271]]]},"properties":{"LSOA21CD":"E01002690","LSOA21NM":"Hounslow 007F"}},{"type":"Feature","geometry":{"type":"Polygon","coordinates":[[[-0.274238106809266,51.497285876428],[-0.2721446844302,51.4954257933348],[-0.273932202643887,51.4925618975489],[-0.279033607526337,51.4961968136421],[-0.283237513781016,51.4936901639583],[-0.285094187459024,51.5009140938374],[-0.280708374514008,51.5027955429933],[-0.274238106809266,51.497285876428]]]},"properties":{"LSOA21CD":"E01002691","LSOA21NM":"Hounslow 029B"}},{"type":"Feature","geometry":{"type":"Polygon","coordinates":[[[-0.2721446844302,51.4954257933348],[-0.269934797093113,51.494163206582],[-0.269051428169186,51.4929160357853],[-0.275636635262481,51.4889087055975],[-0.276766616889822,51.4892580165432],[-0.280213764626924,51.4905825779407],[-0.282102045974254,51.4914423984511],[-0.285721064087424,51.4927277949467],[-0.283237513781016,51.4936901639583],[-0.279033607526337,51.4961968136421],[-0.273932202643887,51.4925618975489],[-0.2721446844302,51.4954257933348]]]},"properties":{"LSOA21CD":"E01002692","LSOA21NM":"Hounslow 029C"}},{"type":"Feature","geometry":{"type":"Polygon","coordinates":[[[-0.25529734558116,51.4949077166458],[-0.255736647507772,51.4915043870546],[-0.25880873196858,51.4896025851271],[-0.263087706723794,51.4910491589501],[-0.263903992466065,51.4943550289628],[-0.255413109506458,51.4949142554739],[-0.25529734558116,51.4949077166458]]]},"properties":{"LSOA21CD":"E01002693","LSOA21NM":"Hounslow 029D"}},{"type":"Feature","geometry":{"type":"Polygon","coordinates":[[[-0.188619048826529,51.49634796854],[-0.189902637081374,51.4947412156505],[-0.191102997120844,51.4947597954883],[-0.193104786094388,51.4947416388125],[-0.193732175485783,51.4958068979366],[-0.191075983476177,51.4981437297466],[-0.188619048826529,51.49634796854]]]},"properties":{"LSOA21CD":"E01002812","LSOA21NM":"Kensington and Chelsea 013A"}},{"type":"Feature","geometry":{"type":"Polygon","coordinates":[[[-0.191316070997654,51.4984209982386],[-0.191075983476177,51.4981437297466],[-0.193732175485783,51.4958068979366],[-0.19710026649529,51.4956777520334],[-0.195240888119762,51.4986171561878],[-0.191316070997654,51.4984209982386]]]},"properties":{"LSOA21CD":"E01002813","LSOA21NM":"Kensington and Chelsea 011A"}},{"type":"Feature","geometry":{"type":"Polygon","coordinates":[[[-0.200440463338172,51.4945485833331],[-0.196963966877826,51.4940144168737],[-0.199242584714246,51.4932043013643],[-0.20185578131268,51.4918772328632],[-0.205780229750553,51.4951872803905],[-0.207364617274032,51.4961481568102],[-0.20423679235103,51.4972302698085],[-0.202603790169979,51.4978238110677],[-0.200440463338172,51.4945485833331]]]},"properties":{"LSOA21CD":"E01002814","LSOA21NM":"Kensington and Chelsea 015A"}},{"type":"Feature","geometry":{"type":"Polygon","coordinates":[[[-0.193104786094388,51.4947416388125],[-0.194400592974625,51.4947151883906],[-0.196963966877826,51.4940144168737],[-0.200440463338172,51.4945485833331],[-0.19710026649529,51.4956777520334],[-0.193732175485783,51.4958068979366],[-0.193104786094388,51.4947416388125]]]},"properties":{"LSOA21CD":"E01002815","LSOA21NM":"Kensington and Chelsea 011B"}},{"type":"Feature","geometry":{"type":"Polygon","coordinates":[[[-0.191789789709365,51.498972592445],[-0.191316070997654,51.4984209982386],[-0.195240888119762,51.4986171561878],[-0.196068444088765,51.4999778669165],[-0.194381010913023,51.5005727692581],[-0.193460012549835,51.5009136769531],[-0.191789789709365,51.498972592445]]]},"properties":{"LSOA21CD":"E01002816","LSOA21NM":"Kensington and Chelsea 011C"}},{"type":"Feature","geometry":{"type":"Polygon","coordinates":[[[-0.195240888119762,51.4986171561878],[-0.19710026649529,51.4956777520334],[-0.200440463338172,51.4945485833331],[-0.202603790169979,51.4978238110677],[-0.201213469699109,51.4983471412152],[-0.196068444088765,51.4999778669165],[-0.195240888119762,51.4986171561878]]]},"properties":{"LSOA21CD":"E01002817","LSOA21NM":"Kensington and Chelsea 011D"}},{"type":"Feature","geometry":{"type":"Polygon","coordinates":[[[-0.15602391432079,51.4975129718497],[-0.163423276876737,51.4962695420418],[-0.164154074615978,51.4965522410693],[-0.162918008698546,51.5000845506895],[-0.158466635589021,51.5022488256069],[-0.15602391432079,51.4975129718497]]]},"properties":{"LSOA21CD":"E01002818","LSOA21NM":"Kensington and Chelsea 012A"}},{"type":"Feature","geometry":{"type":"Polygon","coordinates":[[[-0.164154074615978,51.4965522410693],[-0.165907249167708,51.4954478456717],[-0.173878019255657,51.4971113881298],[-0.174093731032741,51.4981814046768],[-0.162918008698546,51.5000845506895],[-0.164154074615978,51.4965522410693]]]},"properties":{"LSOA21CD":"E01002819","LSOA21NM":"Kensington and Chelsea 012B"}},{"type":"Feature","geometry":{"type":"Polygon","coordinates":[[[-0.165907249167708,51.4954478456717],[-0.16896932995347,51.4935369937343],[-0.169316700407789,51.4932535836873],[-0.173350487275207,51.494515743592],[-0.171657830879582,51.4924640618099],[-0.17620558118633,51.4938260490146],[-0.173878019255657,51.4971113881298],[-0.165907249167708,51.4954478456717]]]},"properties":{"LSOA21CD":"E01002821","LSOA21NM":"Kensington and Chelsea 014A"}},{"type":"Feature","geometry":{"type":"Polygon","coordinates":[[[-0.169316700407789,51.4932535836873],[-0.169753640772325,51.4903393647076],[-0.171737242468973,51.4918292028686],[-0.171657830879582,51.4924640618099],[-0.173350487275207,51.494515743592],[-0.169316700407789,51.4932535836873]]]},"properties":{"LSOA21CD":"E01002823","LSOA21NM":"Kensington and Chelsea 014B"}},{"type":"Feature","geometry":{"type":"Polygon","coordinates":[[[-0.186274270655267,51.5064354977198],[-0.194366614376123,51.5031283928517],[-0.194341192083124,51.5060904431834],[-0.187018054815931,51.5081358631005],[-0.186274270655267,51.5064354977198]]]},"properties":{"LSOA21CD":"E01002824","LSOA21NM":"Kensington and Chelsea 008A"}},{"type":"Feature","geometry":{"type":"Polygon","coordinates":[[[-0.194341192083124,51.5060904431834],[-0.194366614376123,51.5031283928517],[-0.192668563901489,51.5012278548159],[-0.193460012549835,51.5009136769531],[-0.194381010913023,51.5005727692581],[-0.200804145700944,51.5025120582273],[-0.201726418533819,51.5039195337269],[-0.202791565861939,51.5057503539995],[-0.198483300446872,51.5064432929509],[-0.194341192083124,51.5060904431834]]]},"properties":{"LSOA21CD":"E01002825","LSOA21NM":"Kensington and Chelsea 008B"}},{"type":"Feature","geometry":{"type":"Polygon","coordinates":[[[-0.184237325199392,51.5017942277849],[-0.185049594304749,51.5019525474597],[-0.192668563901489,51.5012278548159],[-0.194366614376123,51.5031283928517],[-0.186274270655267,51.5064354977198],[-0.184237325199392,51.5017942277849]]]},"properties":{"LSOA21CD":"E01002826","LSOA21NM":"Kensington and Chelsea 008C"}},{"type":"Feature","geometry":{"type":"Polygon","coordinates":[[[-0.187018054815931,51.5081358631005],[-0.194341192083124,51.5060904431834],[-0.198483300446872,51.5064432929509],[-0.197760189861207,51.5088237577845],[-0.19751173584132,51.5088584502205],[-0.194081228791092,51.5094789719713],[-0.192120423459765,51.5098696006685],[-0.190210975123241,51.5100535115349],[-0.187910510284774,51.5101804565644],[-0.187018054815931,51.5081358631005]]]},"properties":{"LSOA21CD":"E01002827","LSOA21NM":"Kensington and Chelsea 008D"}},{"type":"Feature","geometry":{"type":"Polygon","coordinates":[[[-0.198483300446872,51.5064432929509],[-0.202791565861939,51.5057503539995],[-0.203737741543042,51.5076827499611],[-0.203063324759027,51.5078667204976],[-0.197760189861207,51.5088237577845],[-0.198483300446872,51.5064432929509]]]},"properties":{"LSOA21CD":"E01002828","LSOA21NM":"Kensington and Chelsea 008E"}},{"type":"Feature","geometry":{"type":"Polygon","coordinates":[[[-0.199921977877782,51.5168497241016],[-0.199610541158303,51.515932900023],[-0.202110236013158,51.5164855362905],[-0.202595454363339,51.5191032355935],[-0.199921977877782,51.5168497241016]]]},"properties":{"LSOA21CD":"E01002829","LSOA21NM":"Kensington and Chelsea 004A"}},{"type":"Feature","geometry":{"type":"Polygon","coordinates":[[[-0.203015373272766,51.519558850696],[-0.202595454363339,51.5191032355935],[-0.202110236013158,51.5164855362905],[-0.203948391105447,51.5161016112405],[-0.205141883138617,51.5165368544693],[-0.207078097236056,51.5184533580713],[-0.205969897709232,51.5191755385113],[-0.204403551011159,51.5203487683621],[-0.203652204834396,51.5205853663641],[-0.203015373272766,51.519558850696]]]},"properties":{"LSOA21CD":"E01002830","LSOA21NM":"Kensington and Chelsea 004B"}},{"type":"Feature","geometry":{"type":"Polygon","coordinates":[[[-0.205141883138617,51.5165368544693],[-0.207686117138611,51.5142516142171],[-0.208981501281096,51.5160345992917],[-0.212582817639006,51.5160235956813],[-0.210038056464403,51.5175097792975],[-0.207078097236056,51.5184533580713],[-0.205141883138617,51.5165368544693]]]},"properties":{"LSOA21CD":"E01002831","LSOA21NM":"Kensington and Chelsea 004C"}},{"type":"Feature","geometry":{"type":"Polygon","coordinates":[[[-0.199610541158303,51.515932900023],[-0.199185938789839,51.5145529857598],[-0.20142720774564,51.5140186631619],[-0.204140444262127,51.5132091949867],[-0.203948391105447,51.5161016112405],[-0.202110236013158,51.5164855362905],[-0.199610541158303,51.515932900023]]]},"properties":{"LSOA21CD":"E01002832","LSOA21NM":"Kensington and Chelsea 004D"}},{"type":"Feature","geometry":{"type":"Polygon","coordinates":[[[-0.203948391105447,51.5161016112405],[-0.204140444262127,51.5132091949867],[-0.206465980750787,51.5125551530387],[-0.206755658113713,51.5129513818269],[-0.207686117138611,51.5142516142171],[-0.205141883138617,51.5165368544693],[-0.203948391105447,51.5161016112405]]]},"properties":{"LSOA21CD":"E01002833","LSOA21NM":"Kensington and Chelsea 007A"}},{"type":"Feature","geometry":{"type":"Polygon","coordinates":[[[-0.187286627409671,51.4922755127849],[-0.186632064981907,51.4913092638806],[-0.190683994665834,51.4909625130618],[-0.19117472966117,51.4908112582412],[-0.190405265211319,51.4926262902705],[-0.189742471254053,51.4929313162251],[-0.187286627409671,51.4922755127849]]]},"properties":{"LSOA21CD":"E01002834","LSOA21NM":"Kensington and Chelsea 013B"}},{"type":"Feature","geometry":{"type":"Polygon","coordinates":[[[-0.180078913694768,51.4912803827576],[-0.18181207952045,51.4916476273109],[-0.183908043170687,51.4930763332628],[-0.185941786828668,51.4948415031424],[-0.183783878516209,51.494994857364],[-0.180207056885489,51.4952570531252],[-0.179038837379613,51.4953447874776],[-0.180078913694768,51.4912803827576]]]},"properties":{"LSOA21CD":"E01002835","LSOA21NM":"Kensington and Chelsea 016C"}},{"type":"Feature","geometry":{"type":"Polygon","coordinates":[[[-0.18181207952045,51.4916476273109],[-0.183055238520527,51.4907239037561],[-0.186632064981907,51.4913092638806],[-0.187286627409671,51.4922755127849],[-0.183908043170687,51.4930763332628],[-0.18181207952045,51.4916476273109]]]},"properties":{"LSOA21CD":"E01002836","LSOA21NM":"Kensington and Chelsea 016D"}},{"type":"Feature","geometry":{"type":"Polygon","coordinates":[[[-0.180078913694768,51.4912803827576],[-0.17919459828345,51.490167673512],[-0.182090895056906,51.4896473339862],[-0.183055238520527,51.4907239037561],[-0.18181207952045,51.4916476273109],[-0.180078913694768,51.4912803827576]]]},"properties":{"LSOA21CD":"E01002837","LSOA21NM":"Kensington and Chelsea 016E"}},{"type":"Feature","geometry":{"type":"Polygon","coordinates":[[[-0.183908043170687,51.4930763332628],[-0.187286627409671,51.4922755127849],[-0.189742471254053,51.4929313162251],[-0.191102997120844,51.4947597954883],[-0.189902637081374,51.4947412156505],[-0.185941786828668,51.4948415031424],[-0.183908043170687,51.4930763332628]]]},"properties":{"LSOA21CD":"E01002839","LSOA21NM":"Kensington and Chelsea 013C"}},{"type":"Feature","geometry":{"type":"Polygon","coordinates":[[[-0.171573774142711,51.4825714098544],[-0.170952174457257,51.4816719320447],[-0.171245834995137,51.481578583951],[-0.172187067701893,51.4810453665199],[-0.17775333780025,51.4793161041971],[-0.178488428852803,51.4802827090135],[-0.179162119439595,51.4809533702789],[-0.180355982287499,51.4819609807225],[-0.179436064668757,51.4822985032497],[-0.176936417773026,51.4834717748393],[-0.171573774142711,51.4825714098544]]]},"properties":{"LSOA21CD":"E01002840","LSOA21NM":"Kensington and Chelsea 021A"}},{"type":"Feature","geometry":{"type":"Polygon","coordinates":[[[-0.178488428852803,51.4802827090135],[-0.17775333780025,51.4793161041971],[-0.181663969506671,51.478100958132],[-0.182356966451237,51.4778856028845],[-0.184582830265871,51.4780465687326],[-0.180983096773164,51.4810805389077],[-0.178488428852803,51.4802827090135]]]},"properties":{"LSOA21CD":"E01002841","LSOA21NM":"Kensington and Chelsea 021B"}},{"type":"Feature","geometry":{"type":"Polygon","coordinates":[[[-0.179162119439595,51.4809533702789],[-0.178488428852803,51.4802827090135],[-0.180983096773164,51.4810805389077],[-0.179162119439595,51.4809533702789]]]},"properties":{"LSOA21CD":"E01002842","LSOA21NM":"Kensington and Chelsea 021C"}},{"type":"Feature","geometry":{"type":"Polygon","coordinates":[[[-0.179162119439595,51.4809533702789],[-0.180983096773164,51.4810805389077],[-0.184582830265871,51.4780465687326],[-0.185353403362598,51.4786047413782],[-0.186526581031205,51.4798718600447],[-0.180355982287499,51.4819609807225],[-0.179162119439595,51.4809533702789]]]},"properties":{"LSOA21CD":"E01002843","LSOA21NM":"Kensington and Chelsea 021D"}},{"type":"Feature","geometry":{"type":"Polygon","coordinates":[[[-0.169398540816048,51.486224624695],[-0.166955557884731,51.4826702659444],[-0.169223380949898,51.4819659271368],[-0.170952174457257,51.4816719320447],[-0.171573774142711,51.4825714098544],[-0.174176772774312,51.4852938572789],[-0.17305672403115,51.4858048254504],[-0.170776686470004,51.4867166337821],[-0.170109432379562,51.4869561217563],[-0.169398540816048,51.486224624695]]]},"properties":{"LSOA21CD":"E01002844","LSOA21NM":"Kensington and Chelsea 019A"}},{"type":"Feature","geometry":{"type":"Polygon","coordinates":[[[-0.171573774142711,51.4825714098544],[-0.176936417773026,51.4834717748393],[-0.174176772774312,51.4852938572789],[-0.171573774142711,51.4825714098544]]]},"properties":{"LSOA21CD":"E01002845","LSOA21NM":"Kensington and Chelsea 019B"}},{"type":"Feature","geometry":{"type":"Polygon","coordinates":[[[-0.192818957261348,51.4885395734172],[-0.195963898868721,51.4873726837733],[-0.196426558798471,51.4872056590582],[-0.198976764554572,51.4888371335624],[-0.199690383078525,51.4894084843681],[-0.198907848780689,51.4900229144645],[-0.193710060029817,51.4904372743844],[-0.192818957261348,51.4885395734172]]]},"properties":{"LSOA21CD":"E01002846","LSOA21NM":"Kensington and Chelsea 017A"}},{"type":"Feature","geometry":{"type":"Polygon","coordinates":[[[-0.1938971672732,51.4917683060015],[-0.192826042250495,51.4919660107901],[-0.193710060029817,51.4904372743844],[-0.198907848780689,51.4900229144645],[-0.197743950726813,51.4925783955474],[-0.1938971672732,51.4917683060015]]]},"properties":{"LSOA21CD":"E01002847","LSOA21NM":"Kensington and Chelsea 015B"}},{"type":"Feature","geometry":{"type":"Polygon","coordinates":[[[-0.197743950726813,51.4925783955474],[-0.198907848780689,51.4900229144645],[-0.199690383078525,51.4894084843681],[-0.202384134558699,51.4916868090374],[-0.20185578131268,51.4918772328632],[-0.199242584714246,51.4932043013643],[-0.197743950726813,51.4925783955474]]]},"properties":{"LSOA21CD":"E01002848","LSOA21NM":"Kensington and Chelsea 015C"}},{"type":"Feature","geometry":{"type":"Polygon","coordinates":[[[-0.19117472966117,51.4908112582412],[-0.192818957261348,51.4885395734172],[-0.193710060029817,51.4904372743844],[-0.192826042250495,51.4919660107901],[-0.190405265211319,51.4926262902705],[-0.19117472966117,51.4908112582412]]]},"properties":{"LSOA21CD":"E01002849","LSOA21NM":"Kensington and Chelsea 017B"}},{"type":"Feature","geometry":{"type":"Polygon","coordinates":[[[-0.189742471254053,51.4929313162251],[-0.190405265211319,51.4926262902705],[-0.192826042250495,51.4919660107901],[-0.1938971672732,51.4917683060015],[-0.194400592974625,51.4947151883906],[-0.193104786094388,51.4947416388125],[-0.191102997120844,51.4947597954883],[-0.189742471254053,51.4929313162251]]]},"properties":{"LSOA21CD":"E01002850","LSOA21NM":"Kensington and Chelsea 013D"}},{"type":"Feature","geometry":{"type":"Polygon","coordinates":[[[-0.1938971672732,51.4917683060015],[-0.197743950726813,51.4925783955474],[-0.199242584714246,51.4932043013643],[-0.196963966877826,51.4940144168737],[-0.194400592974625,51.4947151883906],[-0.1938971672732,51.4917683060015]]]},"properties":{"LSOA21CD":"E01002851","LSOA21NM":"Kensington and Chelsea 015D"}},{"type":"Feature","geometry":{"type":"Polygon","coordinates":[[[-0.210855867252284,51.5238747392946],[-0.21344163606701,51.5233617077985],[-0.214080361032668,51.5245261348909],[-0.219743361696846,51.5253335043434],[-0.227351174235559,51.5258414312515],[-0.228478960648915,51.5303548141513],[-0.223635561767074,51.5299549313653],[-0.219801063834422,51.5289921039408],[-0.216005754277179,51.5279299651202],[-0.212132956825638,51.5268602533395],[-0.207283707101034,51.5262697794654],[-0.210855867252284,51.5238747392946]]]},"properties":{"LSOA21CD":"E01002852","LSOA21NM":"Kensington and Chelsea 001A"}},{"type":"Feature","geometry":{"type":"Polygon","coordinates":[[[-0.208471208139756,51.5232883753346],[-0.208296165446478,51.5224528957476],[-0.210495604703979,51.5214799001434],[-0.212420407387911,51.5215850606508],[-0.21344163606701,51.5233617077985],[-0.210855867252284,51.5238747392946],[-0.208471208139756,51.5232883753346]]]},"properties":{"LSOA21CD":"E01002853","LSOA21NM":"Kensington and Chelsea 001B"}},{"type":"Feature","geometry":{"type":"Polygon","coordinates":[[[-0.201560068721357,51.5227453382833],[-0.201126483849408,51.5215533221833],[-0.200692362700246,51.5210173575246],[-0.203652204834396,51.5205853663641],[-0.204403551011159,51.5203487683621],[-0.208296165446478,51.5224528957476],[-0.208471208139756,51.5232883753346],[-0.205202134575553,51.5250473062587],[-0.201560068721357,51.5227453382833]]]},"properties":{"LSOA21CD":"E01002854","LSOA21NM":"Kensington and Chelsea 001C"}},{"type":"Feature","geometry":{"type":"Polygon","coordinates":[[[-0.204403551011159,51.5203487683621],[-0.205969897709232,51.5191755385113],[-0.210495604703979,51.5214799001434],[-0.208296165446478,51.5224528957476],[-0.204403551011159,51.5203487683621]]]},"properties":{"LSOA21CD":"E01002855","LSOA21NM":"Kensington and Chelsea 001D"}},{"type":"Feature","geometry":{"type":"Polygon","coordinates":[[[-0.210495604703979,51.5214799001434],[-0.205969897709232,51.5191755385113],[-0.207078097236056,51.5184533580713],[-0.210038056464403,51.5175097792975],[-0.210874441264648,51.5188978251987],[-0.211866480950681,51.5206255782938],[-0.212420407387911,51.5215850606508],[-0.210495604703979,51.5214799001434]]]},"properties":{"LSOA21CD":"E01002856","LSOA21NM":"Kensington and Chelsea 004E"}},{"type":"Feature","geometry":{"type":"Polygon","coordinates":[[[-0.205202134575553,51.5250473062587],[-0.208471208139756,51.5232883753346],[-0.210855867252284,51.5238747392946],[-0.207283707101034,51.5262697794654],[-0.205202134575553,51.5250473062587]]]},"properties":{"LSOA21CD":"E01002857","LSOA21NM":"Kensington and Chelsea 001E"}},{"type":"Feature","geometry":{"type":"Polygon","coordinates":[[[-0.164197871257274,51.4925995299054],[-0.166190788572339,51.4914110765866],[-0.168384368483242,51.4933125665513],[-0.164197871257274,51.4925995299054]]]},"properties":{"LSOA21CD":"E01002858","LSOA21NM":"Kensington and Chelsea 014C"}},{"type":"Feature","geometry":{"type":"Polygon","coordinates":[[[-0.155806101188,51.4947411735989],[-0.155965732949078,51.4932015872115],[-0.160895852024477,51.4910203985448],[-0.161880899699855,51.4926943794819],[-0.161837670667664,51.4948639734883],[-0.155806101188,51.4947411735989]]]},"properties":{"LSOA21CD":"E01002859","LSOA21NM":"Kensington and Chelsea 012C"}},{"type":"Feature","geometry":{"type":"Polygon","coordinates":[[[-0.163423276876737,51.4962695420418],[-0.161837670667664,51.4948639734883],[-0.161880899699855,51.4926943794819],[-0.164197871257274,51.4925995299054],[-0.168384368483242,51.4933125665513],[-0.16896932995347,51.4935369937343],[-0.165907249167708,51.4954478456717],[-0.164154074615978,51.4965522410693],[-0.163423276876737,51.4962695420418]]]},"properties":{"LSOA21CD":"E01002860","LSOA21NM":"Kensington and Chelsea 012D"}},{"type":"Feature","geometry":{"type":"Polygon","coordinates":[[[-0.160895852024477,51.4910203985448],[-0.162366858217565,51.4902069541681],[-0.165005481097655,51.489000035303],[-0.166762541114761,51.4905627803401],[-0.166190788572339,51.4914110765866],[-0.164197871257274,51.4925995299054],[-0.161880899699855,51.4926943794819],[-0.160895852024477,51.4910203985448]]]},"properties":{"LSOA21CD":"E01002861","LSOA21NM":"Kensington and Chelsea 014D"}},{"type":"Feature","geometry":{"type":"Polygon","coordinates":[[[-0.168384368483242,51.4933125665513],[-0.166190788572339,51.4914110765866],[-0.166762541114761,51.4905627803401],[-0.169753640772325,51.4903393647076],[-0.169316700407789,51.4932535836873],[-0.16896932995347,51.4935369937343],[-0.168384368483242,51.4933125665513]]]},"properties":{"LSOA21CD":"E01002862","LSOA21NM":"Kensington and Chelsea 014E"}},{"type":"Feature","geometry":{"type":"Polygon","coordinates":[[[-0.155681089354909,51.4957670704508],[-0.155806101188,51.4947411735989],[-0.161837670667664,51.4948639734883],[-0.163423276876737,51.4962695420418],[-0.15602391432079,51.4975129718497],[-0.155681089354909,51.4957670704508]]]},"properties":{"LSOA21CD":"E01002863","LSOA21NM":"Kensington and Chelsea 012E"}},{"type":"Feature","geometry":{"type":"Polygon","coordinates":[[[-0.200804145700944,51.5025120582273],[-0.201213469699109,51.4983471412152],[-0.202603790169979,51.4978238110677],[-0.20423679235103,51.4972302698085],[-0.209913885088158,51.4995872824159],[-0.208132807505514,51.5006155976536],[-0.20754880619348,51.5033526865323],[-0.201726418533819,51.5039195337269],[-0.200804145700944,51.5025120582273]]]},"properties":{"LSOA21CD":"E01002864","LSOA21NM":"Kensington and Chelsea 009A"}},{"type":"Feature","geometry":{"type":"Polygon","coordinates":[[[-0.194381010913023,51.5005727692581],[-0.196068444088765,51.4999778669165],[-0.201213469699109,51.4983471412152],[-0.200804145700944,51.5025120582273],[-0.194381010913023,51.5005727692581]]]},"properties":{"LSOA21CD":"E01002865","LSOA21NM":"Kensington and Chelsea 011E"}},{"type":"Feature","geometry":{"type":"Polygon","coordinates":[[[-0.208132807505514,51.5006155976536],[-0.209913885088158,51.4995872824159],[-0.211911189550503,51.499114331309],[-0.214066211444659,51.5006836834822],[-0.215234884089952,51.5024120701644],[-0.210780390671604,51.5042316605533],[-0.208132807505514,51.5006155976536]]]},"properties":{"LSOA21CD":"E01002866","LSOA21NM":"Kensington and Chelsea 009B"}},{"type":"Feature","geometry":{"type":"Polygon","coordinates":[[[-0.20423679235103,51.4972302698085],[-0.207364617274032,51.4961481568102],[-0.209899255078825,51.4977792496264],[-0.211911189550503,51.499114331309],[-0.209913885088158,51.4995872824159],[-0.20423679235103,51.4972302698085]]]},"properties":{"LSOA21CD":"E01002867","LSOA21NM":"Kensington and Chelsea 009C"}},{"type":"Feature","geometry":{"type":"Polygon","coordinates":[[[-0.202791565861939,51.5057503539995],[-0.201726418533819,51.5039195337269],[-0.20754880619348,51.5033526865323],[-0.208132807505514,51.5006155976536],[-0.210780390671604,51.5042316605533],[-0.209624336506222,51.5060856131954],[-0.203737741543042,51.5076827499611],[-0.202791565861939,51.5057503539995]]]},"properties":{"LSOA21CD":"E01002868","LSOA21NM":"Kensington and Chelsea 009D"}},{"type":"Feature","geometry":{"type":"Polygon","coordinates":[[[-0.210780390671604,51.5042316605533],[-0.215234884089952,51.5024120701644],[-0.216815659116907,51.504226465733],[-0.217016528625022,51.5045015914182],[-0.210630576895291,51.5058735082044],[-0.209624336506222,51.5060856131954],[-0.210780390671604,51.5042316605533]]]},"properties":{"LSOA21CD":"E01002869","LSOA21NM":"Kensington and Chelsea 009E"}},{"type":"Feature","geometry":{"type":"Polygon","coordinates":[[[-0.216415038605307,51.51265964103],[-0.212402209628256,51.5122127729775],[-0.214804565398383,51.5088536441487],[-0.215604164687827,51.5086662373773],[-0.219185033001866,51.5095869593857],[-0.2202454824911,51.5117301129025],[-0.21794847629624,51.5133533361871],[-0.216415038605307,51.51265964103]]]},"properties":{"LSOA21CD":"E01002870","LSOA21NM":"Kensington and Chelsea 005A"}},{"type":"Feature","geometry":{"type":"Polygon","coordinates":[[[-0.204071867992241,51.5093047789107],[-0.203063324759027,51.5078667204976],[-0.203737741543042,51.5076827499611],[-0.209624336506222,51.5060856131954],[-0.210630576895291,51.5058735082044],[-0.211877737794873,51.5072020977831],[-0.210264309185025,51.5106911734063],[-0.204071867992241,51.5093047789107]]]},"properties":{"LSOA21CD":"E01002871","LSOA21NM":"Kensington and Chelsea 007B"}},{"type":"Feature","geometry":{"type":"Polygon","coordinates":[[[-0.210264309185025,51.5106911734063],[-0.211877737794873,51.5072020977831],[-0.214804565398383,51.5088536441487],[-0.212402209628256,51.5122127729775],[-0.211442212902629,51.5126753689733],[-0.210264309185025,51.5106911734063]]]},"properties":{"LSOA21CD":"E01002872","LSOA21NM":"Kensington and Chelsea 005B"}},{"type":"Feature","geometry":{"type":"Polygon","coordinates":[[[-0.211877737794873,51.5072020977831],[-0.210630576895291,51.5058735082044],[-0.217016528625022,51.5045015914182],[-0.217232539786394,51.5062435730363],[-0.215604164687827,51.5086662373773],[-0.214804565398383,51.5088536441487],[-0.211877737794873,51.5072020977831]]]},"properties":{"LSOA21CD":"E01002873","LSOA21NM":"Kensington and Chelsea 007C"}},{"type":"Feature","geometry":{"type":"Polygon","coordinates":[[[-0.207686117138611,51.5142516142171],[-0.206755658113713,51.5129513818269],[-0.211424019632472,51.5131100766148],[-0.211558095375553,51.5132918627977],[-0.208981501281096,51.5160345992917],[-0.207686117138611,51.5142516142171]]]},"properties":{"LSOA21CD":"E01002874","LSOA21NM":"Kensington and Chelsea 007D"}},{"type":"Feature","geometry":{"type":"Polygon","coordinates":[[[-0.206755658113713,51.5129513818269],[-0.206465980750787,51.5125551530387],[-0.204317261514506,51.5096626578459],[-0.204071867992241,51.5093047789107],[-0.210264309185025,51.5106911734063],[-0.211442212902629,51.5126753689733],[-0.211424019632472,51.5131100766148],[-0.206755658113713,51.5129513818269]]]},"properties":{"LSOA21CD":"E01002875","LSOA21NM":"Kensington and Chelsea 007E"}},{"type":"Feature","geometry":{"type":"Polygon","coordinates":[[[-0.218465656203399,51.5185610682238],[-0.224680770690791,51.5179245994494],[-0.226613596793074,51.5195507526895],[-0.221440809875005,51.5196144405614],[-0.218465656203399,51.5185610682238]]]},"properties":{"LSOA21CD":"E01002876","LSOA21NM":"Kensington and Chelsea 003A"}},{"type":"Feature","geometry":{"type":"Polygon","coordinates":[[[-0.217775035648636,51.5173474554694],[-0.216357637615482,51.5158768042763],[-0.21794847629624,51.5133533361871],[-0.2202454824911,51.5117301129025],[-0.222589458513913,51.5155203232757],[-0.224680770690791,51.5179245994494],[-0.218465656203399,51.5185610682238],[-0.217775035648636,51.5173474554694]]]},"properties":{"LSOA21CD":"E01002877","LSOA21NM":"Kensington and Chelsea 003B"}},{"type":"Feature","geometry":{"type":"Polygon","coordinates":[[[-0.210038056464403,51.5175097792975],[-0.212582817639006,51.5160235956813],[-0.215323704899235,51.5147886726239],[-0.216357637615482,51.5158768042763],[-0.217775035648636,51.5173474554694],[-0.210874441264648,51.5188978251987],[-0.210038056464403,51.5175097792975]]]},"properties":{"LSOA21CD":"E01002878","LSOA21NM":"Kensington and Chelsea 003C"}},{"type":"Feature","geometry":{"type":"Polygon","coordinates":[[[-0.211558095375553,51.5132918627977],[-0.214992320030902,51.5135733404451],[-0.215323704899235,51.5147886726239],[-0.212582817639006,51.5160235956813],[-0.208981501281096,51.5160345992917],[-0.211558095375553,51.5132918627977]]]},"properties":{"LSOA21CD":"E01002879","LSOA21NM":"Kensington and Chelsea 005C"}},{"type":"Feature","geometry":{"type":"Polygon","coordinates":[[[-0.215323704899235,51.5147886726239],[-0.214992320030902,51.5135733404451],[-0.216415038605307,51.51265964103],[-0.21794847629624,51.5133533361871],[-0.216357637615482,51.5158768042763],[-0.215323704899235,51.5147886726239]]]},"properties":{"LSOA21CD":"E01002880","LSOA21NM":"Kensington and Chelsea 005D"}},{"type":"Feature","geometry":{"type":"Polygon","coordinates":[[[-0.211558095375553,51.5132918627977],[-0.211424019632472,51.5131100766148],[-0.211442212902629,51.5126753689733],[-0.212402209628256,51.5122127729775],[-0.216415038605307,51.51265964103],[-0.214992320030902,51.5135733404451],[-0.211558095375553,51.5132918627977]]]},"properties":{"LSOA21CD":"E01002881","LSOA21NM":"Kensington and Chelsea 005E"}},{"type":"Feature","geometry":{"type":"Polygon","coordinates":[[[-0.200802326738378,51.5121899976081],[-0.204317261514506,51.5096626578459],[-0.206465980750787,51.5125551530387],[-0.204140444262127,51.5132091949867],[-0.20142720774564,51.5140186631619],[-0.200802326738378,51.5121899976081]]]},"properties":{"LSOA21CD":"E01002882","LSOA21NM":"Kensington and Chelsea 006A"}},{"type":"Feature","geometry":{"type":"Polygon","coordinates":[[[-0.19751173584132,51.5088584502205],[-0.197760189861207,51.5088237577845],[-0.203063324759027,51.5078667204976],[-0.204071867992241,51.5093047789107],[-0.204317261514506,51.5096626578459],[-0.200802326738378,51.5121899976081],[-0.20031472952815,51.5124458940948],[-0.19751173584132,51.5088584502205]]]},"properties":{"LSOA21CD":"E01002883","LSOA21NM":"Kensington and Chelsea 006B"}},{"type":"Feature","geometry":{"type":"Polygon","coordinates":[[[-0.195352780021735,51.5118500118519],[-0.194081228791092,51.5094789719713],[-0.19751173584132,51.5088584502205],[-0.20031472952815,51.5124458940948],[-0.195352780021735,51.5118500118519]]]},"properties":{"LSOA21CD":"E01002884","LSOA21NM":"Kensington and Chelsea 006C"}},{"type":"Feature","geometry":{"type":"Polygon","coordinates":[[[-0.192120423459765,51.5098696006685],[-0.194081228791092,51.5094789719713],[-0.195352780021735,51.5118500118519],[-0.194223686916502,51.5123335528612],[-0.192120423459765,51.5098696006685]]]},"properties":{"LSOA21CD":"E01002885","LSOA21NM":"Kensington and Chelsea 006D"}},{"type":"Feature","geometry":{"type":"Polygon","coordinates":[[[-0.194343968790095,51.5127142196344],[-0.194223686916502,51.5123335528612],[-0.195352780021735,51.5118500118519],[-0.20031472952815,51.5124458940948],[-0.200802326738378,51.5121899976081],[-0.20142720774564,51.5140186631619],[-0.199185938789839,51.5145529857598],[-0.195051938419662,51.5150331490823],[-0.194343968790095,51.5127142196344]]]},"properties":{"LSOA21CD":"E01002886","LSOA21NM":"Kensington and Chelsea 006E"}},{"type":"Feature","geometry":{"type":"Polygon","coordinates":[[[-0.180207056885489,51.4952570531252],[-0.183783878516209,51.494994857364],[-0.184775985579584,51.497291217501],[-0.183689340415218,51.4985586833012],[-0.180207056885489,51.4952570531252]]]},"properties":{"LSOA21CD":"E01002887","LSOA21NM":"Kensington and Chelsea 010A"}},{"type":"Feature","geometry":{"type":"Polygon","coordinates":[[[-0.183783878516209,51.494994857364],[-0.185941786828668,51.4948415031424],[-0.189902637081374,51.4947412156505],[-0.188619048826529,51.49634796854],[-0.184775985579584,51.497291217501],[-0.183783878516209,51.494994857364]]]},"properties":{"LSOA21CD":"E01002888","LSOA21NM":"Kensington and Chelsea 013E"}},{"type":"Feature","geometry":{"type":"Polygon","coordinates":[[[-0.185779134426258,51.5011535513718],[-0.191789789709365,51.498972592445],[-0.193460012549835,51.5009136769531],[-0.192668563901489,51.5012278548159],[-0.185049594304749,51.5019525474597],[-0.185779134426258,51.5011535513718]]]},"properties":{"LSOA21CD":"E01002889","LSOA21NM":"Kensington and Chelsea 010B"}},{"type":"Feature","geometry":{"type":"Polygon","coordinates":[[[-0.184150146726475,51.4995599043157],[-0.183689340415218,51.4985586833012],[-0.184775985579584,51.497291217501],[-0.188619048826529,51.49634796854],[-0.191075983476177,51.4981437297466],[-0.191316070997654,51.4984209982386],[-0.191789789709365,51.498972592445],[-0.185779134426258,51.5011535513718],[-0.184150146726475,51.4995599043157]]]},"properties":{"LSOA21CD":"E01002890","LSOA21NM":"Kensington and Chelsea 010C"}},{"type":"Feature","geometry":{"type":"Polygon","coordinates":[[[-0.184237325199392,51.5017942277849],[-0.179764316056905,51.4988652574762],[-0.184150146726475,51.4995599043157],[-0.185779134426258,51.5011535513718],[-0.185049594304749,51.5019525474597],[-0.184237325199392,51.5017942277849]]]},"properties":{"LSOA21CD":"E01002891","LSOA21NM":"Kensington and Chelsea 010D"}},{"type":"Feature","geometry":{"type":"Polygon","coordinates":[[[-0.179764316056905,51.4988652574762],[-0.179546649511647,51.4977798173571],[-0.179038837379613,51.4953447874776],[-0.180207056885489,51.4952570531252],[-0.183689340415218,51.4985586833012],[-0.184150146726475,51.4995599043157],[-0.179764316056905,51.4988652574762]]]},"properties":{"LSOA21CD":"E01002892","LSOA21NM":"Kensington and Chelsea 010E"}},{"type":"Feature","geometry":{"type":"Polygon","coordinates":[[[-0.185946900422082,51.4847602803677],[-0.192546353189478,51.484825029247],[-0.193563975953006,51.4857855212076],[-0.19392678529414,51.4860762030191],[-0.189070924733118,51.4881924256865],[-0.185946900422082,51.4847602803677]]]},"properties":{"LSOA21CD":"E01002893","LSOA21NM":"Kensington and Chelsea 017C"}},{"type":"Feature","geometry":{"type":"Polygon","coordinates":[[[-0.188223584961205,51.4885755817062],[-0.189070924733118,51.4881924256865],[-0.19392678529414,51.4860762030191],[-0.195963898868721,51.4873726837733],[-0.192818957261348,51.4885395734172],[-0.19117472966117,51.4908112582412],[-0.190683994665834,51.4909625130618],[-0.188223584961205,51.4885755817062]]]},"properties":{"LSOA21CD":"E01002894","LSOA21NM":"Kensington and Chelsea 017D"}},{"type":"Feature","geometry":{"type":"Polygon","coordinates":[[[-0.183434090654961,51.4881199890251],[-0.182665223990223,51.4850132268381],[-0.184302882106345,51.4841081490991],[-0.185946900422082,51.4847602803677],[-0.189070924733118,51.4881924256865],[-0.188223584961205,51.4885755817062],[-0.183434090654961,51.4881199890251]]]},"properties":{"LSOA21CD":"E01002896","LSOA21NM":"Kensington and Chelsea 020C"}},{"type":"Feature","geometry":{"type":"Polygon","coordinates":[[[-0.184302882106345,51.4841081490991],[-0.186408681798902,51.4827185323145],[-0.18825721543931,51.4809613919574],[-0.190772448803357,51.4831652440689],[-0.192546353189478,51.484825029247],[-0.185946900422082,51.4847602803677],[-0.184302882106345,51.4841081490991]]]},"properties":{"LSOA21CD":"E01002897","LSOA21NM":"Kensington and Chelsea 020D"}},{"type":"Feature","geometry":{"type":"Polygon","coordinates":[[[-0.183055238520527,51.4907239037561],[-0.182090895056906,51.4896473339862],[-0.183434090654961,51.4881199890251],[-0.188223584961205,51.4885755817062],[-0.190683994665834,51.4909625130618],[-0.186632064981907,51.4913092638806],[-0.183055238520527,51.4907239037561]]]},"properties":{"LSOA21CD":"E01002898","LSOA21NM":"Kensington and Chelsea 017E"}},{"type":"Feature","geometry":{"type":"Polygon","coordinates":[[[-0.163997316429053,51.4855406126661],[-0.163950142297197,51.4854284458589],[-0.169398540816048,51.486224624695],[-0.170109432379562,51.4869561217563],[-0.166330012439263,51.4884687246536],[-0.163997316429053,51.4855406126661]]]},"properties":{"LSOA21CD":"E01002899","LSOA21NM":"Kensington and Chelsea 018A"}},{"type":"Feature","geometry":{"type":"Polygon","coordinates":[[[-0.163950142297197,51.4854284458589],[-0.158059748063926,51.484411995791],[-0.163805319798312,51.4836485548371],[-0.164344729425399,51.4834810533702],[-0.166955557884731,51.4826702659444],[-0.169398540816048,51.486224624695],[-0.163950142297197,51.4854284458589]]]},"properties":{"LSOA21CD":"E01002900","LSOA21NM":"Kensington and Chelsea 018B"}},{"type":"Feature","geometry":{"type":"Polygon","coordinates":[[[-0.154977389164141,51.4890854591629],[-0.151718217842422,51.4870680314471],[-0.149512662325768,51.4857969919401],[-0.149196161272392,51.4857750956834],[-0.149362797027652,51.4854503815935],[-0.149979158603456,51.4854851815577],[-0.150582216264032,51.4854051099005],[-0.158059748063926,51.484411995791],[-0.163950142297197,51.4854284458589],[-0.163997316429053,51.4855406126661],[-0.159569141835803,51.4896665931326],[-0.154977389164141,51.4890854591629]]]},"properties":{"LSOA21CD":"E01002901","LSOA21NM":"Kensington and Chelsea 018C"}},{"type":"Feature","geometry":{"type":"Polygon","coordinates":[[[-0.155674155019248,51.491051355002],[-0.154977389164141,51.4890854591629],[-0.159569141835803,51.4896665931326],[-0.162366858217565,51.4902069541681],[-0.160895852024477,51.4910203985448],[-0.155965732949078,51.4932015872115],[-0.155674155019248,51.491051355002]]]},"properties":{"LSOA21CD":"E01002902","LSOA21NM":"Kensington and Chelsea 018D"}},{"type":"Feature","geometry":{"type":"Polygon","coordinates":[[[-0.159569141835803,51.4896665931326],[-0.163997316429053,51.4855406126661],[-0.166330012439263,51.4884687246536],[-0.165005481097655,51.489000035303],[-0.162366858217565,51.4902069541681],[-0.159569141835803,51.4896665931326]]]},"properties":{"LSOA21CD":"E01002903","LSOA21NM":"Kensington and Chelsea 018E"}},{"type":"Feature","geometry":{"type":"Polygon","coordinates":[[[-0.219743361696846,51.5253335043434],[-0.219766906826848,51.5248077492916],[-0.222484320430504,51.5229892163759],[-0.223309203541359,51.5226579322619],[-0.226595923247546,51.5247958620863],[-0.227182855285864,51.5248529730031],[-0.227351174235559,51.5258414312515],[-0.219743361696846,51.5253335043434]]]},"properties":{"LSOA21CD":"E01002904","LSOA21NM":"Kensington and Chelsea 002A"}},{"type":"Feature","geometry":{"type":"Polygon","coordinates":[[[-0.21344163606701,51.5233617077985],[-0.212420407387911,51.5215850606508],[-0.211866480950681,51.5206255782938],[-0.217896536944339,51.5190384722379],[-0.21568681079006,51.5240642778723],[-0.215669774308322,51.5241030196857],[-0.215982605797706,51.5241568348913],[-0.219766906826848,51.5248077492916],[-0.219743361696846,51.5253335043434],[-0.214080361032668,51.5245261348909],[-0.21344163606701,51.5233617077985]]]},"properties":{"LSOA21CD":"E01002905","LSOA21NM":"Kensington and Chelsea 002B"}},{"type":"Feature","geometry":{"type":"Polygon","coordinates":[[[-0.217896536944339,51.5190384722379],[-0.218465656203399,51.5185610682238],[-0.221440809875005,51.5196144405614],[-0.222484320430504,51.5229892163759],[-0.219766906826848,51.5248077492916],[-0.215982605797706,51.5241568348913],[-0.215669774308322,51.5241030196857],[-0.21568681079006,51.5240642778723],[-0.217896536944339,51.5190384722379]]]},"properties":{"LSOA21CD":"E01002906","LSOA21NM":"Kensington and Chelsea 002C"}},{"type":"Feature","geometry":{"type":"Polygon","coordinates":[[[-0.223309203541359,51.5226579322619],[-0.227505416694819,51.5216087278705],[-0.226595923247546,51.5247958620863],[-0.223309203541359,51.5226579322619]]]},"properties":{"LSOA21CD":"E01002907","LSOA21NM":"Kensington and Chelsea 002D"}},{"type":"Feature","geometry":{"type":"Polygon","coordinates":[[[-0.221440809875005,51.5196144405614],[-0.226613596793074,51.5195507526895],[-0.227505416694819,51.5216087278705],[-0.223309203541359,51.5226579322619],[-0.222484320430504,51.5229892163759],[-0.221440809875005,51.5196144405614]]]},"properties":{"LSOA21CD":"E01002908","LSOA21NM":"Kensington and Chelsea 003D"}},{"type":"Feature","geometry":{"type":"Polygon","coordinates":[[[-0.210874441264648,51.5188978251987],[-0.217775035648636,51.5173474554694],[-0.218465656203399,51.5185610682238],[-0.217896536944339,51.5190384722379],[-0.211866480950681,51.5206255782938],[-0.210874441264648,51.5188978251987]]]},"properties":{"LSOA21CD":"E01002909","LSOA21NM":"Kensington and Chelsea 003E"}},{"type":"Feature","geometry":{"type":"Polygon","coordinates":[[[-0.170776686470004,51.4867166337821],[-0.17305672403115,51.4858048254504],[-0.178112263134134,51.4877436110307],[-0.175638561403764,51.4893772362052],[-0.173739087356305,51.4906365177993],[-0.170776686470004,51.4867166337821]]]},"properties":{"LSOA21CD":"E01002910","LSOA21NM":"Kensington and Chelsea 019C"}},{"type":"Feature","geometry":{"type":"Polygon","coordinates":[[[-0.17305672403115,51.4858048254504],[-0.174176772774312,51.4852938572789],[-0.176936417773026,51.4834717748393],[-0.179436064668757,51.4822985032497],[-0.181401981462974,51.4831548299465],[-0.177536702773067,51.4840535933093],[-0.179559099881755,51.4868205179542],[-0.178112263134134,51.4877436110307],[-0.17305672403115,51.4858048254504]]]},"properties":{"LSOA21CD":"E01002911","LSOA21NM":"Kensington and Chelsea 019D"}},{"type":"Feature","geometry":{"type":"Polygon","coordinates":[[[-0.181401981462974,51.4831548299465],[-0.186408681798902,51.4827185323145],[-0.184302882106345,51.4841081490991],[-0.182665223990223,51.4850132268381],[-0.179559099881755,51.4868205179542],[-0.177536702773067,51.4840535933093],[-0.181401981462974,51.4831548299465]]]},"properties":{"LSOA21CD":"E01002912","LSOA21NM":"Kensington and Chelsea 020E"}},{"type":"Feature","geometry":{"type":"Polygon","coordinates":[[[-0.179436064668757,51.4822985032497],[-0.180355982287499,51.4819609807225],[-0.186526581031205,51.4798718600447],[-0.18825721543931,51.4809613919574],[-0.186408681798902,51.4827185323145],[-0.181401981462974,51.4831548299465],[-0.179436064668757,51.4822985032497]]]},"properties":{"LSOA21CD":"E01002913","LSOA21NM":"Kensington and Chelsea 021E"}},{"type":"Feature","geometry":{"type":"Polygon","coordinates":[[[-0.169753640772325,51.4903393647076],[-0.166762541114761,51.4905627803401],[-0.165005481097655,51.489000035303],[-0.166330012439263,51.4884687246536],[-0.170109432379562,51.4869561217563],[-0.170776686470004,51.4867166337821],[-0.173739087356305,51.4906365177993],[-0.171737242468973,51.4918292028686],[-0.169753640772325,51.4903393647076]]]},"properties":{"LSOA21CD":"E01002914","LSOA21NM":"Kensington and Chelsea 019E"}},{"type":"Feature","geometry":{"type":"Polygon","coordinates":[[[-0.175838862566202,51.5396226070825],[-0.175680853733863,51.539610646921],[-0.179563087285403,51.5346388565135],[-0.180616686083869,51.5345507011792],[-0.184654706487137,51.5379219658859],[-0.184131460716146,51.5382228624163],[-0.17833408030546,51.5397946384403],[-0.175838862566202,51.5396226070825]]]},"properties":{"LSOA21CD":"E01004646","LSOA21NM":"Westminster 002A"}},{"type":"Feature","geometry":{"type":"Polygon","coordinates":[[[-0.164936253619244,51.5357815939392],[-0.168162559541971,51.534348825346],[-0.1721070658134,51.5336878566213],[-0.173950577611001,51.5326672946027],[-0.174855326574394,51.5332690287678],[-0.173484297077784,51.5376346553647],[-0.171396781515516,51.5380823608076],[-0.164936253619244,51.5357815939392]]]},"properties":{"LSOA21CD":"E01004647","LSOA21NM":"Westminster 001A"}},{"type":"Feature","geometry":{"type":"Polygon","coordinates":[[[-0.180616686083869,51.5345507011792],[-0.183409339176056,51.5299717770686],[-0.184302370746128,51.5307234354625],[-0.188748293216655,51.5345251750755],[-0.187605848623622,51.5351484504419],[-0.184654706487137,51.5379219658859],[-0.180616686083869,51.5345507011792]]]},"properties":{"LSOA21CD":"E01004648","LSOA21NM":"Westminster 002B"}},{"type":"Feature","geometry":{"type":"Polygon","coordinates":[[[-0.173484297077784,51.5376346553647],[-0.174855326574394,51.5332690287678],[-0.178953201604202,51.5341103906627],[-0.179563087285403,51.5346388565135],[-0.175680853733863,51.539610646921],[-0.173484297077784,51.5376346553647]]]},"properties":{"LSOA21CD":"E01004649","LSOA21NM":"Westminster 001B"}},{"type":"Feature","geometry":{"type":"Polygon","coordinates":[[[-0.178953201604202,51.5341103906627],[-0.17756306385734,51.530178752398],[-0.181430322264179,51.5283959234153],[-0.183409339176056,51.5299717770686],[-0.180616686083869,51.5345507011792],[-0.179563087285403,51.5346388565135],[-0.178953201604202,51.5341103906627]]]},"properties":{"LSOA21CD":"E01004650","LSOA21NM":"Westminster 002C"}},{"type":"Feature","geometry":{"type":"Polygon","coordinates":[[[-0.174855326574394,51.5332690287678],[-0.173950577611001,51.5326672946027],[-0.17756306385734,51.530178752398],[-0.178953201604202,51.5341103906627],[-0.174855326574394,51.5332690287678]]]},"properties":{"LSOA21CD":"E01004651","LSOA21NM":"Westminster 003A"}},{"type":"Feature","geometry":{"type":"Polygon","coordinates":[[[-0.187403027005988,51.5161105535133],[-0.187445027550555,51.5160997188921],[-0.189245701009632,51.5156981477784],[-0.190640256105916,51.5167221394276],[-0.184247425166399,51.516953401267],[-0.187403027005988,51.5161105535133]]]},"properties":{"LSOA21CD":"E01004652","LSOA21NM":"Westminster 017A"}},{"type":"Feature","geometry":{"type":"Polygon","coordinates":[[[-0.194009266856946,51.515428235451],[-0.195051938419662,51.5150331490823],[-0.199185938789839,51.5145529857598],[-0.199610541158303,51.515932900023],[-0.199921977877782,51.5168497241016],[-0.19701641069991,51.5172589500029],[-0.194009266856946,51.515428235451]]]},"properties":{"LSOA21CD":"E01004653","LSOA21NM":"Westminster 014A"}},{"type":"Feature","geometry":{"type":"Polygon","coordinates":[[[-0.190640256105916,51.5167221394276],[-0.189245701009632,51.5156981477784],[-0.191287383307113,51.5130492083896],[-0.194343968790095,51.5127142196344],[-0.195051938419662,51.5150331490823],[-0.194009266856946,51.515428235451],[-0.192487384841044,51.5181728845442],[-0.190640256105916,51.5167221394276]]]},"properties":{"LSOA21CD":"E01004654","LSOA21NM":"Westminster 014B"}},{"type":"Feature","geometry":{"type":"Polygon","coordinates":[[[-0.18873116805487,51.5195833894811],[-0.185021954571558,51.5195257731977],[-0.182148888686895,51.5175413266865],[-0.184247425166399,51.516953401267],[-0.190640256105916,51.5167221394276],[-0.192487384841044,51.5181728845442],[-0.191363431072563,51.5197160066936],[-0.18873116805487,51.5195833894811]]]},"properties":{"LSOA21CD":"E01004656","LSOA21NM":"Westminster 014D"}},{"type":"Feature","geometry":{"type":"Polygon","coordinates":[[[-0.158066557384086,51.5182511223849],[-0.155954193485132,51.5137188586973],[-0.158370351442487,51.5134134998148],[-0.160896674336098,51.515946381403],[-0.161081592129955,51.5186467847837],[-0.158365186546661,51.5189342367926],[-0.158066557384086,51.5182511223849]]]},"properties":{"LSOA21CD":"E01004657","LSOA21NM":"Westminster 012A"}},{"type":"Feature","geometry":{"type":"Polygon","coordinates":[[[-0.160896674336098,51.515946381403],[-0.158370351442487,51.5134134998148],[-0.160167879651415,51.513186928054],[-0.163369871357902,51.5153683217942],[-0.16568329673095,51.5169059512507],[-0.166358834324959,51.517350097292],[-0.160896674336098,51.515946381403]]]},"properties":{"LSOA21CD":"E01004658","LSOA21NM":"Westminster 012B"}},{"type":"Feature","geometry":{"type":"Polygon","coordinates":[[[-0.162403945346631,51.5223185134213],[-0.165194043911483,51.5223349924349],[-0.166756532649123,51.523542702118],[-0.166326875539841,51.5245854304077],[-0.163971118431155,51.5251625977159],[-0.160291229959386,51.5251661557647],[-0.162403945346631,51.5223185134213]]]},"properties":{"LSOA21CD":"E01004659","LSOA21NM":"Westminster 008A"}},{"type":"Feature","geometry":{"type":"Polygon","coordinates":[[[-0.157540618335198,51.522143229573],[-0.159088895954733,51.5205300070736],[-0.160200436311331,51.525116153488],[-0.157540618335198,51.522143229573]]]},"properties":{"LSOA21CD":"E01004660","LSOA21NM":"Westminster 008B"}},{"type":"Feature","geometry":{"type":"Polygon","coordinates":[[[-0.16202004527608,51.5187665361093],[-0.167436038325335,51.5181048529661],[-0.16816899264465,51.5186126783331],[-0.169981746849361,51.5198237771083],[-0.170165613140758,51.5199467989858],[-0.167133764410921,51.5204805448377],[-0.165194043911483,51.5223349924349],[-0.162403945346631,51.5223185134213],[-0.16202004527608,51.5187665361093]]]},"properties":{"LSOA21CD":"E01004661","LSOA21NM":"Westminster 012C"}},{"type":"Feature","geometry":{"type":"Polygon","coordinates":[[[-0.160200436311331,51.525116153488],[-0.159088895954733,51.5205300070736],[-0.158365186546661,51.5189342367926],[-0.161081592129955,51.5186467847837],[-0.16202004527608,51.5187665361093],[-0.162403945346631,51.5223185134213],[-0.160291229959386,51.5251661557647],[-0.160200436311331,51.525116153488]]]},"properties":{"LSOA21CD":"E01004662","LSOA21NM":"Westminster 012D"}},{"type":"Feature","geometry":{"type":"Polygon","coordinates":[[[-0.161081592129955,51.5186467847837],[-0.160896674336098,51.515946381403],[-0.166358834324959,51.517350097292],[-0.167436038325335,51.5181048529661],[-0.16202004527608,51.5187665361093],[-0.161081592129955,51.5186467847837]]]},"properties":{"LSOA21CD":"E01004663","LSOA21NM":"Westminster 012E"}},{"type":"Feature","geometry":{"type":"Polygon","coordinates":[[[-0.142536269431936,51.4853232370469],[-0.142891368541585,51.487576583953],[-0.14136989884113,51.4877746723851],[-0.142536269431936,51.4853232370469]]]},"properties":{"LSOA21CD":"E01004665","LSOA21NM":"Westminster 024A"}},{"type":"Feature","geometry":{"type":"Polygon","coordinates":[[[-0.145472970680861,51.4885773876296],[-0.142891368541585,51.487576583953],[-0.142536269431936,51.4853232370469],[-0.145032464521513,51.4856571493558],[-0.14564999587254,51.4870132379596],[-0.14640001937828,51.489007020159],[-0.145472970680861,51.4885773876296]]]},"properties":{"LSOA21CD":"E01004668","LSOA21NM":"Westminster 023D"}},{"type":"Feature","geometry":{"type":"MultiPolygon","coordinates":[[[[-0.138103854291605,51.4840987905431],[-0.138087724583437,51.4838380871149],[-0.139520280615248,51.4839594777506],[-0.138103854291605,51.4840987905431]]],[[[-0.138290405421178,51.4877056383537],[-0.138143177955681,51.4848195832748],[-0.149362797027652,51.4854503815935],[-0.149196161272392,51.4857750956834],[-0.145032464521513,51.4856571493558],[-0.142536269431936,51.4853232370469],[-0.14136989884113,51.4877746723851],[-0.139461516098054,51.4880140938936],[-0.138455425099182,51.4881345546192],[-0.138290405421178,51.4877056383537]]]]},"properties":{"LSOA21CD":"E01004669","LSOA21NM":"Westminster 024B"}},{"type":"Feature","geometry":{"type":"Polygon","coordinates":[[[-0.163971118431155,51.5251625977159],[-0.166326875539841,51.5245854304077],[-0.169886544340207,51.5260622432264],[-0.171925651407205,51.5264234783577],[-0.165533030081299,51.5268868936366],[-0.163971118431155,51.5251625977159]]]},"properties":{"LSOA21CD":"E01004670","LSOA21NM":"Westminster 009A"}},{"type":"Feature","geometry":{"type":"Polygon","coordinates":[[[-0.197809058161985,51.5259435838786],[-0.201156270582888,51.5243939461991],[-0.20272921323992,51.5275474864007],[-0.197809058161985,51.5259435838786]]]},"properties":{"LSOA21CD":"E01004674","LSOA21NM":"Westminster 005A"}},{"type":"Feature","geometry":{"type":"Polygon","coordinates":[[[-0.196544241509225,51.5276547970136],[-0.193864751611644,51.526624087845],[-0.197635791118833,51.5234342547574],[-0.201525386503955,51.5242177693567],[-0.201156270582888,51.5243939461991],[-0.197809058161985,51.5259435838786],[-0.19733822781766,51.5278964270279],[-0.196544241509225,51.5276547970136]]]},"properties":{"LSOA21CD":"E01004675","LSOA21NM":"Westminster 005B"}},{"type":"Feature","geometry":{"type":"Polygon","coordinates":[[[-0.191419914160806,51.5254940785337],[-0.193181295033453,51.5246547082463],[-0.197635791118833,51.5234342547574],[-0.193864751611644,51.526624087845],[-0.191419914160806,51.5254940785337]]]},"properties":{"LSOA21CD":"E01004676","LSOA21NM":"Westminster 006A"}},{"type":"Feature","geometry":{"type":"Polygon","coordinates":[[[-0.200345514343524,51.5315864241869],[-0.197971738367524,51.529207688673],[-0.201686712296264,51.5297453350287],[-0.202967239647477,51.5329041295542],[-0.200345514343524,51.5315864241869]]]},"properties":{"LSOA21CD":"E01004677","LSOA21NM":"Westminster 005C"}},{"type":"Feature","geometry":{"type":"Polygon","coordinates":[[[-0.197971738367524,51.529207688673],[-0.19733822781766,51.5278964270279],[-0.197809058161985,51.5259435838786],[-0.20272921323992,51.5275474864007],[-0.203723956842161,51.5271865095937],[-0.201454732098792,51.5289429153274],[-0.201686712296264,51.5297453350287],[-0.197971738367524,51.529207688673]]]},"properties":{"LSOA21CD":"E01004678","LSOA21NM":"Westminster 005D"}},{"type":"Feature","geometry":{"type":"Polygon","coordinates":[[[-0.201156270582888,51.5243939461991],[-0.201525386503955,51.5242177693567],[-0.201560068721357,51.5227453382833],[-0.205202134575553,51.5250473062587],[-0.207283707101034,51.5262697794654],[-0.2048739110015,51.5259958684709],[-0.203723956842161,51.5271865095937],[-0.20272921323992,51.5275474864007],[-0.201156270582888,51.5243939461991]]]},"properties":{"LSOA21CD":"E01004679","LSOA21NM":"Westminster 005E"}},{"type":"Feature","geometry":{"type":"Polygon","coordinates":[[[-0.160167879651415,51.513186928054],[-0.168102150618858,51.5124004538465],[-0.168973565409081,51.5142301542078],[-0.163369871357902,51.5153683217942],[-0.160167879651415,51.513186928054]]]},"properties":{"LSOA21CD":"E01004680","LSOA21NM":"Westminster 015A"}},{"type":"Feature","geometry":{"type":"Polygon","coordinates":[[[-0.177725940184169,51.5183484641568],[-0.178024316800101,51.5163212675189],[-0.177875080186196,51.5133461333894],[-0.17865902014629,51.5139006008403],[-0.181926218082736,51.516199760082],[-0.182148888686895,51.5175413266865],[-0.185021954571558,51.5195257731977],[-0.179967267395808,51.5200970295757],[-0.17864488308165,51.5200835482868],[-0.177725940184169,51.5183484641568]]]},"properties":{"LSOA21CD":"E01004681","LSOA21NM":"Westminster 016A"}},{"type":"Feature","geometry":{"type":"Polygon","coordinates":[[[-0.173342530176304,51.5148186222593],[-0.174552912807714,51.5117717063044],[-0.17603144556469,51.5115716756657],[-0.177875080186196,51.5133461333894],[-0.178024316800101,51.5163212675189],[-0.173342530176304,51.5148186222593]]]},"properties":{"LSOA21CD":"E01004682","LSOA21NM":"Westminster 016B"}},{"type":"Feature","geometry":{"type":"Polygon","coordinates":[[[-0.168973565409081,51.5142301542078],[-0.168102150618858,51.5124004538465],[-0.174552912807714,51.5117717063044],[-0.173342530176304,51.5148186222593],[-0.170313059252832,51.5152480187802],[-0.169099100472383,51.5156545292524],[-0.168973565409081,51.5142301542078]]]},"properties":{"LSOA21CD":"E01004683","LSOA21NM":"Westminster 015B"}},{"type":"Feature","geometry":{"type":"Polygon","coordinates":[[[-0.167436038325335,51.5181048529661],[-0.166358834324959,51.517350097292],[-0.16568329673095,51.5169059512507],[-0.169099100472383,51.5156545292524],[-0.170313059252832,51.5152480187802],[-0.16816899264465,51.5186126783331],[-0.167436038325335,51.5181048529661]]]},"properties":{"LSOA21CD":"E01004684","LSOA21NM":"Westminster 015C"}},{"type":"Feature","geometry":{"type":"Polygon","coordinates":[[[-0.163369871357902,51.5153683217942],[-0.168973565409081,51.5142301542078],[-0.169099100472383,51.5156545292524],[-0.16568329673095,51.5169059512507],[-0.163369871357902,51.5153683217942]]]},"properties":{"LSOA21CD":"E01004686","LSOA21NM":"Westminster 015E"}},{"type":"Feature","geometry":{"type":"Polygon","coordinates":[[[-0.14851506428317,51.4947524610806],[-0.15030454041289,51.4933267154075],[-0.155674155019248,51.491051355002],[-0.155965732949078,51.4932015872115],[-0.155806101188,51.4947411735989],[-0.155681089354909,51.4957670704508],[-0.15195053676853,51.4971400158228],[-0.148767020960653,51.4970954113086],[-0.151778539994692,51.4942368149923],[-0.14851506428317,51.4947524610806]]]},"properties":{"LSOA21CD":"E01004687","LSOA21NM":"Westminster 019A"}},{"type":"Feature","geometry":{"type":"Polygon","coordinates":[[[-0.146283336033167,51.4972334257609],[-0.14851506428317,51.4947524610806],[-0.151778539994692,51.4942368149923],[-0.148767020960653,51.4970954113086],[-0.15195053676853,51.4971400158228],[-0.151173238457066,51.5015524087942],[-0.146283336033167,51.4972334257609]]]},"properties":{"LSOA21CD":"E01004690","LSOA21NM":"Westminster 019D"}},{"type":"Feature","geometry":{"type":"Polygon","coordinates":[[[-0.152636868828231,51.5038202035774],[-0.151598932216901,51.5018614865665],[-0.151173238457066,51.5015524087942],[-0.15195053676853,51.4971400158228],[-0.155681089354909,51.4957670704508],[-0.15602391432079,51.4975129718497],[-0.158466635589021,51.5022488256069],[-0.159939759109089,51.505268321916],[-0.152636868828231,51.5038202035774]]]},"properties":{"LSOA21CD":"E01004691","LSOA21NM":"Westminster 019E"}},{"type":"Feature","geometry":{"type":"Polygon","coordinates":[[[-0.166136389276455,51.5004796946136],[-0.177777473951575,51.4998209161466],[-0.168556290623548,51.5018400451484],[-0.166136389276455,51.5004796946136]]]},"properties":{"LSOA21CD":"E01004692","LSOA21NM":"Westminster 019F"}},{"type":"Feature","geometry":{"type":"Polygon","coordinates":[[[-0.188473542077193,51.5121853999698],[-0.190210975123241,51.5100535115349],[-0.192120423459765,51.5098696006685],[-0.194223686916502,51.5123335528612],[-0.194343968790095,51.5127142196344],[-0.191287383307113,51.5130492083896],[-0.188473542077193,51.5121853999698]]]},"properties":{"LSOA21CD":"E01004693","LSOA21NM":"Westminster 017B"}},{"type":"Feature","geometry":{"type":"Polygon","coordinates":[[[-0.177875080186196,51.5133461333894],[-0.17603144556469,51.5115716756657],[-0.182776194168978,51.5105515766689],[-0.183296202774925,51.5123383444762],[-0.179583591217734,51.5134339590289],[-0.17865902014629,51.5139006008403],[-0.177875080186196,51.5133461333894]]]},"properties":{"LSOA21CD":"E01004694","LSOA21NM":"Westminster 016C"}},{"type":"Feature","geometry":{"type":"Polygon","coordinates":[[[-0.187016086312564,51.5119355807987],[-0.184878368923549,51.5104340432729],[-0.187910510284774,51.5101804565644],[-0.190210975123241,51.5100535115349],[-0.188473542077193,51.5121853999698],[-0.187016086312564,51.5119355807987]]]},"properties":{"LSOA21CD":"E01004695","LSOA21NM":"Westminster 017C"}},{"type":"Feature","geometry":{"type":"Polygon","coordinates":[[[-0.181926218082736,51.516199760082],[-0.187403027005988,51.5161105535133],[-0.184247425166399,51.516953401267],[-0.182148888686895,51.5175413266865],[-0.181926218082736,51.516199760082]]]},"properties":{"LSOA21CD":"E01004696","LSOA21NM":"Westminster 017D"}},{"type":"Feature","geometry":{"type":"Polygon","coordinates":[[[-0.17865902014629,51.5139006008403],[-0.179583591217734,51.5134339590289],[-0.183954307576183,51.5143884182696],[-0.187115649338464,51.5149764146548],[-0.187445027550555,51.5160997188921],[-0.187403027005988,51.5161105535133],[-0.181926218082736,51.516199760082],[-0.17865902014629,51.5139006008403]]]},"properties":{"LSOA21CD":"E01004697","LSOA21NM":"Westminster 016D"}},{"type":"Feature","geometry":{"type":"Polygon","coordinates":[[[-0.183954307576183,51.5143884182696],[-0.183296202774925,51.5123383444762],[-0.182776194168978,51.5105515766689],[-0.184878368923549,51.5104340432729],[-0.187016086312564,51.5119355807987],[-0.187115649338464,51.5149764146548],[-0.183954307576183,51.5143884182696]]]},"properties":{"LSOA21CD":"E01004698","LSOA21NM":"Westminster 017E"}},{"type":"Feature","geometry":{"type":"Polygon","coordinates":[[[-0.187115649338464,51.5149764146548],[-0.187016086312564,51.5119355807987],[-0.188473542077193,51.5121853999698],[-0.191287383307113,51.5130492083896],[-0.189245701009632,51.5156981477784],[-0.187445027550555,51.5160997188921],[-0.187115649338464,51.5149764146548]]]},"properties":{"LSOA21CD":"E01004699","LSOA21NM":"Westminster 017F"}},{"type":"Feature","geometry":{"type":"Polygon","coordinates":[[[-0.179583591217734,51.5134339590289],[-0.183296202774925,51.5123383444762],[-0.183954307576183,51.5143884182696],[-0.179583591217734,51.5134339590289]]]},"properties":{"LSOA21CD":"E01004700","LSOA21NM":"Westminster 016E"}},{"type":"Feature","geometry":{"type":"Polygon","coordinates":[[[-0.180254416102781,51.5274826940651],[-0.179374953234844,51.5267805272428],[-0.184261736133273,51.524798838988],[-0.185730816291228,51.5267031961557],[-0.184623444479232,51.52722165771],[-0.181430322264179,51.5283959234153],[-0.180254416102781,51.5274826940651]]]},"properties":{"LSOA21CD":"E01004701","LSOA21NM":"Westminster 007A"}},{"type":"Feature","geometry":{"type":"Polygon","coordinates":[[[-0.174849490849942,51.5232835589905],[-0.170165613140758,51.5199467989858],[-0.17864488308165,51.5200835482868],[-0.179967267395808,51.5200970295757],[-0.180934271735243,51.5207954538295],[-0.175990544293164,51.5240842513677],[-0.174849490849942,51.5232835589905]]]},"properties":{"LSOA21CD":"E01004702","LSOA21NM":"Westminster 009E"}},{"type":"Feature","geometry":{"type":"Polygon","coordinates":[[[-0.176823702469464,51.5246267069471],[-0.175990544293164,51.5240842513677],[-0.180934271735243,51.5207954538295],[-0.185632354877029,51.521788541892],[-0.184123488576013,51.5237930755753],[-0.177938784227061,51.5254746650624],[-0.176823702469464,51.5246267069471]]]},"properties":{"LSOA21CD":"E01004703","LSOA21NM":"Westminster 007B"}},{"type":"Feature","geometry":{"type":"Polygon","coordinates":[[[-0.178270602998111,51.5257824207896],[-0.177938784227061,51.5254746650624],[-0.184123488576013,51.5237930755753],[-0.184261736133273,51.524798838988],[-0.179374953234844,51.5267805272428],[-0.178270602998111,51.5257824207896]]]},"properties":{"LSOA21CD":"E01004705","LSOA21NM":"Westminster 007D"}},{"type":"Feature","geometry":{"type":"Polygon","coordinates":[[[-0.189991519407252,51.5306368661014],[-0.187022156948977,51.5300112938451],[-0.188732355311658,51.5297542033115],[-0.191427237079972,51.5260540726019],[-0.192545311820971,51.5316470104855],[-0.189991519407252,51.5306368661014]]]},"properties":{"LSOA21CD":"E01004706","LSOA21NM":"Westminster 006B"}},{"type":"Feature","geometry":{"type":"Polygon","coordinates":[[[-0.184623444479232,51.52722165771],[-0.185730816291228,51.5267031961557],[-0.189735860667283,51.5252292595545],[-0.191427237079972,51.5260540726019],[-0.188732355311658,51.5297542033115],[-0.184623444479232,51.52722165771]]]},"properties":{"LSOA21CD":"E01004707","LSOA21NM":"Westminster 006C"}},{"type":"Feature","geometry":{"type":"Polygon","coordinates":[[[-0.192545311820971,51.5316470104855],[-0.191427237079972,51.5260540726019],[-0.189735860667283,51.5252292595545],[-0.19029649735813,51.5249221781481],[-0.191419914160806,51.5254940785337],[-0.193864751611644,51.526624087845],[-0.196544241509225,51.5276547970136],[-0.194130796667307,51.5306187196655],[-0.19298383098792,51.5319848020148],[-0.192545311820971,51.5316470104855]]]},"properties":{"LSOA21CD":"E01004708","LSOA21NM":"Westminster 006D"}},{"type":"Feature","geometry":{"type":"Polygon","coordinates":[[[-0.183409339176056,51.5299717770686],[-0.181430322264179,51.5283959234153],[-0.184623444479232,51.52722165771],[-0.188732355311658,51.5297542033115],[-0.187022156948977,51.5300112938451],[-0.184302370746128,51.5307234354625],[-0.183409339176056,51.5299717770686]]]},"properties":{"LSOA21CD":"E01004709","LSOA21NM":"Westminster 007E"}},{"type":"Feature","geometry":{"type":"Polygon","coordinates":[[[-0.188808266739044,51.5345779721932],[-0.189991519407252,51.5306368661014],[-0.192545311820971,51.5316470104855],[-0.19298383098792,51.5319848020148],[-0.19285923649239,51.532146782365],[-0.191458616304258,51.53629105679],[-0.188808266739044,51.5345779721932]]]},"properties":{"LSOA21CD":"E01004710","LSOA21NM":"Westminster 002D"}},{"type":"Feature","geometry":{"type":"Polygon","coordinates":[[[-0.188748293216655,51.5345251750755],[-0.184302370746128,51.5307234354625],[-0.187022156948977,51.5300112938451],[-0.189991519407252,51.5306368661014],[-0.188808266739044,51.5345779721932],[-0.188748293216655,51.5345251750755]]]},"properties":{"LSOA21CD":"E01004711","LSOA21NM":"Westminster 002E"}},{"type":"Feature","geometry":{"type":"Polygon","coordinates":[[[-0.154793082767947,51.5193569259103],[-0.158066557384086,51.5182511223849],[-0.158365186546661,51.5189342367926],[-0.159088895954733,51.5205300070736],[-0.157540618335198,51.522143229573],[-0.153314899499302,51.5228796406752],[-0.154793082767947,51.5193569259103]]]},"properties":{"LSOA21CD":"E01004712","LSOA21NM":"Westminster 008C"}},{"type":"Feature","geometry":{"type":"Polygon","coordinates":[[[-0.144750506815517,51.5197804256529],[-0.146944651980329,51.5156375498933],[-0.15090675121861,51.5189785212331],[-0.150996014368673,51.5207745806603],[-0.14492930271468,51.5212844132947],[-0.144750506815517,51.5197804256529]]]},"properties":{"LSOA21CD":"E01004713","LSOA21NM":"Westminster 011A"}},{"type":"Feature","geometry":{"type":"Polygon","coordinates":[[[-0.15090675121861,51.5189785212331],[-0.146944651980329,51.5156375498933],[-0.146923708266462,51.5146433381652],[-0.150706436766399,51.5142222143327],[-0.155954193485132,51.5137188586973],[-0.158066557384086,51.5182511223849],[-0.154793082767947,51.5193569259103],[-0.15090675121861,51.5189785212331]]]},"properties":{"LSOA21CD":"E01004714","LSOA21NM":"Westminster 011B"}},{"type":"Feature","geometry":{"type":"Polygon","coordinates":[[[-0.143496551296292,51.5239499742418],[-0.139154134568971,51.5208173909126],[-0.140673240452439,51.5204921498372],[-0.144750506815517,51.5197804256529],[-0.14492930271468,51.5212844132947],[-0.145191078445414,51.5240327632188],[-0.143496551296292,51.5239499742418]]]},"properties":{"LSOA21CD":"E01004715","LSOA21NM":"Westminster 013A"}},{"type":"Feature","geometry":{"type":"Polygon","coordinates":[[[-0.145191078445414,51.5240327632188],[-0.14492930271468,51.5212844132947],[-0.150996014368673,51.5207745806603],[-0.152553658876538,51.5230904158746],[-0.147171100687343,51.5250431652049],[-0.145191078445414,51.5240327632188]]]},"properties":{"LSOA21CD":"E01004716","LSOA21NM":"Westminster 011C"}},{"type":"Feature","geometry":{"type":"Polygon","coordinates":[[[-0.150996014368673,51.5207745806603],[-0.15090675121861,51.5189785212331],[-0.154793082767947,51.5193569259103],[-0.153314899499302,51.5228796406752],[-0.152553658876538,51.5230904158746],[-0.150996014368673,51.5207745806603]]]},"properties":{"LSOA21CD":"E01004717","LSOA21NM":"Westminster 011D"}},{"type":"Feature","geometry":{"type":"Polygon","coordinates":[[[-0.201454732098792,51.5289429153274],[-0.203723956842161,51.5271865095937],[-0.2048739110015,51.5259958684709],[-0.205519415622061,51.5282248897529],[-0.204109924361267,51.5309927216445],[-0.201454732098792,51.5289429153274]]]},"properties":{"LSOA21CD":"E01004718","LSOA21NM":"Westminster 004A"}},{"type":"Feature","geometry":{"type":"Polygon","coordinates":[[[-0.208673789045735,51.531860312612],[-0.207482824397501,51.5292119092359],[-0.211581541358212,51.5291036049055],[-0.210817982196357,51.5320137741722],[-0.210716030479791,51.5320449478534],[-0.208673789045735,51.531860312612]]]},"properties":{"LSOA21CD":"E01004719","LSOA21NM":"Westminster 004B"}},{"type":"Feature","geometry":{"type":"Polygon","coordinates":[[[-0.211581541358212,51.5291036049055],[-0.212132956825638,51.5268602533395],[-0.216005754277179,51.5279299651202],[-0.210817982196357,51.5320137741722],[-0.211581541358212,51.5291036049055]]]},"properties":{"LSOA21CD":"E01004720","LSOA21NM":"Westminster 004C"}},{"type":"Feature","geometry":{"type":"Polygon","coordinates":[[[-0.205519415622061,51.5282248897529],[-0.2048739110015,51.5259958684709],[-0.207283707101034,51.5262697794654],[-0.212132956825638,51.5268602533395],[-0.211581541358212,51.5291036049055],[-0.207482824397501,51.5292119092359],[-0.205519415622061,51.5282248897529]]]},"properties":{"LSOA21CD":"E01004721","LSOA21NM":"Westminster 004D"}},{"type":"Feature","geometry":{"type":"Polygon","coordinates":[[[-0.204109924361267,51.5309927216445],[-0.205519415622061,51.5282248897529],[-0.207482824397501,51.5292119092359],[-0.208673789045735,51.531860312612],[-0.204109924361267,51.5309927216445]]]},"properties":{"LSOA21CD":"E01004722","LSOA21NM":"Westminster 004E"}},{"type":"Feature","geometry":{"type":"Polygon","coordinates":[[[-0.202967239647477,51.5329041295542],[-0.201686712296264,51.5297453350287],[-0.201454732098792,51.5289429153274],[-0.204109924361267,51.5309927216445],[-0.208673789045735,51.531860312612],[-0.210716030479791,51.5320449478534],[-0.209979097964666,51.5322807607247],[-0.203091925016614,51.5329094359043],[-0.202967239647477,51.5329041295542]]]},"properties":{"LSOA21CD":"E01004723","LSOA21NM":"Westminster 005F"}},{"type":"Feature","geometry":{"type":"Polygon","coordinates":[[[-0.166026092644596,51.532977548814],[-0.166983729304956,51.5317515289048],[-0.171543443933777,51.533571202592],[-0.1721070658134,51.5336878566213],[-0.168162559541971,51.534348825346],[-0.166026092644596,51.532977548814]]]},"properties":{"LSOA21CD":"E01004724","LSOA21NM":"Westminster 001C"}},{"type":"Feature","geometry":{"type":"Polygon","coordinates":[[[-0.166983729304956,51.5317515289048],[-0.165533030081299,51.5268868936366],[-0.171925651407205,51.5264234783577],[-0.173861573306553,51.5283906583823],[-0.171543443933777,51.533571202592],[-0.166983729304956,51.5317515289048]]]},"properties":{"LSOA21CD":"E01004725","LSOA21NM":"Westminster 003B"}},{"type":"Feature","geometry":{"type":"Polygon","coordinates":[[[-0.171543443933777,51.533571202592],[-0.173861573306553,51.5283906583823],[-0.175178944870023,51.5280734025628],[-0.180254416102781,51.5274826940651],[-0.181430322264179,51.5283959234153],[-0.17756306385734,51.530178752398],[-0.173950577611001,51.5326672946027],[-0.1721070658134,51.5336878566213],[-0.171543443933777,51.533571202592]]]},"properties":{"LSOA21CD":"E01004726","LSOA21NM":"Westminster 003C"}},{"type":"Feature","geometry":{"type":"Polygon","coordinates":[[[-0.150545147111389,51.5326279598564],[-0.147171100687343,51.5250431652049],[-0.152553658876538,51.5230904158746],[-0.153314899499302,51.5228796406752],[-0.157540618335198,51.522143229573],[-0.160200436311331,51.525116153488],[-0.160291229959386,51.5251661557647],[-0.163971118431155,51.5251625977159],[-0.165533030081299,51.5268868936366],[-0.166983729304956,51.5317515289048],[-0.166026092644596,51.532977548814],[-0.160391843932262,51.5360860171853],[-0.158662470707874,51.5302941572392],[-0.150545147111389,51.5326279598564]]]},"properties":{"LSOA21CD":"E01004727","LSOA21NM":"Westminster 008D"}},{"type":"Feature","geometry":{"type":"Polygon","coordinates":[[[-0.171925651407205,51.5264234783577],[-0.176823702469464,51.5246267069471],[-0.177938784227061,51.5254746650624],[-0.178270602998111,51.5257824207896],[-0.175178944870023,51.5280734025628],[-0.173861573306553,51.5283906583823],[-0.171925651407205,51.5264234783577]]]},"properties":{"LSOA21CD":"E01004728","LSOA21NM":"Westminster 003D"}},{"type":"Feature","geometry":{"type":"Polygon","coordinates":[[[-0.178270602998111,51.5257824207896],[-0.179374953234844,51.5267805272428],[-0.180254416102781,51.5274826940651],[-0.175178944870023,51.5280734025628],[-0.178270602998111,51.5257824207896]]]},"properties":{"LSOA21CD":"E01004729","LSOA21NM":"Westminster 003E"}},{"type":"Feature","geometry":{"type":"Polygon","coordinates":[[[-0.152309476610561,51.5366025254021],[-0.150545147111389,51.5326279598564],[-0.158662470707874,51.5302941572392],[-0.160391843932262,51.5360860171853],[-0.166026092644596,51.532977548814],[-0.168162559541971,51.534348825346],[-0.164936253619244,51.5357815939392],[-0.160462447188975,51.5372833503839],[-0.152707650688267,51.5375214628732],[-0.152309476610561,51.5366025254021]]]},"properties":{"LSOA21CD":"E01004730","LSOA21NM":"Westminster 001D"}},{"type":"Feature","geometry":{"type":"Polygon","coordinates":[[[-0.127834070340612,51.5022218132909],[-0.129772196624699,51.4993569758442],[-0.133435008626769,51.496106003691],[-0.134563678412768,51.4953245439822],[-0.13728477463006,51.4972528122225],[-0.142607666051999,51.4965776282098],[-0.146283336033167,51.4972334257609],[-0.151173238457066,51.5015524087942],[-0.151598932216901,51.5018614865665],[-0.149881468020776,51.502538482204],[-0.140356002030563,51.498419290595],[-0.137051302634449,51.503300764527],[-0.127834070340612,51.5022218132909]]]},"properties":{"LSOA21CD":"E01004731","LSOA21NM":"Westminster 020A"}},{"type":"Feature","geometry":{"type":"Polygon","coordinates":[[[-0.133435008626769,51.496106003691],[-0.129772196624699,51.4993569758442],[-0.128546235694753,51.4969273688932],[-0.133435008626769,51.496106003691]]]},"properties":{"LSOA21CD":"E01004732","LSOA21NM":"Westminster 020B"}},{"type":"Feature","geometry":{"type":"Polygon","coordinates":[[[-0.119547430462484,51.5080223257103],[-0.121349370238457,51.5074102522213],[-0.122264781903832,51.5038952146376],[-0.124656688439287,51.4947078675994],[-0.12467399455732,51.494678367575],[-0.126889093554101,51.4948503463234],[-0.133090125770251,51.4938970387929],[-0.133282217304916,51.4937219288854],[-0.134563678412768,51.4953245439822],[-0.133435008626769,51.496106003691],[-0.128546235694753,51.4969273688932],[-0.129772196624699,51.4993569758442],[-0.127834070340612,51.5022218132909],[-0.122390338230657,51.5079837785991],[-0.120420407419464,51.5086241562328],[-0.119547430462484,51.5080223257103]]]},"properties":{"LSOA21CD":"E01004733","LSOA21NM":"Westminster 020C"}},{"type":"Feature","geometry":{"type":"Polygon","coordinates":[[[-0.126746634329101,51.5130456412136],[-0.121371780989268,51.5089169225799],[-0.119737532930702,51.5110669558411],[-0.120420407419464,51.5086241562328],[-0.122390338230657,51.5079837785991],[-0.131743670831245,51.5085158253718],[-0.13305444145123,51.5114725231517],[-0.128985303925269,51.513439262674],[-0.126746634329101,51.5130456412136]]]},"properties":{"LSOA21CD":"E01004734","LSOA21NM":"Westminster 018A"}},{"type":"Feature","geometry":{"type":"Polygon","coordinates":[[[-0.111451652859838,51.5107581934199],[-0.111493710687772,51.5107574442693],[-0.119547430462484,51.5080223257103],[-0.120420407419464,51.5086241562328],[-0.119737532930702,51.5110669558411],[-0.121371780989268,51.5089169225799],[-0.126746634329101,51.5130456412136],[-0.12419467177542,51.5142703091945],[-0.118535484029751,51.5148987866586],[-0.11152745605421,51.5152244849682],[-0.111451652859838,51.5107581934199]]]},"properties":{"LSOA21CD":"E01004735","LSOA21NM":"Westminster 018B"}},{"type":"Feature","geometry":{"type":"Polygon","coordinates":[[[-0.122390338230657,51.5079837785991],[-0.127834070340612,51.5022218132909],[-0.137051302634449,51.503300764527],[-0.140356002030563,51.498419290595],[-0.149881468020776,51.502538482204],[-0.139354447233374,51.5082981835086],[-0.133896382596414,51.5107949467799],[-0.13305444145123,51.5114725231517],[-0.131743670831245,51.5085158253718],[-0.122390338230657,51.5079837785991]]]},"properties":{"LSOA21CD":"E01004736","LSOA21NM":"Westminster 018C"}},{"type":"Feature","geometry":{"type":"Polygon","coordinates":[[[-0.131065089374109,51.4893781941446],[-0.128448979305982,51.4882424915204],[-0.131176872281695,51.4872794046811],[-0.133999706915667,51.4879916487852],[-0.132646052059881,51.4901729367565],[-0.131065089374109,51.4893781941446]]]},"properties":{"LSOA21CD":"E01004737","LSOA21NM":"Westminster 024C"}},{"type":"Feature","geometry":{"type":"Polygon","coordinates":[[[-0.138018656951842,51.4927565550196],[-0.134874794486666,51.4912555117707],[-0.135606623164185,51.489845646755],[-0.138288543703841,51.4904167493203],[-0.138134462104053,51.492812082838],[-0.138018656951842,51.4927565550196]]]},"properties":{"LSOA21CD":"E01004740","LSOA21NM":"Westminster 021A"}},{"type":"Feature","geometry":{"type":"Polygon","coordinates":[[[-0.132646052059881,51.4901729367565],[-0.133999706915667,51.4879916487852],[-0.136222237910294,51.4885227554678],[-0.135606623164185,51.489845646755],[-0.134874794486666,51.4912555117707],[-0.132646052059881,51.4901729367565]]]},"properties":{"LSOA21CD":"E01004741","LSOA21NM":"Westminster 024F"}},{"type":"Feature","geometry":{"type":"Polygon","coordinates":[[[-0.135606623164185,51.489845646755],[-0.136222237910294,51.4885227554678],[-0.138290405421178,51.4877056383537],[-0.138455425099182,51.4881345546192],[-0.138560368610549,51.4901627068522],[-0.138288543703841,51.4904167493203],[-0.135606623164185,51.489845646755]]]},"properties":{"LSOA21CD":"E01004742","LSOA21NM":"Westminster 022A"}},{"type":"Feature","geometry":{"type":"Polygon","coordinates":[[[-0.129498506361632,51.4932407112012],[-0.133090125770251,51.4938970387929],[-0.126889093554101,51.4948503463234],[-0.129498506361632,51.4932407112012]]]},"properties":{"LSOA21CD":"E01004743","LSOA21NM":"Westminster 021B"}},{"type":"Feature","geometry":{"type":"Polygon","coordinates":[[[-0.134563678412768,51.4953245439822],[-0.133282217304916,51.4937219288854],[-0.133743078244884,51.4930249978284],[-0.138018656951842,51.4927565550196],[-0.138134462104053,51.492812082838],[-0.139980628476285,51.4937347452234],[-0.13728477463006,51.4972528122225],[-0.134563678412768,51.4953245439822]]]},"properties":{"LSOA21CD":"E01004744","LSOA21NM":"Westminster 020D"}},{"type":"Feature","geometry":{"type":"Polygon","coordinates":[[[-0.129498506361632,51.4932407112012],[-0.130434948068656,51.492251091612],[-0.131402171886374,51.4924409205077],[-0.133743078244884,51.4930249978284],[-0.133282217304916,51.4937219288854],[-0.133090125770251,51.4938970387929],[-0.129498506361632,51.4932407112012]]]},"properties":{"LSOA21CD":"E01004746","LSOA21NM":"Westminster 021D"}},{"type":"Feature","geometry":{"type":"Polygon","coordinates":[[[-0.131402171886374,51.4924409205077],[-0.131065089374109,51.4893781941446],[-0.132646052059881,51.4901729367565],[-0.134874794486666,51.4912555117707],[-0.138018656951842,51.4927565550196],[-0.133743078244884,51.4930249978284],[-0.131402171886374,51.4924409205077]]]},"properties":{"LSOA21CD":"E01004747","LSOA21NM":"Westminster 021E"}},{"type":"Feature","geometry":{"type":"Polygon","coordinates":[[[-0.139980628476285,51.4937347452234],[-0.141235937282747,51.494555904369],[-0.142607666051999,51.4965776282098],[-0.13728477463006,51.4972528122225],[-0.139980628476285,51.4937347452234]]]},"properties":{"LSOA21CD":"E01004748","LSOA21NM":"Westminster 020E"}},{"type":"Feature","geometry":{"type":"Polygon","coordinates":[[[-0.139980628476285,51.4937347452234],[-0.138134462104053,51.492812082838],[-0.138288543703841,51.4904167493203],[-0.138560368610549,51.4901627068522],[-0.141050577324388,51.4895184015169],[-0.142237882125818,51.4900767766763],[-0.143403979199914,51.4929716101527],[-0.141235937282747,51.494555904369],[-0.139980628476285,51.4937347452234]]]},"properties":{"LSOA21CD":"E01004749","LSOA21NM":"Westminster 022B"}},{"type":"Feature","geometry":{"type":"Polygon","coordinates":[[[-0.142607666051999,51.4965776282098],[-0.141235937282747,51.494555904369],[-0.143403979199914,51.4929716101527],[-0.146824899885728,51.4892140828196],[-0.148413107080897,51.4901202626372],[-0.15030454041289,51.4933267154075],[-0.14851506428317,51.4947524610806],[-0.146283336033167,51.4972334257609],[-0.142607666051999,51.4965776282098]]]},"properties":{"LSOA21CD":"E01004750","LSOA21NM":"Westminster 023E"}},{"type":"Feature","geometry":{"type":"Polygon","coordinates":[[[-0.142237882125818,51.4900767766763],[-0.145472970680861,51.4885773876296],[-0.14640001937828,51.489007020159],[-0.146824899885728,51.4892140828196],[-0.143403979199914,51.4929716101527],[-0.142237882125818,51.4900767766763]]]},"properties":{"LSOA21CD":"E01004751","LSOA21NM":"Westminster 022C"}},{"type":"Feature","geometry":{"type":"Polygon","coordinates":[[[-0.138455425099182,51.4881345546192],[-0.139461516098054,51.4880140938936],[-0.141050577324388,51.4895184015169],[-0.138560368610549,51.4901627068522],[-0.138455425099182,51.4881345546192]]]},"properties":{"LSOA21CD":"E01004752","LSOA21NM":"Westminster 022D"}},{"type":"Feature","geometry":{"type":"Polygon","coordinates":[[[-0.141050577324388,51.4895184015169],[-0.139461516098054,51.4880140938936],[-0.14136989884113,51.4877746723851],[-0.142891368541585,51.487576583953],[-0.145472970680861,51.4885773876296],[-0.142237882125818,51.4900767766763],[-0.141050577324388,51.4895184015169]]]},"properties":{"LSOA21CD":"E01004753","LSOA21NM":"Westminster 022E"}},{"type":"Feature","geometry":{"type":"Polygon","coordinates":[[[-0.187401867327606,51.5223710429625],[-0.188276845719163,51.5219329130471],[-0.193031311324141,51.5222922820239],[-0.193431831401676,51.5227433701633],[-0.189045736868021,51.5243268985753],[-0.187401867327606,51.5223710429625]]]},"properties":{"LSOA21CD":"E01004754","LSOA21NM":"Westminster 010A"}},{"type":"Feature","geometry":{"type":"Polygon","coordinates":[[[-0.193431831401676,51.5227433701633],[-0.193031311324141,51.5222922820239],[-0.201126483849408,51.5215533221833],[-0.201560068721357,51.5227453382833],[-0.201525386503955,51.5242177693567],[-0.197635791118833,51.5234342547574],[-0.193181295033453,51.5246547082463],[-0.193431831401676,51.5227433701633]]]},"properties":{"LSOA21CD":"E01004755","LSOA21NM":"Westminster 010B"}},{"type":"Feature","geometry":{"type":"Polygon","coordinates":[[[-0.19029649735813,51.5249221781481],[-0.189045736868021,51.5243268985753],[-0.193431831401676,51.5227433701633],[-0.193181295033453,51.5246547082463],[-0.191419914160806,51.5254940785337],[-0.19029649735813,51.5249221781481]]]},"properties":{"LSOA21CD":"E01004756","LSOA21NM":"Westminster 006E"}},{"type":"Feature","geometry":{"type":"Polygon","coordinates":[[[-0.185632354877029,51.521788541892],[-0.180934271735243,51.5207954538295],[-0.179967267395808,51.5200970295757],[-0.185021954571558,51.5195257731977],[-0.18873116805487,51.5195833894811],[-0.188276845719163,51.5219329130471],[-0.187401867327606,51.5223710429625],[-0.185632354877029,51.521788541892]]]},"properties":{"LSOA21CD":"E01004757","LSOA21NM":"Westminster 010C"}},{"type":"Feature","geometry":{"type":"Polygon","coordinates":[[[-0.197884170987586,51.5187306538173],[-0.19701641069991,51.5172589500029],[-0.199921977877782,51.5168497241016],[-0.202595454363339,51.5191032355935],[-0.203015373272766,51.519558850696],[-0.197884170987586,51.5187306538173]]]},"properties":{"LSOA21CD":"E01004760","LSOA21NM":"Westminster 014E"}},{"type":"Feature","geometry":{"type":"Polygon","coordinates":[[[-0.139354447233374,51.5082981835086],[-0.149881468020776,51.502538482204],[-0.151598932216901,51.5018614865665],[-0.152636868828231,51.5038202035774],[-0.150927815640859,51.5053857834093],[-0.151185624053394,51.5109102950376],[-0.15461042983519,51.5108287248928],[-0.14832224746028,51.5126817421153],[-0.139354447233374,51.5082981835086]]]},"properties":{"LSOA21CD":"E01004761","LSOA21NM":"Westminster 018D"}},{"type":"Feature","geometry":{"type":"Polygon","coordinates":[[[-0.14832224746028,51.5126817421153],[-0.15461042983519,51.5108287248928],[-0.151185624053394,51.5109102950376],[-0.150927815640859,51.5053857834093],[-0.158370351442487,51.5134134998148],[-0.155954193485132,51.5137188586973],[-0.150706436766399,51.5142222143327],[-0.14832224746028,51.5126817421153]]]},"properties":{"LSOA21CD":"E01004762","LSOA21NM":"Westminster 011E"}},{"type":"Feature","geometry":{"type":"Polygon","coordinates":[[[-0.136097950162432,51.5189569245116],[-0.1308191457925,51.5170996874728],[-0.130370249554919,51.5163821325207],[-0.128985303925269,51.513439262674],[-0.13305444145123,51.5114725231517],[-0.133896382596414,51.5107949467799],[-0.132230101679398,51.5132359483611],[-0.137225820022704,51.5165387266987],[-0.140673240452439,51.5204921498372],[-0.139154134568971,51.5208173909126],[-0.136097950162432,51.5189569245116]]]},"properties":{"LSOA21CD":"E01004763","LSOA21NM":"Westminster 013B"}},{"type":"Feature","geometry":{"type":"Polygon","coordinates":[[[-0.137225820022704,51.5165387266987],[-0.146923708266462,51.5146433381652],[-0.146944651980329,51.5156375498933],[-0.144750506815517,51.5197804256529],[-0.140673240452439,51.5204921498372],[-0.137225820022704,51.5165387266987]]]},"properties":{"LSOA21CD":"E01004765","LSOA21NM":"Westminster 013D"}},{"type":"Feature","geometry":{"type":"Polygon","coordinates":[[[-0.188276845719163,51.5219329130471],[-0.18873116805487,51.5195833894811],[-0.191363431072563,51.5197160066936],[-0.197851694501048,51.5187523828871],[-0.200692362700246,51.5210173575246],[-0.201126483849408,51.5215533221833],[-0.193031311324141,51.5222922820239],[-0.188276845719163,51.5219329130471]]]},"properties":{"LSOA21CD":"E01032512","LSOA21NM":"Westminster 010F"}},{"type":"Feature","geometry":{"type":"Polygon","coordinates":[[[-0.197851694501048,51.5187523828871],[-0.197884170987586,51.5187306538173],[-0.203015373272766,51.519558850696],[-0.203652204834396,51.5205853663641],[-0.200692362700246,51.5210173575246],[-0.197851694501048,51.5187523828871]]]},"properties":{"LSOA21CD":"E01032513","LSOA21NM":"Westminster 010G"}},{"type":"Feature","geometry":{"type":"Polygon","coordinates":[[[-0.264783593824778,51.5004996171277],[-0.262887723242718,51.4980213316323],[-0.261919100684334,51.4956072805799],[-0.259869919768935,51.4978906417582],[-0.255585379790037,51.4962749854102],[-0.255413109506458,51.4949142554739],[-0.263903992466065,51.4943550289628],[-0.267581494637011,51.4939442584682],[-0.267395617785528,51.4962203309991],[-0.265234519651153,51.5014293120235],[-0.264783593824778,51.5004996171277]]]},"properties":{"LSOA21CD":"E01032572","LSOA21NM":"Ealing 040D"}},{"type":"Feature","geometry":{"type":"Polygon","coordinates":[[[-0.263087706723794,51.4910491589501],[-0.266536789925187,51.4885714206355],[-0.269051428169186,51.4929160357853],[-0.269934797093113,51.494163206582],[-0.267581494637011,51.4939442584682],[-0.263903992466065,51.4943550289628],[-0.263087706723794,51.4910491589501]]]},"properties":{"LSOA21CD":"E01032573","LSOA21NM":"Hounslow 029E"}},{"type":"Feature","geometry":{"type":"Polygon","coordinates":[[[-0.375581370880298,51.571629155923],[-0.376366850357882,51.5702540006632],[-0.383351735879754,51.5673613554648],[-0.385871100375485,51.5709086706856],[-0.380965887562853,51.5738317498552],[-0.382889856740056,51.5704540781822],[-0.375581370880298,51.571629155923]]]},"properties":{"LSOA21CD":"E01032576","LSOA21NM":"Harrow 032E"}},{"type":"Feature","geometry":{"type":"Polygon","coordinates":[[[-0.385871100375485,51.5709086706856],[-0.383351735879754,51.5673613554648],[-0.382413752769071,51.5641992597931],[-0.385512774237429,51.5598509014741],[-0.392669553104632,51.5628246215176],[-0.389458025428882,51.5643931565049],[-0.385929471634255,51.565888953837],[-0.388054594173657,51.5695633545699],[-0.385913437988987,51.5709654457065],[-0.385871100375485,51.5709086706856]]]},"properties":{"LSOA21CD":"E01032577","LSOA21NM":"Hillingdon 033E"}},{"type":"Feature","geometry":{"type":"Polygon","coordinates":[[[-0.375175003749195,51.5297283453567],[-0.376359000878541,51.5288418539427],[-0.380980713315079,51.5294167877536],[-0.379622042480673,51.5310723736825],[-0.375553017500757,51.5310540627717],[-0.375175003749195,51.5297283453567]]]},"properties":{"LSOA21CD":"E01032743","LSOA21NM":"Ealing 010F"}},{"type":"Feature","geometry":{"type":"Polygon","coordinates":[[[-0.371355906178297,51.5346017447803],[-0.369311079000197,51.5307944202642],[-0.369843435263384,51.5293233516037],[-0.372267766718139,51.5289927067746],[-0.375175003749195,51.5297283453567],[-0.375553017500757,51.5310540627717],[-0.373258806472209,51.5356424155417],[-0.371355906178297,51.5346017447803]]]},"properties":{"LSOA21CD":"E01032744","LSOA21NM":"Ealing 010G"}},{"type":"Feature","geometry":{"type":"Polygon","coordinates":[[[-0.184420146610505,51.4677435689728],[-0.184468950907365,51.4676477770603],[-0.18590496958854,51.4673765332129],[-0.187192933441062,51.4671332345591],[-0.188532239120871,51.469425492455],[-0.187843078224795,51.4703706773966],[-0.184782628556592,51.471590852602],[-0.184623791855708,51.4718427950238],[-0.184420146610505,51.4677435689728]]]},"properties":{"LSOA21CD":"E01032788","LSOA21NM":"Hammersmith and Fulham 023D"}},{"type":"Feature","geometry":{"type":"Polygon","coordinates":[[[-0.181387074038999,51.473695885882],[-0.184035715509289,51.4727975726405],[-0.183681098231408,51.4736796251143],[-0.181324538139888,51.4738185933428],[-0.181387074038999,51.473695885882]]]},"properties":{"LSOA21CD":"E01032789","LSOA21NM":"Hammersmith and Fulham 023E"}},{"type":"Feature","geometry":{"type":"Polygon","coordinates":[[[-0.184420146610505,51.4677435689728],[-0.184623791855708,51.4718427950238],[-0.184035715509289,51.4727975726405],[-0.181387074038999,51.473695885882],[-0.182348188184091,51.4718099072219],[-0.184420146610505,51.4677435689728]]]},"properties":{"LSOA21CD":"E01032790","LSOA21NM":"Hammersmith and Fulham 023F"}},{"type":"Feature","geometry":{"type":"Polygon","coordinates":[[[-0.412166523890367,51.4481389580476],[-0.412302873075521,51.4444923749278],[-0.414921767493632,51.4467127293245],[-0.416353197705426,51.448147527933],[-0.415281168627464,51.4493355379797],[-0.412166523890367,51.4481389580476]]]},"properties":{"LSOA21CD":"E01033000","LSOA21NM":"Hounslow 025F"}},{"type":"Feature","geometry":{"type":"Polygon","coordinates":[[[-0.411440299437393,51.4477610629764],[-0.411217103012376,51.4476457313514],[-0.411179943572878,51.444123264727],[-0.412302873075521,51.4444923749278],[-0.412166523890367,51.4481389580476],[-0.411440299437393,51.4477610629764]]]},"properties":{"LSOA21CD":"E01033030","LSOA21NM":"Hounslow 025G"}},{"type":"Feature","geometry":{"type":"Polygon","coordinates":[[[-0.297902657344472,51.4854798560005],[-0.298964454878668,51.4852556918667],[-0.299091593713872,51.485112562179],[-0.301856777222334,51.481999269491],[-0.304348199700806,51.4846546461514],[-0.299928065349989,51.4864829262959],[-0.297902657344472,51.4854798560005]]]},"properties":{"LSOA21CD":"E01033081","LSOA21NM":"Hounslow 031D"}},{"type":"Feature","geometry":{"type":"Polygon","coordinates":[[[-0.301856777222334,51.481999269491],[-0.303814844805249,51.4797943867256],[-0.31295140066711,51.4808270928376],[-0.308004200262513,51.4831978156749],[-0.306846934547362,51.4844209325367],[-0.304348199700806,51.4846546461514],[-0.301856777222334,51.481999269491]]]},"properties":{"LSOA21CD":"E01033082","LSOA21NM":"Hounslow 031C"}},{"type":"Feature","geometry":{"type":"Polygon","coordinates":[[[-0.358608357640543,51.4699603207369],[-0.358509408626327,51.4696780417398],[-0.365115025070765,51.4668405780548],[-0.366049745749196,51.4679889829615],[-0.366482705075228,51.4690369308132],[-0.362597053089218,51.4715500793624],[-0.358608357640543,51.4699603207369]]]},"properties":{"LSOA21CD":"E01033083","LSOA21NM":"Hounslow 018F"}},{"type":"Feature","geometry":{"type":"Polygon","coordinates":[[[-0.358908143557078,51.4635626261208],[-0.361666664132107,51.4621651863479],[-0.362653348351949,51.4616626969223],[-0.364714665618524,51.4663426827712],[-0.365115025070765,51.4668405780548],[-0.358509408626327,51.4696780417398],[-0.356843604708975,51.4699251064086],[-0.362117220969853,51.4663133603423],[-0.358908143557078,51.4635626261208]]]},"properties":{"LSOA21CD":"E01033084","LSOA21NM":"Hounslow 018G"}},{"type":"Feature","geometry":{"type":"Polygon","coordinates":[[[-0.241313223596231,51.5354121574444],[-0.241452832546742,51.5335722816594],[-0.245836657162594,51.5360496575849],[-0.245590730675785,51.5364238753693],[-0.241313223596231,51.5354121574444]]]},"properties":{"LSOA21CD":"E01033455","LSOA21NM":"Brent 031G"}},{"type":"Feature","geometry":{"type":"Polygon","coordinates":[[[-0.259628741271283,51.5439236675402],[-0.258874329519016,51.5414511526562],[-0.260182347661261,51.5412416892285],[-0.263756416949919,51.5409840441081],[-0.274169202594646,51.543329038776],[-0.263664939234422,51.5446043827617],[-0.259628741271283,51.5439236675402]]]},"properties":{"LSOA21CD":"E01033456","LSOA21NM":"Brent 027F"}},{"type":"Feature","geometry":{"type":"Polygon","coordinates":[[[-0.28452579625711,51.5593417895553],[-0.286288988102786,51.5571776720866],[-0.287052499109035,51.5572069474868],[-0.290511424893369,51.5594503174128],[-0.290380484959621,51.559675889144],[-0.280689828741016,51.5622627739159],[-0.28452579625711,51.5593417895553]]]},"properties":{"LSOA21CD":"E01033457","LSOA21NM":"Brent 035A"}},{"type":"Feature","geometry":{"type":"Polygon","coordinates":[[[-0.295093635211565,51.5866522487636],[-0.287765617423601,51.5857869221698],[-0.285008612570804,51.5854488555005],[-0.292976546076487,51.5824131073536],[-0.283232274692065,51.5837814403215],[-0.287180145494427,51.5797606500641],[-0.290267439076687,51.5799497010906],[-0.294401057067795,51.5811760588806],[-0.299208496959049,51.5844789201728],[-0.295679985560308,51.5867000181521],[-0.295093635211565,51.5866522487636]]]},"properties":{"LSOA21CD":"E01033463","LSOA21NM":"Brent 003G"}},{"type":"Feature","geometry":{"type":"Polygon","coordinates":[[[-0.241452832546742,51.5335722816594],[-0.240201068640248,51.5319491833808],[-0.246370875372233,51.5328005226537],[-0.24712975016779,51.5334428001617],[-0.247563594700236,51.5356313692843],[-0.245836657162594,51.5360496575849],[-0.241452832546742,51.5335722816594]]]},"properties":{"LSOA21CD":"E01033485","LSOA21NM":"Brent 031H"}},{"type":"Feature","geometry":{"type":"Polygon","coordinates":[[[-0.170165613140758,51.5199467989858],[-0.169981746849361,51.5198237771083],[-0.17215327866984,51.5175160524897],[-0.177725940184169,51.5183484641568],[-0.17864488308165,51.5200835482868],[-0.170165613140758,51.5199467989858]]]},"properties":{"LSOA21CD":"E01033593","LSOA21NM":"Westminster 015F"}},{"type":"Feature","geometry":{"type":"Polygon","coordinates":[[[-0.16816899264465,51.5186126783331],[-0.170313059252832,51.5152480187802],[-0.173342530176304,51.5148186222593],[-0.178024316800101,51.5163212675189],[-0.177725940184169,51.5183484641568],[-0.17215327866984,51.5175160524897],[-0.169981746849361,51.5198237771083],[-0.16816899264465,51.5186126783331]]]},"properties":{"LSOA21CD":"E01033594","LSOA21NM":"Westminster 015G"}},{"type":"Feature","geometry":{"type":"Polygon","coordinates":[[[-0.14564999587254,51.4870132379596],[-0.145032464521513,51.4856571493558],[-0.149196161272392,51.4857750956834],[-0.149512662325768,51.4857969919401],[-0.151718217842422,51.4870680314471],[-0.150100249266263,51.4878909016905],[-0.14564999587254,51.4870132379596]]]},"properties":{"LSOA21CD":"E01033597","LSOA21NM":"Westminster 023F"}},{"type":"Feature","geometry":{"type":"Polygon","coordinates":[[[-0.169886544340207,51.5260622432264],[-0.169584395108402,51.5254341763964],[-0.172289983920842,51.5249268913499],[-0.174512645417971,51.5236629604554],[-0.174849490849942,51.5232835589905],[-0.175990544293164,51.5240842513677],[-0.176823702469464,51.5246267069471],[-0.171925651407205,51.5264234783577],[-0.169886544340207,51.5260622432264]]]},"properties":{"LSOA21CD":"E01033598","LSOA21NM":"Westminster 009F"}},{"type":"Feature","geometry":{"type":"Polygon","coordinates":[[[-0.146824899885728,51.4892140828196],[-0.14640001937828,51.489007020159],[-0.14564999587254,51.4870132379596],[-0.150100249266263,51.4878909016905],[-0.148413107080897,51.4901202626372],[-0.146824899885728,51.4892140828196]]]},"properties":{"LSOA21CD":"E01033599","LSOA21NM":"Westminster 023G"}},{"type":"Feature","geometry":{"type":"Polygon","coordinates":[[[-0.166326875539841,51.5245854304077],[-0.166756532649123,51.523542702118],[-0.167543338133939,51.5217009242991],[-0.168989290396055,51.52273623782],[-0.169584395108402,51.5254341763964],[-0.169886544340207,51.5260622432264],[-0.166326875539841,51.5245854304077]]]},"properties":{"LSOA21CD":"E01033601","LSOA21NM":"Westminster 009G"}},{"type":"Feature","geometry":{"type":"Polygon","coordinates":[[[-0.168989290396055,51.52273623782],[-0.169701285760232,51.5223356019012],[-0.172289983920842,51.5249268913499],[-0.169584395108402,51.5254341763964],[-0.168989290396055,51.52273623782]]]},"properties":{"LSOA21CD":"E01033602","LSOA21NM":"Westminster 009H"}},{"type":"Feature","geometry":{"type":"Polygon","coordinates":[[[-0.165194043911483,51.5223349924349],[-0.167133764410921,51.5204805448377],[-0.167543338133939,51.5217009242991],[-0.166756532649123,51.523542702118],[-0.165194043911483,51.5223349924349]]]},"properties":{"LSOA21CD":"E01033603","LSOA21NM":"Westminster 009I"}},{"type":"Feature","geometry":{"type":"Polygon","coordinates":[[[-0.169701285760232,51.5223356019012],[-0.168989290396055,51.52273623782],[-0.167543338133939,51.5217009242991],[-0.167133764410921,51.5204805448377],[-0.170165613140758,51.5199467989858],[-0.174849490849942,51.5232835589905],[-0.174512645417971,51.5236629604554],[-0.169701285760232,51.5223356019012]]]},"properties":{"LSOA21CD":"E01033604","LSOA21NM":"Westminster 009J"}},{"type":"Feature","geometry":{"type":"Polygon","coordinates":[[[-0.169701285760232,51.5223356019012],[-0.174512645417971,51.5236629604554],[-0.172289983920842,51.5249268913499],[-0.169701285760232,51.5223356019012]]]},"properties":{"LSOA21CD":"E01033605","LSOA21NM":"Westminster 009K"}},{"type":"Feature","geometry":{"type":"Polygon","coordinates":[[[-0.26225430330583,51.5962769081495],[-0.259744700728492,51.594176044058],[-0.258061633268024,51.592621948852],[-0.259946948186059,51.59191919952],[-0.267561066118249,51.5940505318345],[-0.262339950406632,51.5963455240575],[-0.26225430330583,51.5962769081495]]]},"properties":{"LSOA21CD":"E01033929","LSOA21NM":"Brent 002F"}},{"type":"Feature","geometry":{"type":"Polygon","coordinates":[[[-0.259946948186059,51.59191919952],[-0.259177479746525,51.5889972462503],[-0.261821086285395,51.5887503567335],[-0.267757184808002,51.5935733144253],[-0.267561066118249,51.5940505318345],[-0.259946948186059,51.59191919952]]]},"properties":{"LSOA21CD":"E01033930","LSOA21NM":"Brent 002G"}},{"type":"Feature","geometry":{"type":"Polygon","coordinates":[[[-0.276424122828518,51.5654472935654],[-0.270929219533686,51.5640991483216],[-0.278183805987096,51.5630963216308],[-0.278993437333206,51.563346362162],[-0.284224307999184,51.5657435552355],[-0.276424122828518,51.5654472935654]]]},"properties":{"LSOA21CD":"E01033931","LSOA21NM":"Brent 009F"}},{"type":"Feature","geometry":{"type":"Polygon","coordinates":[[[-0.264435631510915,51.5653227368875],[-0.271085981093031,51.5613049219329],[-0.278183805987096,51.5630963216308],[-0.270929219533686,51.5640991483216],[-0.26885348042689,51.5653174908619],[-0.265395243495795,51.5657243978062],[-0.264435631510915,51.5653227368875]]]},"properties":{"LSOA21CD":"E01033932","LSOA21NM":"Brent 009G"}},{"type":"Feature","geometry":{"type":"Polygon","coordinates":[[[-0.239375080836973,51.5646563640784],[-0.238870152313731,51.5633426456293],[-0.243822575562547,51.5639747631799],[-0.247487727475447,51.5651709697754],[-0.244484824903374,51.5661991715642],[-0.239375080836973,51.5646563640784]]]},"properties":{"LSOA21CD":"E01033933","LSOA21NM":"Brent 010G"}},{"type":"Feature","geometry":{"type":"Polygon","coordinates":[[[-0.244484824903374,51.5661991715642],[-0.247487727475447,51.5651709697754],[-0.243822575562547,51.5639747631799],[-0.246082534910099,51.5622455810368],[-0.246482617701914,51.5616710739854],[-0.250304246154439,51.5650782377879],[-0.245266954013263,51.5671057323297],[-0.244484824903374,51.5661991715642]]]},"properties":{"LSOA21CD":"E01033934","LSOA21NM":"Brent 010H"}},{"type":"Feature","geometry":{"type":"Polygon","coordinates":[[[-0.292772580478887,51.5562729639909],[-0.293751588154743,51.5546403783563],[-0.296384995522837,51.5528573697505],[-0.299076056146841,51.5520286467106],[-0.300330000551602,51.557008027662],[-0.299717407369242,51.5571789253782],[-0.292772580478887,51.5562729639909]]]},"properties":{"LSOA21CD":"E01033935","LSOA21NM":"Brent 020F"}},{"type":"Feature","geometry":{"type":"Polygon","coordinates":[[[-0.290022513331324,51.5544643063617],[-0.293416670405487,51.5521195525167],[-0.296154723377513,51.5527367547722],[-0.296384995522837,51.5528573697505],[-0.293751588154743,51.5546403783563],[-0.290022513331324,51.5544643063617]]]},"properties":{"LSOA21CD":"E01033936","LSOA21NM":"Brent 020G"}},{"type":"Feature","geometry":{"type":"Polygon","coordinates":[[[-0.256652788474946,51.5401461883579],[-0.25656661436627,51.5380225861019],[-0.256392627460425,51.5369805209387],[-0.259984850564642,51.537781715017],[-0.260182347661261,51.5412416892285],[-0.258874329519016,51.5414511526562],[-0.256652788474946,51.5401461883579]]]},"properties":{"LSOA21CD":"E01033937","LSOA21NM":"Brent 027G"}},{"type":"Feature","geometry":{"type":"Polygon","coordinates":[[[-0.274169202594646,51.543329038776],[-0.263756416949919,51.5409840441081],[-0.259984850564642,51.537781715017],[-0.256392627460425,51.5369805209387],[-0.255640261031448,51.5339872921807],[-0.2604107397294,51.5345353196242],[-0.266779142965467,51.5304327067387],[-0.282957544422141,51.5288456367274],[-0.28347491184243,51.5289517085919],[-0.283626434527929,51.5329744035196],[-0.277859401574199,51.5349874071779],[-0.282539840621571,51.5386275659079],[-0.276876971099122,51.541964767047],[-0.274729424117799,51.5438181257091],[-0.274169202594646,51.543329038776]]]},"properties":{"LSOA21CD":"E01033938","LSOA21NM":"Brent 027H"}},{"type":"Feature","geometry":{"type":"Polygon","coordinates":[[[-0.28347491184243,51.5289517085919],[-0.289366400750024,51.5316673819388],[-0.283626434527929,51.5329744035196],[-0.28347491184243,51.5289517085919]]]},"properties":{"LSOA21CD":"E01033939","LSOA21NM":"Brent 027I"}},{"type":"Feature","geometry":{"type":"Polygon","coordinates":[[[-0.278589807904863,51.5585938824922],[-0.283862164759086,51.5590968861361],[-0.28452579625711,51.5593417895553],[-0.280689828741016,51.5622627739159],[-0.279900443249688,51.5625894356129],[-0.278589807904863,51.5585938824922]]]},"properties":{"LSOA21CD":"E01033940","LSOA21NM":"Brent 035B"}},{"type":"Feature","geometry":{"type":"Polygon","coordinates":[[[-0.283862164759086,51.5590968861361],[-0.286288988102786,51.5571776720866],[-0.28452579625711,51.5593417895553],[-0.283862164759086,51.5590968861361]]]},"properties":{"LSOA21CD":"E01033941","LSOA21NM":"Brent 035C"}},{"type":"Feature","geometry":{"type":"Polygon","coordinates":[[[-0.278589807904863,51.5585938824922],[-0.27546064185795,51.5585659720562],[-0.277548323055625,51.5548466821817],[-0.286362999521257,51.5548228255252],[-0.287052499109035,51.5572069474868],[-0.286288988102786,51.5571776720866],[-0.283862164759086,51.5590968861361],[-0.278589807904863,51.5585938824922]]]},"properties":{"LSOA21CD":"E01033942","LSOA21NM":"Brent 035D"}},{"type":"Feature","geometry":{"type":"Polygon","coordinates":[[[-0.259929389346911,51.5213594751367],[-0.26118583744178,51.5241929195717],[-0.259290773530944,51.5256304602673],[-0.256338408000196,51.522151705883],[-0.259929389346911,51.5213594751367]]]},"properties":{"LSOA21CD":"E01034026","LSOA21NM":"Ealing 015F"}},{"type":"Feature","geometry":{"type":"Polygon","coordinates":[[[-0.262438152631399,51.524451990714],[-0.26118583744178,51.5241929195717],[-0.259929389346911,51.5213594751367],[-0.256942857129407,51.5175916478625],[-0.256303522573211,51.5168414276314],[-0.257963480861301,51.5156531435293],[-0.259778190679966,51.5151963775761],[-0.261897623277174,51.5184333201292],[-0.266454867715773,51.5172446088341],[-0.265187661112971,51.5193526256501],[-0.262666546399398,51.5222358762088],[-0.265927912044131,51.5250992350244],[-0.262438152631399,51.524451990714]]]},"properties":{"LSOA21CD":"E01034027","LSOA21NM":"Ealing 015G"}},{"type":"Feature","geometry":{"type":"Polygon","coordinates":[[[-0.318603358555025,51.5150117253796],[-0.314357649577561,51.5138772470037],[-0.319563683942294,51.5112987147445],[-0.319700485512638,51.5135347048374],[-0.321810580522519,51.5164233063514],[-0.319479544869693,51.5164990395254],[-0.318603358555025,51.5150117253796]]]},"properties":{"LSOA21CD":"E01034028","LSOA21NM":"Ealing 019F"}},{"type":"Feature","geometry":{"type":"Polygon","coordinates":[[[-0.310911505241322,51.5122938443294],[-0.31298352514591,51.5119331634438],[-0.319476541866759,51.5109037229911],[-0.319563683942294,51.5112987147445],[-0.314357649577561,51.5138772470037],[-0.310911505241322,51.5122938443294]]]},"properties":{"LSOA21CD":"E01034029","LSOA21NM":"Ealing 019G"}},{"type":"Feature","geometry":{"type":"Polygon","coordinates":[[[-0.300625622768281,51.5154220450006],[-0.299216769115292,51.5154357904299],[-0.300012271342587,51.5129312453007],[-0.305561212288741,51.5103992684551],[-0.305557085971265,51.5105872865935],[-0.307836853043621,51.5120687180498],[-0.308022169102195,51.5142751583187],[-0.308119102948899,51.5166415836223],[-0.306351328674034,51.5168948572326],[-0.304002000526357,51.5139446139083],[-0.300625622768281,51.5154220450006]]]},"properties":{"LSOA21CD":"E01034030","LSOA21NM":"Ealing 042A"}},{"type":"Feature","geometry":{"type":"Polygon","coordinates":[[[-0.307836853043621,51.5120687180498],[-0.308039640128864,51.5127309523848],[-0.308022169102195,51.5142751583187],[-0.307836853043621,51.5120687180498]]]},"properties":{"LSOA21CD":"E01034031","LSOA21NM":"Ealing 042B"}},{"type":"Feature","geometry":{"type":"Polygon","coordinates":[[[-0.306846934547362,51.4844209325367],[-0.308004200262513,51.4831978156749],[-0.314376782967599,51.4860294166057],[-0.317023055939004,51.4868201026706],[-0.308041364041341,51.4882663494219],[-0.306846934547362,51.4844209325367]]]},"properties":{"LSOA21CD":"E01034032","LSOA21NM":"Hounslow 006G"}},{"type":"Feature","geometry":{"type":"Polygon","coordinates":[[[-0.308004200262513,51.4831978156749],[-0.31295140066711,51.4808270928376],[-0.31543266055143,51.4856693559894],[-0.314376782967599,51.4860294166057],[-0.308004200262513,51.4831978156749]]]},"properties":{"LSOA21CD":"E01034033","LSOA21NM":"Hounslow 006H"}},{"type":"Feature","geometry":{"type":"Polygon","coordinates":[[[-0.331879574086449,51.4761180157673],[-0.330666383738385,51.4734175267715],[-0.336977760943546,51.474807194846],[-0.334128050394441,51.476435762897],[-0.331700631624712,51.4778239343415],[-0.331879574086449,51.4761180157673]]]},"properties":{"LSOA21CD":"E01034034","LSOA21NM":"Hounslow 014F"}},{"type":"Feature","geometry":{"type":"Polygon","coordinates":[[[-0.330666383738385,51.4734175267715],[-0.328398229614285,51.471359523875],[-0.328452299371375,51.470890831077],[-0.337618482434945,51.4732951134129],[-0.338210394679386,51.4740996616616],[-0.336977760943546,51.474807194846],[-0.330666383738385,51.4734175267715]]]},"properties":{"LSOA21CD":"E01034035","LSOA21NM":"Hounslow 014G"}},{"type":"Feature","geometry":{"type":"Polygon","coordinates":[[[-0.354488958208823,51.4729835473029],[-0.354132753277386,51.4702785455003],[-0.356843604708975,51.4699251064086],[-0.358509408626327,51.4696780417398],[-0.358608357640543,51.4699603207369],[-0.358333822203679,51.4745507000544],[-0.354488958208823,51.4729835473029]]]},"properties":{"LSOA21CD":"E01034036","LSOA21NM":"Hounslow 015F"}},{"type":"Feature","geometry":{"type":"Polygon","coordinates":[[[-0.348855043658162,51.4686438551899],[-0.350309292376378,51.467883575522],[-0.351216940973442,51.4674266355439],[-0.354526648780435,51.4669166425306],[-0.354132753277386,51.4702785455003],[-0.354488958208823,51.4729835473029],[-0.351032288222302,51.4733781168653],[-0.348855043658162,51.4686438551899]]]},"properties":{"LSOA21CD":"E01034037","LSOA21NM":"Hounslow 015G"}},{"type":"Feature","geometry":{"type":"Polygon","coordinates":[[[-0.36826580986927,51.467415628001],[-0.371729700033295,51.4666533565304],[-0.374388071180851,51.4660787278847],[-0.375575866963186,51.4691655729515],[-0.375238669272489,51.4693269280092],[-0.36885961571546,51.4697436957727],[-0.36826580986927,51.467415628001]]]},"properties":{"LSOA21CD":"E01034038","LSOA21NM":"Hounslow 017F"}},{"type":"Feature","geometry":{"type":"Polygon","coordinates":[[[-0.374388071180851,51.4660787278847],[-0.378768652362019,51.4651239626781],[-0.380699094953896,51.4646872465328],[-0.384551487817408,51.4638340650852],[-0.380867466724594,51.4655882079609],[-0.375575866963186,51.4691655729515],[-0.374388071180851,51.4660787278847]]]},"properties":{"LSOA21CD":"E01034039","LSOA21NM":"Hounslow 017G"}},{"type":"Feature","geometry":{"type":"Polygon","coordinates":[[[-0.365115025070765,51.4668405780548],[-0.364714665618524,51.4663426827712],[-0.366833848546523,51.4644980773905],[-0.369630490758447,51.4658665454306],[-0.371943413413225,51.4632434103866],[-0.371729700033295,51.4666533565304],[-0.36826580986927,51.467415628001],[-0.366049745749196,51.4679889829615],[-0.365115025070765,51.4668405780548]]]},"properties":{"LSOA21CD":"E01034040","LSOA21NM":"Hounslow 018H"}},{"type":"Feature","geometry":{"type":"Polygon","coordinates":[[[-0.366833848546523,51.4644980773905],[-0.367209392888763,51.4627509514733],[-0.371217185318435,51.4620575353012],[-0.371943413413225,51.4632434103866],[-0.369630490758447,51.4658665454306],[-0.366833848546523,51.4644980773905]]]},"properties":{"LSOA21CD":"E01034041","LSOA21NM":"Hounslow 018I"}},{"type":"Feature","geometry":{"type":"Polygon","coordinates":[[[-0.285721064087424,51.4927277949467],[-0.282102045974254,51.4914423984511],[-0.287115463098034,51.4893049511672],[-0.287550165870686,51.4889101947048],[-0.29331500107764,51.4884560047088],[-0.29567864888213,51.4896011028912],[-0.297546724193739,51.4902791351795],[-0.298994688712594,51.4915284927228],[-0.298139932831435,51.491538128941],[-0.293668425831834,51.4914260769738],[-0.295647216941213,51.4940656562139],[-0.289739344044261,51.4957643202072],[-0.285721064087424,51.4927277949467]]]},"properties":{"LSOA21CD":"E01034042","LSOA21NM":"Hounslow 030A"}},{"type":"Feature","geometry":{"type":"Polygon","coordinates":[[[-0.29331500107764,51.4884560047088],[-0.2961337655224,51.4867388422509],[-0.29567864888213,51.4896011028912],[-0.29331500107764,51.4884560047088]]]},"properties":{"LSOA21CD":"E01034043","LSOA21NM":"Hounslow 030B"}},{"type":"Feature","geometry":{"type":"Polygon","coordinates":[[[-0.287462838717738,51.4876811000504],[-0.289886242416026,51.4871718754152],[-0.292065540723665,51.4867119601558],[-0.294598778612334,51.4865475404641],[-0.29566244903851,51.4862092426794],[-0.2961337655224,51.4867388422509],[-0.29331500107764,51.4884560047088],[-0.287550165870686,51.4889101947048],[-0.287462838717738,51.4876811000504]]]},"properties":{"LSOA21CD":"E01034044","LSOA21NM":"Hounslow 030C"}},{"type":"Feature","geometry":{"type":"Polygon","coordinates":[[[-0.297546724193739,51.4902791351795],[-0.302284989677732,51.4895442000993],[-0.303081683824997,51.4900858978167],[-0.303898802915039,51.4913566872159],[-0.298994688712594,51.4915284927228],[-0.297546724193739,51.4902791351795]]]},"properties":{"LSOA21CD":"E01034045","LSOA21NM":"Hounslow 031A"}},{"type":"Feature","geometry":{"type":"Polygon","coordinates":[[[-0.29567864888213,51.4896011028912],[-0.2961337655224,51.4867388422509],[-0.29566244903851,51.4862092426794],[-0.296351292975651,51.4858073543705],[-0.297902657344472,51.4854798560005],[-0.299928065349989,51.4864829262959],[-0.302284989677732,51.4895442000993],[-0.297546724193739,51.4902791351795],[-0.29567864888213,51.4896011028912]]]},"properties":{"LSOA21CD":"E01034046","LSOA21NM":"Hounslow 031B"}},{"type":"Feature","geometry":{"type":"Polygon","coordinates":[[[-0.29623113287478,51.6107747621126],[-0.294293344258825,51.6082161365743],[-0.294393692476688,51.6069637205755],[-0.294179310272454,51.6062290536072],[-0.300190856625868,51.6061018447949],[-0.301150082171126,51.6072989037691],[-0.303481277452626,51.6108412981385],[-0.299462975893203,51.6131698786664],[-0.29623113287478,51.6107747621126]]]},"properties":{"LSOA21CD":"E01034589","LSOA21NM":"Harrow 002F"}},{"type":"Feature","geometry":{"type":"Polygon","coordinates":[[[-0.297676618559162,51.6029345115121],[-0.298732685519056,51.6041342120814],[-0.300190856625868,51.6061018447949],[-0.294179310272454,51.6062290536072],[-0.293327065993507,51.6036129433453],[-0.297676618559162,51.6029345115121]]]},"properties":{"LSOA21CD":"E01034590","LSOA21NM":"Harrow 002G"}},{"type":"Feature","geometry":{"type":"Polygon","coordinates":[[[-0.321851066649813,51.5942592648639],[-0.331262352650352,51.590792056711],[-0.333225134454672,51.5924380606258],[-0.33004767749346,51.5940475034385],[-0.321782823704351,51.5954383887826],[-0.321851066649813,51.5942592648639]]]},"properties":{"LSOA21CD":"E01034591","LSOA21NM":"Harrow 013F"}},{"type":"Feature","geometry":{"type":"Polygon","coordinates":[[[-0.331262352650352,51.590792056711],[-0.331774708806354,51.590744405647],[-0.332670816508169,51.5891087195747],[-0.339455426853621,51.5898466432887],[-0.333225134454672,51.5924380606258],[-0.331262352650352,51.590792056711]]]},"properties":{"LSOA21CD":"E01034592","LSOA21NM":"Harrow 013G"}},{"type":"Feature","geometry":{"type":"Polygon","coordinates":[[[-0.354422944220193,51.6015009273182],[-0.350022717510588,51.5946727790167],[-0.35167323696573,51.5924871917151],[-0.354012723542097,51.5914606131349],[-0.35812452985751,51.5958510246269],[-0.362402443291722,51.5994368593034],[-0.368823915239344,51.5981623299559],[-0.373036532213204,51.6009190767161],[-0.371569374522438,51.6038198721976],[-0.363328997024458,51.6061195627728],[-0.354422944220193,51.6015009273182]]]},"properties":{"LSOA21CD":"E01034593","LSOA21NM":"Harrow 015E"}},{"type":"Feature","geometry":{"type":"Polygon","coordinates":[[[-0.350860752193669,51.599847070003],[-0.349738422891542,51.5993178547697],[-0.346138916762085,51.5976219273105],[-0.348088516542513,51.5952970311282],[-0.350022717510588,51.5946727790167],[-0.354422944220193,51.6015009273182],[-0.350860752193669,51.599847070003]]]},"properties":{"LSOA21CD":"E01034594","LSOA21NM":"Harrow 015F"}},{"type":"Feature","geometry":{"type":"Polygon","coordinates":[[[-0.326082469154889,51.5825256285454],[-0.327255285614526,51.5812474575606],[-0.329722444795897,51.5812180931794],[-0.332464190943616,51.5822723321378],[-0.328310495452718,51.5863654609903],[-0.326082469154889,51.5825256285454]]]},"properties":{"LSOA21CD":"E01034595","LSOA21NM":"Harrow 023E"}},{"type":"Feature","geometry":{"type":"Polygon","coordinates":[[[-0.329722444795897,51.5812180931794],[-0.331958096868381,51.5799840208353],[-0.332915939691699,51.5795659793273],[-0.332464190943616,51.5822723321378],[-0.329722444795897,51.5812180931794]]]},"properties":{"LSOA21CD":"E01034596","LSOA21NM":"Harrow 023F"}},{"type":"Feature","geometry":{"type":"Polygon","coordinates":[[[-0.326680121234733,51.5786933650026],[-0.326563194004934,51.578235458871],[-0.332897200995581,51.5773000668131],[-0.331958096868381,51.5799840208353],[-0.329722444795897,51.5812180931794],[-0.327255285614526,51.5812474575606],[-0.326680121234733,51.5786933650026]]]},"properties":{"LSOA21CD":"E01034597","LSOA21NM":"Harrow 023G"}},{"type":"Feature","geometry":{"type":"Polygon","coordinates":[[[-0.332915939691699,51.5795659793273],[-0.331958096868381,51.5799840208353],[-0.332897200995581,51.5773000668131],[-0.335260223288695,51.5771701910223],[-0.337398949319873,51.5799128449354],[-0.334083031867063,51.5800142274041],[-0.332915939691699,51.5795659793273]]]},"properties":{"LSOA21CD":"E01034598","LSOA21NM":"Harrow 023H"}},{"type":"Feature","geometry":{"type":"Polygon","coordinates":[[[-0.358113061132065,51.5692910402768],[-0.356772582619497,51.5681556381103],[-0.354358409084524,51.5643003553132],[-0.355611433493069,51.5648594945276],[-0.361526584372134,51.5651082522191],[-0.361545926458455,51.5652929917255],[-0.361762188121922,51.5679690484082],[-0.358519063393894,51.5695914298833],[-0.358113061132065,51.5692910402768]]]},"properties":{"LSOA21CD":"E01034599","LSOA21NM":"Harrow 027E"}},{"type":"Feature","geometry":{"type":"Polygon","coordinates":[[[-0.352637510931642,51.5649563883867],[-0.354358409084524,51.5643003553132],[-0.356772582619497,51.5681556381103],[-0.353491293316569,51.5688264520218],[-0.349276034052631,51.5675932969411],[-0.352637510931642,51.5649563883867]]]},"properties":{"LSOA21CD":"E01034600","LSOA21NM":"Harrow 027F"}},{"type":"Feature","geometry":{"type":"Polygon","coordinates":[[[-0.462676206069693,51.549763411564],[-0.461729440068751,51.5483503097056],[-0.462149558597836,51.544128281779],[-0.469543916969633,51.5445589158674],[-0.471266997610415,51.5481110460932],[-0.470793613387748,51.5507259406845],[-0.462676206069693,51.549763411564]]]},"properties":{"LSOA21CD":"E01034601","LSOA21NM":"Hillingdon 015G"}},{"type":"Feature","geometry":{"type":"Polygon","coordinates":[[[-0.471266997610415,51.5481110460932],[-0.469543916969633,51.5445589158674],[-0.473195779647823,51.5435993966929],[-0.473221257273101,51.5434423186787],[-0.477052480618427,51.5450490902821],[-0.479494614177177,51.5463050503505],[-0.476148046620776,51.5488982839884],[-0.471266997610415,51.5481110460932]]]},"properties":{"LSOA21CD":"E01034602","LSOA21NM":"Hillingdon 015H"}},{"type":"Feature","geometry":{"type":"Polygon","coordinates":[[[-0.462149558597836,51.544128281779],[-0.455271648451551,51.5418439436695],[-0.462373307981808,51.5395283068017],[-0.466611146192716,51.5417150059588],[-0.466546711318931,51.539590723819],[-0.469150997507277,51.5386559479839],[-0.473195779647823,51.5435993966929],[-0.469543916969633,51.5445589158674],[-0.462149558597836,51.544128281779]]]},"properties":{"LSOA21CD":"E01034603","LSOA21NM":"Hillingdon 015I"}},{"type":"Feature","geometry":{"type":"Polygon","coordinates":[[[-0.473221257273101,51.5434423186787],[-0.476200616304871,51.5392001273104],[-0.47627941680275,51.5376266023779],[-0.48163955863661,51.5375154589032],[-0.481979955512792,51.5389526414177],[-0.479220037796038,51.5430967265386],[-0.477052480618427,51.5450490902821],[-0.473221257273101,51.5434423186787]]]},"properties":{"LSOA21CD":"E01034604","LSOA21NM":"Hillingdon 015J"}},{"type":"Feature","geometry":{"type":"Polygon","coordinates":[[[-0.466546711318931,51.539590723819],[-0.468131283250669,51.5356794214712],[-0.476200616304871,51.5392001273104],[-0.473221257273101,51.5434423186787],[-0.473195779647823,51.5435993966929],[-0.469150997507277,51.5386559479839],[-0.466546711318931,51.539590723819]]]},"properties":{"LSOA21CD":"E01034605","LSOA21NM":"Hillingdon 015K"}},{"type":"Feature","geometry":{"type":"Polygon","coordinates":[[[-0.476164217636893,51.5325491147547],[-0.478835309045191,51.5315536253402],[-0.48163955863661,51.5375154589032],[-0.47627941680275,51.5376266023779],[-0.476164217636893,51.5325491147547]]]},"properties":{"LSOA21CD":"E01034606","LSOA21NM":"Hillingdon 016G"}},{"type":"Feature","geometry":{"type":"Polygon","coordinates":[[[-0.48163955863661,51.5375154589032],[-0.478835309045191,51.5315536253402],[-0.484696639124955,51.5274370017093],[-0.48897547234571,51.5290998438066],[-0.489711608223075,51.5301252695373],[-0.490442250547269,51.5323537912174],[-0.491143764562827,51.5363771533535],[-0.483185823515675,51.5380729542766],[-0.481979955512792,51.5389526414177],[-0.48163955863661,51.5375154589032]]]},"properties":{"LSOA21CD":"E01034607","LSOA21NM":"Hillingdon 016H"}},{"type":"Feature","geometry":{"type":"Polygon","coordinates":[[[-0.475018837857164,51.5188427214931],[-0.47386528957123,51.5187888686152],[-0.473505814003982,51.5141082160481],[-0.474192764507565,51.5098867361834],[-0.485536191893231,51.5100282495179],[-0.489786639844582,51.5115268751066],[-0.491645158535548,51.5188605272242],[-0.482938045938801,51.5201589688821],[-0.478961542228037,51.5168032898878],[-0.475018837857164,51.5188427214931]]]},"properties":{"LSOA21CD":"E01034608","LSOA21NM":"Hillingdon 022G"}},{"type":"Feature","geometry":{"type":"Polygon","coordinates":[[[-0.469222496712915,51.5137383983235],[-0.468905948578,51.5095616025641],[-0.474192764507565,51.5098867361834],[-0.473505814003982,51.5141082160481],[-0.468997056581562,51.5161893929771],[-0.469222496712915,51.5137383983235]]]},"properties":{"LSOA21CD":"E01034609","LSOA21NM":"Hillingdon 022H"}},{"type":"Feature","geometry":{"type":"Polygon","coordinates":[[[-0.42206316689557,51.5229162219878],[-0.421401300986879,51.5227275354296],[-0.424085681472662,51.5204151108205],[-0.418526343527784,51.5173172644795],[-0.419826656021178,51.5131811152452],[-0.419972082150503,51.513076066216],[-0.425644038634105,51.5196151464402],[-0.424839994703739,51.5221405862383],[-0.424029157811969,51.5233779856188],[-0.42206316689557,51.5229162219878]]]},"properties":{"LSOA21CD":"E01034610","LSOA21NM":"Hillingdon 027G"}},{"type":"Feature","geometry":{"type":"Polygon","coordinates":[[[-0.419972082150503,51.513076066216],[-0.422678327015977,51.5131982385093],[-0.426454925970628,51.5159512456364],[-0.425644038634105,51.5196151464402],[-0.419972082150503,51.513076066216]]]},"properties":{"LSOA21CD":"E01034611","LSOA21NM":"Hillingdon 027H"}},{"type":"Feature","geometry":{"type":"Polygon","coordinates":[[[-0.418207516721065,51.5105050757281],[-0.419522501374974,51.508764027417],[-0.419075150372445,51.5052833681247],[-0.423274336363022,51.5038404299556],[-0.426744765004343,51.5059912958688],[-0.422678327015977,51.5131982385093],[-0.419972082150503,51.513076066216],[-0.419826656021178,51.5131811152452],[-0.418207516721065,51.5105050757281]]]},"properties":{"LSOA21CD":"E01034612","LSOA21NM":"Hillingdon 027I"}},{"type":"Feature","geometry":{"type":"Polygon","coordinates":[[[-0.426744765004343,51.5059912958688],[-0.423274336363022,51.5038404299556],[-0.422678400921725,51.5030632594977],[-0.42955375844534,51.5036813552305],[-0.429791553257623,51.5037069448786],[-0.43680478916183,51.5046295226521],[-0.442801082030802,51.5057268526426],[-0.450732462487945,51.5073215795426],[-0.450377066510248,51.5084134692715],[-0.446005727770658,51.5116128403842],[-0.443928319658115,51.5087205032904],[-0.435490801366014,51.5097862082231],[-0.434258832124844,51.5129350261542],[-0.426744765004343,51.5059912958688]]]},"properties":{"LSOA21CD":"E01034613","LSOA21NM":"Hillingdon 027J"}},{"type":"Feature","geometry":{"type":"Polygon","coordinates":[[[-0.463384734113456,51.5090672843284],[-0.459983384010067,51.5054590877174],[-0.465478932546563,51.5055335246523],[-0.464700462890702,51.5092113598763],[-0.463384734113456,51.5090672843284]]]},"properties":{"LSOA21CD":"E01034614","LSOA21NM":"Hillingdon 028F"}},{"type":"Feature","geometry":{"type":"Polygon","coordinates":[[[-0.450732462487945,51.5073215795426],[-0.442801082030802,51.5057268526426],[-0.45121014447501,51.5013162202229],[-0.455946803558717,51.5015526768001],[-0.454016491075572,51.5054156767352],[-0.459983384010067,51.5054590877174],[-0.463384734113456,51.5090672843284],[-0.450732462487945,51.5073215795426]]]},"properties":{"LSOA21CD":"E01034615","LSOA21NM":"Hillingdon 028G"}},{"type":"Feature","geometry":{"type":"Polygon","coordinates":[[[-0.418630720481007,51.5042034520644],[-0.419907091988721,51.5012142311067],[-0.422678400921725,51.5030632594977],[-0.423274336363022,51.5038404299556],[-0.419075150372445,51.5052833681247],[-0.418630720481007,51.5042034520644]]]},"properties":{"LSOA21CD":"E01034616","LSOA21NM":"Hillingdon 030F"}},{"type":"Feature","geometry":{"type":"Polygon","coordinates":[[[-0.412443859965687,51.5015129809779],[-0.409265567335545,51.5003167712645],[-0.410640210653468,51.4981999968227],[-0.416882622808425,51.4987526497194],[-0.417859620593428,51.4991017322934],[-0.42955375844534,51.5036813552305],[-0.422678400921725,51.5030632594977],[-0.419907091988721,51.5012142311067],[-0.418630720481007,51.5042034520644],[-0.412443859965687,51.5015129809779]]]},"properties":{"LSOA21CD":"E01034617","LSOA21NM":"Hillingdon 030G"}},{"type":"Feature","geometry":{"type":"Polygon","coordinates":[[[-0.226595923247546,51.5247958620863],[-0.227505416694819,51.5216087278705],[-0.226613596793074,51.5195507526895],[-0.224680770690791,51.5179245994494],[-0.222589458513913,51.5155203232757],[-0.22960303453637,51.5164129130464],[-0.225201511248572,51.5129079169498],[-0.227736495860688,51.5113405342202],[-0.228312027036575,51.5117507460885],[-0.230668830873604,51.5147947641703],[-0.234251795133435,51.520877702471],[-0.242270998563584,51.5245241375815],[-0.227182855285864,51.5248529730031],[-0.226595923247546,51.5247958620863]]]},"properties":{"LSOA21CD":"E01035484","LSOA21NM":"Hammersmith and Fulham 001F"}},{"type":"Feature","geometry":{"type":"Polygon","coordinates":[[[-0.222589458513913,51.5155203232757],[-0.2202454824911,51.5117301129025],[-0.224574641420666,51.5094910845287],[-0.22467483443973,51.5113233809784],[-0.227736495860688,51.5113405342202],[-0.225201511248572,51.5129079169498],[-0.22960303453637,51.5164129130464],[-0.222589458513913,51.5155203232757]]]},"properties":{"LSOA21CD":"E01035485","LSOA21NM":"Hammersmith and Fulham 001G"}},{"type":"Feature","geometry":{"type":"Polygon","coordinates":[[[-0.184582830265871,51.4780465687326],[-0.182356966451237,51.4778856028845],[-0.183856622798358,51.477419551406],[-0.179399746723382,51.4775950538608],[-0.181324538139888,51.4738185933428],[-0.183681098231408,51.4736796251143],[-0.185983363185804,51.4747345288544],[-0.189170058925745,51.4773791780349],[-0.186787964320729,51.4782775224448],[-0.185353403362598,51.4786047413782],[-0.184582830265871,51.4780465687326]]]},"properties":{"LSOA21CD":"E01035486","LSOA21NM":"Hammersmith and Fulham 023G"}},{"type":"Feature","geometry":{"type":"Polygon","coordinates":[[[-0.183681098231408,51.4736796251143],[-0.184035715509289,51.4727975726405],[-0.184623791855708,51.4718427950238],[-0.184782628556592,51.471590852602],[-0.19145334826167,51.4737008205888],[-0.18998353323813,51.474701630829],[-0.185983363185804,51.4747345288544],[-0.183681098231408,51.4736796251143]]]},"properties":{"LSOA21CD":"E01035487","LSOA21NM":"Hammersmith and Fulham 023H"}},{"type":"Feature","geometry":{"type":"Polygon","coordinates":[[[-0.173878019255657,51.4971113881298],[-0.17620558118633,51.4938260490146],[-0.171657830879582,51.4924640618099],[-0.171737242468973,51.4918292028686],[-0.173739087356305,51.4906365177993],[-0.175638561403764,51.4893772362052],[-0.17919459828345,51.490167673512],[-0.180078913694768,51.4912803827576],[-0.179038837379613,51.4953447874776],[-0.179546649511647,51.4977798173571],[-0.174093731032741,51.4981814046768],[-0.173878019255657,51.4971113881298]]]},"properties":{"LSOA21CD":"E01035713","LSOA21NM":"Kensington and Chelsea 016F"}},{"type":"Feature","geometry":{"type":"Polygon","coordinates":[[[-0.175638561403764,51.4893772362052],[-0.178112263134134,51.4877436110307],[-0.179559099881755,51.4868205179542],[-0.182665223990223,51.4850132268381],[-0.183434090654961,51.4881199890251],[-0.182090895056906,51.4896473339862],[-0.17919459828345,51.490167673512],[-0.175638561403764,51.4893772362052]]]},"properties":{"LSOA21CD":"E01035714","LSOA21NM":"Kensington and Chelsea 020F"}},{"type":"Feature","geometry":{"type":"Polygon","coordinates":[[[-0.184261736133273,51.524798838988],[-0.184123488576013,51.5237930755753],[-0.185632354877029,51.521788541892],[-0.187401867327606,51.5223710429625],[-0.189045736868021,51.5243268985753],[-0.19029649735813,51.5249221781481],[-0.189735860667283,51.5252292595545],[-0.185730816291228,51.5267031961557],[-0.184261736133273,51.524798838988]]]},"properties":{"LSOA21CD":"E01035715","LSOA21NM":"Westminster 007H"}},{"type":"Feature","geometry":{"type":"Polygon","coordinates":[[[-0.133896382596414,51.5107949467799],[-0.139354447233374,51.5082981835086],[-0.14832224746028,51.5126817421153],[-0.150706436766399,51.5142222143327],[-0.146923708266462,51.5146433381652],[-0.137225820022704,51.5165387266987],[-0.132230101679398,51.5132359483611],[-0.133896382596414,51.5107949467799]]]},"properties":{"LSOA21CD":"E01035716","LSOA21NM":"Westminster 013G"}},{"type":"Feature","geometry":{"type":"Polygon","coordinates":[[[-0.192487384841044,51.5181728845442],[-0.194009266856946,51.515428235451],[-0.19701641069991,51.5172589500029],[-0.197884170987586,51.5187306538173],[-0.197851694501048,51.5187523828871],[-0.191363431072563,51.5197160066936],[-0.192487384841044,51.5181728845442]]]},"properties":{"LSOA21CD":"E01035717","LSOA21NM":"Westminster 014H"}},{"type":"Feature","geometry":{"type":"Polygon","coordinates":[[[-0.150927815640859,51.5053857834093],[-0.152636868828231,51.5038202035774],[-0.159939759109089,51.505268321916],[-0.158466635589021,51.5022488256069],[-0.162918008698546,51.5000845506895],[-0.174093731032741,51.4981814046768],[-0.179546649511647,51.4977798173571],[-0.179764316056905,51.4988652574762],[-0.184237325199392,51.5017942277849],[-0.186274270655267,51.5064354977198],[-0.187018054815931,51.5081358631005],[-0.187910510284774,51.5101804565644],[-0.184878368923549,51.5104340432729],[-0.182776194168978,51.5105515766689],[-0.17603144556469,51.5115716756657],[-0.174552912807714,51.5117717063044],[-0.168102150618858,51.5124004538465],[-0.160167879651415,51.513186928054],[-0.158370351442487,51.5134134998148],[-0.150927815640859,51.5053857834093]],[[-0.166136389276455,51.5004796946136],[-0.168556290623548,51.5018400451484],[-0.177777473951575,51.4998209161466],[-0.166136389276455,51.5004796946136]]]},"properties":{"LSOA21CD":"E01035718","LSOA21NM":"Westminster 019G"}},{"type":"Feature","geometry":{"type":"Polygon","coordinates":[[[-0.12467399455732,51.494678367575],[-0.124856944842419,51.4943665137409],[-0.126587381517445,51.4914165702357],[-0.130434948068656,51.492251091612],[-0.129498506361632,51.4932407112012],[-0.126889093554101,51.4948503463234],[-0.12467399455732,51.494678367575]]]},"properties":{"LSOA21CD":"E01035719","LSOA21NM":"Westminster 021F"}},{"type":"Feature","geometry":{"type":"Polygon","coordinates":[[[-0.130434948068656,51.492251091612],[-0.126587381517445,51.4914165702357],[-0.128448979305982,51.4882424915204],[-0.131065089374109,51.4893781941446],[-0.131402171886374,51.4924409205077],[-0.130434948068656,51.492251091612]]]},"properties":{"LSOA21CD":"E01035720","LSOA21NM":"Westminster 021G"}},{"type":"Feature","geometry":{"type":"Polygon","coordinates":[[[-0.148413107080897,51.4901202626372],[-0.150100249266263,51.4878909016905],[-0.151718217842422,51.4870680314471],[-0.154977389164141,51.4890854591629],[-0.155674155019248,51.491051355002],[-0.15030454041289,51.4933267154075],[-0.148413107080897,51.4901202626372]]]},"properties":{"LSOA21CD":"E01035721","LSOA21NM":"Westminster 023H"}},{"type":"Feature","geometry":{"type":"MultiPolygon","coordinates":[[[[-0.137042081958669,51.4839314366225],[-0.138087724583437,51.4838380871149],[-0.138103854291605,51.4840987905431],[-0.136144303705793,51.4842914934375],[-0.135391083016768,51.484365555775],[-0.137042081958669,51.4839314366225]]],[[[-0.131176872281695,51.4872794046811],[-0.138143177955681,51.4848195832748],[-0.138290405421178,51.4877056383537],[-0.136222237910294,51.4885227554678],[-0.133999706915667,51.4879916487852],[-0.131176872281695,51.4872794046811]]]]},"properties":{"LSOA21CD":"E01035722","LSOA21NM":"Westminster 024G"}}]}